date,stocks,cashflow_quality_score_neutral_coverage,cashflow_quality_score_neutral_count,cf_yield_neutral_coverage,cf_yield_neutral_count,reversal_20d_neutral_coverage,reversal_20d_neutral_count,volatility_20d_neutral_coverage,volatility_20d_neutral_count,composite_alpha_coverage,composite_alpha_count,composite_alpha_ic_weighted_coverage,composite_alpha_ic_weighted_count,main_moneyflow_score_coverage,main_moneyflow_score_count
2020-01-23,68,0.0,0,0.0,0,0.0,0,1.0,68,0.0,0,0.0,0,0.0,0
2020-02-28,68,0.0,0,0.0,0,1.0,68,1.0,68,0.0,0,0.0,0,0.0,0
2020-03-31,68,0.0,0,0.0,0,1.0,68,1.0,68,0.0,0,0.0,0,0.0,0
2020-04-30,68,0.0,0,0.0,0,1.0,68,1.0,68,0.0,0,0.0,0,0.0,0
2020-05-29,68,0.0,0,0.0,0,1.0,68,1.0,68,0.0,0,0.0,0,0.0,0
2020-06-30,68,0.0,0,0.0,0,1.0,68,1.0,68,0.0,0,0.0,0,0.0,0
2020-07-31,68,0.0,0,0.0,0,1.0,68,1.0,68,0.0,0,0.0,0,0.0,0
2020-08-31,68,0.0,0,0.0,0,1.0,68,1.0,68,0.0,0,0.0,0,0.0,0
2020-09-30,68,0.0,0,0.0,0,1.0,68,1.0,68,0.0,0,0.0,0,0.0,0
2020-10-30,68,0.0,0,0.0,0,1.0,68,1.0,68,0.0,0,0.0,0,0.0,0
2020-11-30,68,0.0,0,0.0,0,1.0,68,1.0,68,0.0,0,0.0,0,0.0,0
2020-12-31,68,0.0,0,0.0,0,1.0,68,1.0,68,0.0,0,0.0,0,0.0,0
2021-01-29,68,0.0,0,0.0,0,1.0,68,1.0,68,0.0,0,0.0,0,0.0,0
2021-02-26,68,0.0,0,0.0,0,1.0,68,1.0,68,0.0,0,0.0,0,0.0,0
2021-03-31,3864,0.28726708074534163,1110,0.28726708074534163,1110,0.017598343685300208,68,0.017598343685300208,68,0.004140786749482402,16,0.004140786749482402,16,0.0,0
2021-04-30,3920,0.9997448979591836,3919,0.9997448979591836,3919,0.9854591836734694,3863,0.9928571428571429,3892,0.9854591836734694,3863,0.9854591836734694,3863,0.0,0
2021-05-31,3960,0.9997474747474747,3959,0.9997474747474747,3959,0.9883838383838384,3914,0.9946969696969697,3939,0.9881313131313131,3913,0.9881313131313131,3913,0.0,0
2021-06-30,4009,0.9995011224744326,4007,0.9995011224744326,4007,0.9882763781491644,3962,0.9935145921676228,3983,0.9880269393863806,3961,0.9880269393863806,3961,0.0,0
2021-07-30,4057,0.9990140497904856,4053,0.9990140497904856,4053,0.9886615725905842,4011,0.9940842987429135,4033,0.988168597485827,4009,0.988168597485827,4009,0.0,0
2021-08-31,4098,1.0,4098,1.0,4098,0.9907271839921913,4060,0.9965836993655441,4084,0.9907271839921913,4060,0.9907271839921913,4060,0.0,0
2021-09-30,4136,1.0,4136,1.0,4136,0.9905705996131529,4097,0.9954061895551257,4117,0.9905705996131529,4097,0.9905705996131529,4097,0.0,0
2021-10-29,4168,0.9997600767754319,4167,0.9997600767754319,4167,0.9904030710172744,4128,0.9935220729366603,4141,0.9904030710172744,4128,0.9904030710172744,4128,0.0,0
2021-11-30,4201,0.9997619614377529,4200,0.9997619614377529,4200,0.9928588431325874,4171,0.9964294215662938,4186,0.9926208045703404,4170,0.9926208045703404,4170,0.0,0
2021-12-31,4246,0.9995289684408856,4244,0.9995289684408856,4244,0.9901083372585964,4204,0.9948186528497409,4224,0.9898728214790391,4203,0.9898728214790391,4203,0.0,0
2022-01-28,4274,0.9995320542817033,4272,0.9995320542817033,4272,0.9932147870846981,4245,0.9957884885353299,4256,0.9929808142255498,4244,0.9929808142255498,4244,0.0,0
2022-02-28,4290,0.9995337995337995,4288,0.9995337995337995,4288,0.9941724941724942,4265,0.996969696969697,4277,0.9937062937062937,4263,0.9937062937062937,4263,0.0,0
2022-03-31,4323,0.9995373583159842,4321,0.9995373583159842,4321,0.9923664122137404,4290,0.9956049040018505,4304,0.9919037705297248,4288,0.9919037705297248,4288,0.0,0
2022-04-29,4358,1.0,4358,1.0,4358,0.9917393299678752,4322,0.9944928866452502,4334,0.9917393299678752,4322,0.9917393299678752,4322,0.0,0
2022-05-31,4371,1.0,4371,1.0,4371,0.9961107298101121,4354,0.9979409746053535,4362,0.9961107298101121,4354,0.9961107298101121,4354,0.0,0
2022-06-30,4394,1.0,4394,1.0,4394,0.9947655894401457,4371,0.9968138370505234,4380,0.9947655894401457,4371,0.9947655894401457,4371,0.0,0
2022-07-29,4420,1.0,4420,1.0,4420,0.9945701357466064,4396,0.997737556561086,4410,0.9945701357466064,4396,0.9945701357466064,4396,0.0,0
2022-08-31,4468,1.0,4468,1.0,4468,0.9899283795881826,4423,0.9946284691136974,4444,0.9899283795881826,4423,0.9899283795881826,4423,0.0,0
2022-09-30,4509,1.0,4509,1.0,4509,0.9909070747394101,4468,0.9944555333776891,4484,0.9909070747394101,4468,0.9909070747394101,4468,0.0,0
2022-10-31,4533,1.0,4533,1.0,4533,0.9924994484888595,4499,0.9962497242444297,4516,0.9924994484888595,4499,0.9924994484888595,4499,0.0,0
2022-11-30,4557,1.0,4557,1.0,4557,0.9953917050691244,4536,0.9980250164581962,4548,0.9953917050691244,4536,0.9953917050691244,4536,0.0,0
2022-12-30,4585,1.0,4585,1.0,4585,0.9943293347873501,4559,0.9969465648854962,4571,0.9943293347873501,4559,0.9943293347873501,4559,0.0,0
2023-01-31,4591,1.0,4591,1.0,4591,0.9969505554345458,4577,0.9989109126551949,4586,0.9969505554345458,4577,0.9969505554345458,4577,0.0,0
2023-02-28,4606,0.9997828918801563,4605,0.9997828918801563,4605,0.996526270082501,4590,0.9980460269214069,4597,0.996526270082501,4590,0.996526270082501,4590,0.0,0
2023-03-31,4631,0.9997840639170805,4630,0.9997840639170805,4630,0.9954653422586914,4610,0.9978406391708055,4621,0.995249406175772,4609,0.995249406175772,4609,0.0,0
2023-04-28,4659,1.0,4659,1.0,4659,0.9937754883022107,4630,0.9974243399871217,4647,0.9937754883022107,4630,0.9937754883022107,4630,0.0,0
2023-05-31,4683,1.0,4683,1.0,4683,0.9948750800768738,4659,0.9970104633781763,4669,0.9948750800768738,4659,0.9948750800768738,4659,0.0,0
2023-06-30,4716,0.9997879558948262,4715,0.9997879558948262,4715,0.9930025445292621,4683,0.9957591178965225,4696,0.9930025445292621,4683,0.9930025445292621,4683,0.0,0
2023-07-31,4746,0.9997892962494732,4745,0.9997892962494732,4745,0.993889591234724,4717,0.9968394437420987,4731,0.9936788874841972,4716,0.9936788874841972,4716,0.0,0
2023-08-31,4774,1.0,4774,1.0,4774,0.9949727691663176,4750,0.9979053204859657,4764,0.9949727691663176,4750,0.9949727691663176,4750,0.0,0
2023-09-28,4789,1.0,4789,1.0,4789,0.9968678220922949,4774,0.9983295051158906,4781,0.9968678220922949,4774,0.9968678220922949,4774,0.0,0
2023-10-31,4798,1.0,4798,1.0,4798,0.9977073780741976,4787,0.9989578991246353,4793,0.9977073780741976,4787,0.9977073780741976,4787,0.0,0
2023-11-30,4807,1.0,4807,1.0,4807,0.9983357603494903,4799,0.9993759101310589,4804,0.9983357603494903,4799,0.9983357603494903,4799,0.0,0
2023-12-29,4822,1.0,4822,1.0,4822,0.997096640398175,4808,0.9983409373703858,4814,0.997096640398175,4808,0.997096640398175,4808,0.0,0
2024-01-31,4832,1.0,4832,1.0,4832,0.9981374172185431,4823,0.9989652317880795,4827,0.9981374172185431,4823,0.9981374172185431,4823,0.0,0
2024-02-29,4837,1.0,4837,1.0,4837,0.9987595617118048,4831,0.9993797808559024,4834,0.9987595617118048,4831,0.9987595617118048,4831,0.0,0
2024-03-29,4843,1.0,4843,1.0,4843,0.9987610984926698,4837,0.9991740656617799,4839,0.9987610984926698,4837,0.9987610984926698,4837,0.0,0
2024-04-30,4847,1.0,4847,1.0,4847,0.9991747472663504,4843,1.0,4847,0.9991747472663504,4843,0.9991747472663504,4843,0.0,0
2024-05-31,4849,1.0,4849,1.0,4849,0.9995875438234687,4847,1.0,4849,0.9995875438234687,4847,0.9995875438234687,4847,0.0,0
2024-06-28,4855,1.0,4855,1.0,4855,0.9987641606591143,4849,0.9993820803295571,4852,0.9987641606591143,4849,0.9987641606591143,4849,0.0,0
2024-07-31,4861,1.0,4861,1.0,4861,0.9989714050606872,4856,0.9993828430364122,4858,0.9989714050606872,4856,0.9989714050606872,4856,0.0,0
2024-08-30,4869,1.0,4869,1.0,4869,0.9985623331279524,4862,0.9991784760731156,4865,0.9985623331279524,4862,0.9985623331279524,4862,0.0,0
2024-09-30,4877,1.0,4877,1.0,4877,0.9983596473241747,4869,0.9991798236620874,4873,0.9983596473241747,4869,0.9983596473241747,4869,0.0,0
2024-10-31,4885,1.0,4885,1.0,4885,0.998157625383828,4876,0.9989764585465711,4880,0.998157625383828,4876,0.998157625383828,4876,0.0,0
2024-11-29,4891,1.0,4891,1.0,4891,0.998773257002658,4885,0.9991821713351053,4887,0.998773257002658,4885,0.998773257002658,4885,0.0,0
2024-12-31,4899,1.0,4899,1.0,4899,0.9983670136762605,4891,0.9991835068381302,4895,0.9983670136762605,4891,0.9983670136762605,4891,0.0,0
2025-01-27,4910,0.99979633401222,4909,0.99979633401222,4909,0.9975560081466395,4898,0.9985743380855397,4903,0.9975560081466395,4898,0.9975560081466395,4898,0.0,0
2025-02-28,4910,0.99979633401222,4909,0.99979633401222,4909,0.9995926680244399,4908,1.0,4910,0.9993890020366599,4907,0.9993890020366599,4907,0.0,0
2025-03-31,4927,0.9997970367363507,4926,0.9997970367363507,4926,0.9967525877816116,4911,0.9975644408362087,4915,0.9965496245179623,4910,0.9965496245179623,4910,0.0,0
2025-04-30,4937,1.0,4937,1.0,4937,0.9979744784281953,4927,0.9991897913712781,4933,0.9979744784281953,4927,0.9979744784281953,4927,0.0,0
2025-05-30,4942,1.0,4942,1.0,4942,0.9989882638607851,4937,0.999392958316471,4939,0.9989882638607851,4937,0.9989882638607851,4937,0.0,0
2025-06-30,4948,1.0,4948,1.0,4948,0.9987873888439773,4942,0.9995957962813258,4946,0.9987873888439773,4942,0.9987873888439773,4942,0.0,0
2025-07-31,4955,1.0,4955,1.0,4955,0.9987891019172553,4949,0.9993945509586276,4952,0.9987891019172553,4949,0.9987891019172553,4949,0.0,0
2025-08-29,4958,1.0,4958,1.0,4958,0.9993949173053651,4955,1.0,4958,0.9993949173053651,4955,0.9993949173053651,4955,0.0,0
2025-09-30,4966,1.0,4966,1.0,4966,0.9983890455094644,4958,0.9987917841320982,4960,0.9983890455094644,4958,0.9983890455094644,4958,0.0,0
2025-10-31,4972,1.0,4972,1.0,4972,0.9981898632341111,4963,0.9989943684633951,4967,0.9981898632341111,4963,0.9981898632341111,4963,0.0,0
2025-11-28,4978,1.0,4978,1.0,4978,0.9987946966653274,4972,0.9993973483326637,4975,0.9987946966653274,4972,0.9987946966653274,4972,0.0,0
2025-12-31,4981,1.0,4981,1.0,4981,0.9995984742019675,4979,1.0,4981,0.9995984742019675,4979,0.9995984742019675,4979,0.0,0
2026-01-30,4981,1.0,4981,1.0,4981,1.0,4981,1.0,4981,1.0,4981,1.0,4981,0.0,0
2026-02-27,4981,1.0,4981,1.0,4981,1.0,4981,1.0,4981,1.0,4981,1.0,4981,0.0,0
2026-03-31,4981,1.0,4981,1.0,4981,1.0,4981,1.0,4981,1.0,4981,1.0,4981,0.0,0
2026-04-30,4979,1.0,4979,1.0,4979,1.0,4979,1.0,4979,1.0,4979,1.0,4979,0.0,0
