date,cashflow_quality_score_neutral_ic,cashflow_quality_score_neutral_rank_ic,cashflow_quality_score_neutral_n,cf_yield_neutral_ic,cf_yield_neutral_rank_ic,cf_yield_neutral_n,reversal_20d_neutral_ic,reversal_20d_neutral_rank_ic,reversal_20d_neutral_n,volatility_20d_neutral_ic,volatility_20d_neutral_rank_ic,volatility_20d_neutral_n,composite_alpha_ic,composite_alpha_rank_ic,composite_alpha_n,composite_alpha_ic_weighted_ic,composite_alpha_ic_weighted_rank_ic,composite_alpha_ic_weighted_n,main_moneyflow_score_ic,main_moneyflow_score_rank_ic,main_moneyflow_score_n
2020-01-23,,,0,,,0,,,0,0.1067853620954067,0.19380081688742984,68,,,0,,,0,,,0
2020-02-28,,,0,,,0,0.016093498238662258,0.05798373859602245,68,-0.21956566953102075,-0.19261747528342937,68,,,0,,,0,,,0
2020-03-31,,,0,,,0,0.28294073511895607,0.33568729243806544,68,-0.17100401987531988,-0.17788296369813336,68,,,0,,,0,,,0
2020-04-30,,,0,,,0,-0.12662645932803118,-0.23601939153338164,68,-0.09597536392158514,-0.08714738328816275,68,,,0,,,0,,,0
2020-05-29,,,0,,,0,-0.22261746839915117,-0.1752109020116807,68,0.25852930644861716,0.26735885788449054,68,,,0,,,0,,,0
2020-06-30,,,0,,,0,0.18639702391285057,0.20719929762949957,68,-0.12439142584405656,-0.15654464251631864,68,,,0,,,0,,,0
2020-07-31,,,0,,,0,0.217814223109508,0.26270183608810166,68,-0.20095217447248562,-0.24701301675764395,68,,,0,,,0,,,0
2020-08-31,,,0,,,0,0.03349179453989273,0.054471886093827526,68,-0.016741506929783056,-0.14085582318586096,68,,,0,,,0,,,0
2020-09-30,,,0,,,0,-0.13887044265985296,-0.21704775355956787,68,0.06945980557502676,0.19364812764820397,68,,,0,,,0,,,0
2020-10-30,,,0,,,0,0.3163698618468202,0.2897278314310799,68,-0.19215519436415363,-0.23869145321983432,68,,,0,,,0,,,0
2020-11-30,,,0,,,0,0.009267262854852834,0.04527235943046913,68,-0.08589913540845208,-0.11031797534068784,68,,,0,,,0,,,0
2020-12-31,,,0,,,0,-0.09211766316940212,-0.1336412566324388,68,-0.09976186360992473,-0.16116349200290106,68,,,0,,,0,,,0
2021-01-29,,,0,,,0,0.031080223693003825,-0.018208191777684464,68,-0.08685480606756747,-0.05076917204260029,68,,,0,,,0,,,0
2021-02-26,,,0,,,0,-0.15303192972966342,-0.2615566667939077,68,-0.14895401130232924,-0.051952513646600744,68,,,0,,,0,,,0
2021-03-31,-0.028509930711993405,-0.05867013741860653,1110,-0.06250528201910904,-0.11392043725795714,1110,0.1413597226656541,0.13387029049127763,68,-0.30575869559230806,-0.29930908119250293,68,0.07853832365570276,0.032352941176470584,16,0.21047251460328187,0.21470588235294116,16,,,0
2021-04-30,-0.0250569701048732,-0.002156932356945793,3919,-0.04454402457755896,-0.03521749583465026,3919,-0.048393775907917484,-0.02144170540272746,3863,0.13615962635320833,0.1341057886626416,3892,-0.11747968666876198,-0.09235601133963814,3863,-0.13525466592635949,-0.12038830460958834,3863,,,0
2021-05-31,-0.014354993555456604,0.0009837385326846016,3959,-0.03515548425518477,-0.01614566159861697,3959,-0.034212802160879,-0.015459357189404412,3914,0.03070316897868047,-0.017168305351430838,3939,-0.05483833642512206,-0.003995890785383247,3913,-0.049447054728178806,-0.004781342724481998,3913,,,0
2021-06-30,-0.040887403485111495,-0.02514351237423806,4007,-0.025489190521158663,-0.007226609984085915,4007,-0.1571508339720178,-0.1414605309166813,3962,0.042233178712052594,-0.024909555132222146,3983,-0.11342427116808222,-0.054505732291666664,3961,-0.10029815050824939,-0.031389534394932694,3961,,,0
2021-07-30,-0.012845401462057844,0.005844032477020788,4053,0.03579421555200309,0.06368023427044137,4053,-0.08955816874878654,-0.10560671121014685,4011,-0.006692016623521184,-0.05434411881685918,4033,-0.022314426506273004,0.005189584681440765,4009,-0.01983215431731459,0.01392249617609457,4009,,,0
2021-08-31,0.055913305418370175,0.08235283183320308,4098,0.06478308032624203,0.1033771565791028,4098,0.14424486330644193,0.19141446508534765,4060,-0.23107480428595228,-0.33762216115078036,4084,0.21868134173246048,0.3048941739930076,4060,0.23832161322091358,0.3450825853788296,4060,,,0
2021-09-30,-0.047608608513524234,-0.0751911381633881,4136,-0.05611998987445404,-0.10862907211388889,4136,0.10264716220364464,0.18265686968474898,4097,0.009689228504441389,-0.08547820702494152,4117,0.021750679113222197,0.08553617721344495,4097,0.021434708857462705,0.11791862442491369,4097,,,0
2021-10-29,-0.0712343896357758,-0.054651331458915146,4167,-0.09363574956031599,-0.08595228450449477,4167,0.012084265630447885,0.028049872365721554,4128,0.030643824723454918,0.06776166762401369,4141,-0.0526166390015063,-0.045881651318581136,4128,-0.03395431601532426,-0.05736335365755663,4128,,,0
2021-11-30,0.08011937031347208,0.10968323980648552,4200,0.11880659046226046,0.17171759313047344,4200,0.17945130662541856,0.29900452640742775,4171,-0.24703521737165682,-0.39249279103959794,4186,0.2538354761855795,0.3813801646251602,4170,0.2614916512497462,0.41824759903030073,4170,,,0
2021-12-31,0.0531173687400996,0.08938827915252667,4244,0.10793709436457817,0.16124243958338685,4244,0.025106254277211706,-0.02972923985688866,4204,-0.2348199646977039,-0.34934052961638196,4224,0.188736434052106,0.25653456643148526,4203,0.21318725060025084,0.3127120232743591,4203,,,0
2022-01-28,0.06087319020117578,0.071398682630652,4272,0.09887366486093702,0.11029400408944147,4272,-0.034349304865632764,-0.04744990526758831,4245,0.012254744353870119,-0.055665573310364494,4256,0.03008546496460214,0.0705394757257651,4244,-0.00025445091725991487,0.05895608922877222,4244,,,0
2022-02-28,0.06736980032718695,0.08149510468844166,4288,0.11078734637304885,0.12439070661533941,4288,-0.06365095389222708,-0.09192177462553382,4265,0.032480769462824265,-0.06795261469263716,4277,0.006486762561082025,0.04385417767457295,4263,-0.027029083832663676,0.04297818412581005,4263,,,0
2022-03-31,0.0006979319932751992,0.0038261898691811223,4321,0.03905495779125202,0.04342919056448726,4321,0.040520697067465784,0.02560698137965264,4290,-0.19233514402425414,-0.21062356983681557,4304,0.13989867592376398,0.14895113592497342,4288,0.17153325930604066,0.18079799912855937,4288,,,0
2022-04-29,-0.04716641702899903,-0.03192950325826694,4358,-0.05502961007112192,-0.04290604781667262,4358,0.1503951714773759,0.18463463165718894,4322,0.03179537227356129,0.06785257098250037,4334,0.03309618002011922,0.03743507316264269,4322,0.01955879791432082,0.002265866852605136,4322,,,0
2022-05-31,-0.07648045861990972,-0.07421532808170439,4371,-0.1011564822427579,-0.12379021779652558,4371,-0.04790860238565913,-0.06131553147211824,4354,-0.039733101110652154,-0.03354743212982406,4362,-0.055483127524642475,-0.061493498777357956,4354,-0.010401308581261082,-0.01754814877447442,4354,,,0
2022-06-30,-0.01793286105999403,-0.009590227532217015,4394,-0.027591826078462618,-0.013940513741282932,4394,-0.09740194650246464,-0.03890169276131366,4371,0.14058374564397833,0.07109685637773323,4380,-0.12155317145200828,-0.056416417745491845,4371,-0.13824456240428395,-0.06368638581780846,4371,,,0
2022-07-29,0.04255124829491924,0.04419891421210701,4420,0.05284348153310135,0.06735537558006041,4420,0.08132775955865326,0.12393252498148297,4396,-0.11370665327820197,-0.20671408750554954,4410,0.11583548696231578,0.18317901246850746,4396,0.11938800855403048,0.20258100324539757,4396,,,0
2022-08-31,0.0287355988582726,0.016278942886133754,4468,0.03200200291287993,0.016269097467624682,4468,0.006054339548315145,0.002469988369966298,4423,0.01281493709955906,-0.08761449629818836,4444,0.013955154747991534,0.059373481161314405,4423,-0.001187110698053851,0.0823004305485878,4423,,,0
2022-09-30,0.004830344954789371,-0.001340969672523023,4509,-0.03548747266883742,-0.04678131974462315,4509,0.09394439504810569,0.15597531636601183,4468,0.07532756740107228,0.10105502593307782,4484,-0.008071956659881929,-0.006643011152154387,4468,-0.031025859006443304,-0.043184403679505955,4468,,,0
2022-10-31,-0.010861426749408659,0.010130285050423135,4533,0.03171400300753541,0.07748903900110266,4533,0.23415104690847793,0.3533506011746586,4499,-0.1335446189349392,-0.21974421949477765,4516,0.20609378451829702,0.31644598704208043,4499,0.20119566304451988,0.32131991889037925,4499,,,0
2022-11-30,0.007866228075410256,0.014880688325546036,4557,0.005503745554259088,0.013797985882795176,4557,0.029339663310318793,0.018222930108338854,4536,-0.08811207551774464,-0.16387311422065792,4548,0.06296615524400768,0.09980133186948517,4536,0.0799052729195948,0.13554003106332652,4536,,,0
2022-12-30,0.0007553733898599587,0.0027129947374164094,4585,-0.006435066136825408,-0.015365154094771218,4585,0.27768197219402546,0.3274440485226583,4559,-0.10756050630152598,-0.09112069505313346,4571,0.19417202988948304,0.2070234589239165,4559,0.18610880814312175,0.19057848632247446,4559,,,0
2023-01-31,0.040310622882841506,0.05987928522570473,4591,0.061123249231269404,0.09398211422432552,4591,0.03268734329648266,0.04273752698962549,4577,-0.08529161004898077,-0.1626948581732357,4586,0.09030587916237567,0.16357760686753428,4577,0.09048227196852478,0.16728161247780832,4577,,,0
2023-02-28,0.059998280417979735,0.0875443814432768,4605,0.05959720389709225,0.09372433704413756,4605,-0.12312112736096285,-0.1045519641659203,4590,0.11015730554301398,-0.02383849573875828,4597,-0.08874139984227926,-0.0030966151031007125,4590,-0.11663220666926022,-0.0064185114587378194,4590,,,0
2023-03-31,0.05923342334575973,0.0648249181172121,4630,0.09490405225451849,0.1102108247221737,4630,-0.10816306764953484,-0.0037118291167003454,4610,-0.008314842215793148,-0.14498107006522795,4621,-0.00357765594628819,0.11321828680321862,4609,-0.013549439607411068,0.13157679824732668,4609,,,0
2023-04-28,0.025050947476151213,0.051512762252060994,4659,0.010044593257126403,0.04230245097692559,4659,0.02624952836622966,0.029161495751185765,4630,0.09557711767130868,0.050334851532247565,4647,-0.03243730558457881,0.0010960344438479095,4630,-0.06430404932249606,-0.033389650553823744,4630,,,0
2023-05-31,0.018121364855569342,0.01332070861445465,4683,0.030858691346861523,0.037715289963092105,4683,-0.03384122020126719,-0.008896430765153777,4659,0.07177616362956048,0.026891457588311397,4669,-0.04002659820453773,0.0069242991078986805,4659,-0.06381509234190894,-0.013457346481985186,4659,,,0
2023-06-30,0.0203981388532518,0.020069726487836746,4715,0.07983951020403002,0.09463554301334394,4715,0.22103263378840865,0.19238206541969488,4683,-0.3977195302947068,-0.4430336811808158,4696,0.3565476279319569,0.3615274318058371,4683,0.4076064909626283,0.4366663499798109,4683,,,0
2023-07-31,0.08340443905406653,0.07536967379078463,4745,0.10447467411507896,0.12914123713667275,4745,-0.12953560733384795,-0.2000101378395832,4717,-0.054985404048454804,-0.20984623760648358,4731,0.015209432251009432,0.0754097450723151,4716,0.017337271744338974,0.12668523584622338,4716,,,0
2023-08-31,0.01089822598285986,0.019451240794530894,4774,0.014344844046704169,0.05259800319133596,4774,0.046485226310436015,0.057491077591933004,4750,-0.175720668633811,-0.26790345240719704,4764,0.1128532163016689,0.1802218972486418,4750,0.145806351089279,0.22420061634982852,4750,,,0
2023-09-28,-0.0003782126536379999,-0.005018360933154709,4789,0.004136189665613977,-0.025035561718647386,4789,-0.09402117532215158,-0.12523969836773574,4774,0.026170329949345122,-0.01820338048457234,4781,-0.0647908354943248,-0.07217251546778491,4774,-0.06047429831596253,-0.04350194626212487,4774,,,0
2023-10-31,-0.010686666489781473,0.007961295529544478,4798,-0.021530621716476267,0.004547700606229646,4798,0.04580712839123403,0.08035368017308007,4787,0.01971890317496219,-0.02869776655538964,4793,3.9338371314889326e-05,0.05977049461139198,4787,-0.005445444623561085,0.04385011837605904,4787,,,0
2023-11-30,0.006551614227865123,0.009306709196764103,4807,0.026601248156380115,0.04977106678861685,4807,0.08758021959210754,0.11209336746242302,4799,-0.05859775085195577,-0.212893011593403,4804,0.08348666420059131,0.172577866665675,4799,0.0799022633098877,0.20461052790529313,4799,,,0
2023-12-29,0.05221599339883113,0.06128172735916917,4822,0.1284846167875228,0.16780854368617984,4822,0.05793159038443497,0.024950152398023208,4808,-0.28669133283878195,-0.3809162141396544,4814,0.24483017887761502,0.2673814517675499,4808,0.27606217759537316,0.33205184134761545,4808,,,0
2024-01-31,-0.005240908979031778,0.002727215481536546,4832,-0.036898753857413404,-0.04338058174456828,4832,0.2815036166039653,0.3305921077902269,4823,0.09323200006401125,0.08786404460080445,4827,0.07560396798940015,0.08984767143588034,4823,0.019302372984596222,0.037107069624778104,4823,,,0
2024-02-29,0.008248994794555176,0.010599595764542315,4837,0.02493545395151,0.03775403852651531,4837,0.07528269545685143,0.10134125739713701,4831,0.026329612004507737,0.005941376241803891,4834,0.03899218094350419,0.07167631548502905,4831,0.013488623713013246,0.04070189145379997,4831,,,0
2024-03-29,0.03347939351251143,0.0410282993186909,4843,0.02831939070284669,0.049876265892770714,4843,0.07507329444720698,0.07071672327959287,4837,-0.27446443820464883,-0.3428536287351962,4839,0.18732981963567893,0.22669003658613024,4837,0.23981257195626834,0.3005883301189987,4837,,,0
2024-04-30,0.017391492142400367,0.028764398553469944,4847,0.04338366022498469,0.055591117793424245,4847,-0.09198891214094793,-0.14670879427636085,4843,0.0019489601625593462,-0.022767978525305956,4847,-0.028106753395369385,-0.043359551796802204,4843,-0.030938780454481216,-0.03771250043855503,4843,,,0
2024-05-31,0.01346512215080555,0.021394010693926796,4849,0.012714179867703181,0.0327507795554172,4849,-0.06559146696066556,-0.0912547637560374,4847,-0.019780444672858395,-0.023617486521589987,4849,-0.017538940788569577,-0.011292610306586801,4847,-0.007304773328561065,-0.010089111630457897,4847,,,0
2024-06-28,0.02359221539667298,0.04038106379960875,4855,0.02463864795948794,0.04715600884518513,4855,0.127912496729454,0.12013487422711612,4849,-0.0989318258108805,-0.1357426379195308,4852,0.12333955408469925,0.14455326202259253,4849,0.12656870099699086,0.15288794957964752,4849,,,0
2024-07-31,-0.008079103940733212,0.0017118459167675467,4861,-0.0014307927258824383,0.03664194630065574,4861,0.11129167543972741,0.09549302275584313,4856,-0.23098828521806136,-0.2973108311736979,4858,0.17150968324893734,0.2009076180303018,4856,0.21815602157659414,0.26435119342254537,4856,,,0
2024-08-30,-0.002592159070948981,-0.01790063436395187,4869,-0.049103500137534666,-0.07916171016804102,4869,0.09117747000219935,0.10432211006993834,4862,0.20014374121934625,0.2696674322860056,4865,-0.08140663358383898,-0.11172899097033377,4862,-0.13511695457528008,-0.1954144001292638,4862,,,0
2024-09-30,0.011288447930187377,0.022139728504816845,4877,0.002065592609281064,-0.002813349877343709,4877,-0.1091109310575524,-0.10386310258636425,4869,0.10475262167436505,0.0932887522131347,4873,-0.0998745215679885,-0.09483124162786516,4869,-0.11264253613419158,-0.10627702543119692,4869,,,0
2024-10-31,-0.0042191669244546525,0.01594871337003475,4885,0.030337217364297484,0.05332460227322465,4885,0.22674634220541767,0.280895526732114,4876,-0.14763102578812856,-0.21813076054112596,4880,0.1834400492059365,0.24938434138935972,4876,0.18448641370060292,0.25404209427286506,4876,,,0
2024-11-29,-0.021108079631122423,-0.01542908852291693,4891,-0.0018725899866755661,0.021995469276705894,4891,0.08770121796279401,0.11710931477570476,4885,-0.09584491996854375,-0.1919055175247582,4887,0.08642128170128843,0.1462119233095147,4885,0.09989315883682465,0.18390323684299403,4885,,,0
2024-12-31,-0.04006513307679423,-0.03851868415596182,4899,-0.0630717382210215,-0.060086320139571284,4899,0.03680772048825309,0.11117036652822818,4891,0.12197304192243001,0.07248031626748375,4895,-0.07578919753331977,-0.017095816921563325,4891,-0.09486171188940444,-0.03565311875545679,4891,,,0
2025-01-27,-0.0045925294994582895,0.0032848296408829903,4909,-0.03658970530497631,-0.03914215409090734,4909,0.08054878783330774,0.15080919545368632,4898,0.16512632903739488,0.2194240483284368,4903,-0.06177954212567679,-0.040153328085420346,4898,-0.10859305780042976,-0.12638678678784676,4898,,,0
2025-02-28,0.02466251252196361,0.03867096530761336,4909,0.043731797707698056,0.08580098466381958,4909,0.2156690561010378,0.3010060814750319,4908,-0.26085608060062837,-0.3723338603227302,4910,0.2427731926716738,0.33909231048166794,4907,0.2684449936644849,0.3823126582659216,4907,,,0
2025-03-31,0.008299496306313782,0.01689043344776566,4926,0.013856053897409012,0.028611784197644687,4926,-0.042103896310800915,-0.043489517025588544,4911,-0.10239746865937094,-0.18886520045078015,4915,0.0363602172279762,0.0745588946533025,4910,0.06508863492599477,0.12469358910825731,4910,,,0
2025-04-30,-0.015984513205821782,0.012310227317980295,4937,-0.02051036359314985,0.03126749395532548,4937,-0.03521833433509923,0.007704921212844788,4927,0.0019679316606892043,-0.10499281839930438,4933,-0.031319146573886965,0.061662636930950594,4927,-0.020864106317570304,0.08715336431439008,4927,,,0
2025-05-30,-0.010508913651257152,-0.020768749678770976,4942,-0.0459795903579909,-0.05698426805465486,4942,0.017957676602161375,0.08514724308998485,4937,0.03289396012423798,0.0349172484131042,4939,-0.03025124585137218,-0.002693087856617262,4937,-0.02804905240710285,-0.0166038394813075,4937,,,0
2025-06-30,-0.01788034042464138,-0.01060771540737614,4948,-0.005249104380279769,0.016212247644927427,4948,0.024208589170210626,0.07863573649869586,4942,-0.05831900696287473,-0.17152923592145208,4946,0.03608136500360703,0.12436265167200457,4942,0.04904312255106398,0.15217242395476735,4942,,,0
2025-07-31,-0.029163593721875963,-0.04056269217121221,4955,-0.06530420331775297,-0.0724254496788984,4955,-0.043266291129145075,0.0484544693881308,4949,0.054176312071617015,0.011799775543827802,4952,-0.07739004822863367,-0.012695609576381831,4949,-0.06782933041196237,-0.012300647219414734,4949,,,0
2025-08-29,0.017130760018362896,0.006187389301927032,4958,0.022234491969869923,0.030841807396765102,4958,-0.06709956385726784,-0.036014600336467015,4955,-0.018605969010520362,-0.06204323501316548,4958,-0.011104005906012964,0.0323552370163589,4955,-0.004455886257937482,0.040458375390652127,4955,,,0
2025-09-30,0.030922745924685264,0.06915988832883434,4966,0.0818575624062284,0.14502795249906256,4966,0.08908601065391213,0.1232333478514004,4958,-0.19617083305530575,-0.3081071165148093,4960,0.17465197031736004,0.2697875350902087,4958,0.19012337396458098,0.2953824286423205,4958,,,0
2025-10-31,0.01638288634688493,0.03496417248797532,4972,0.0380565011914015,0.068732261763854,4972,-0.12073712934288992,-0.13231132942296256,4963,-0.023121148899235295,-0.19739397871940106,4967,-0.032605656804931306,0.07320862224974364,4963,-0.020530151740131182,0.1297364402280146,4963,,,0
2025-11-28,0.01147448900114976,-0.012418719511862922,4978,0.0005388905177055688,-0.011660966761912249,4978,-0.0034042632823972105,0.11982210285094454,4972,0.08296981958185144,0.048601321436613616,4975,-0.04271626533725793,0.027647999177256206,4972,-0.0634241576674081,0.0048845945564766815,4972,,,0
2025-12-31,0.016623324568542056,0.0304840714781345,4981,0.027475623179044048,0.03341025417938484,4981,-0.02704676156454916,0.005896877992435487,4979,0.012255903081790781,-0.07445659387272077,4981,-0.005234731460820096,0.06616613184086732,4979,-0.012388732550172228,0.07032475001199293,4979,,,0
2026-01-30,0.028910958177355214,0.03153729942269586,4981,0.03164239234657713,0.06468703646302215,4981,-0.06708784900852179,-0.03882309010631358,4981,-0.0061334150734679,-0.0926975978736394,4981,-0.014300179862651242,0.05556599549471821,4981,-0.012676767758902063,0.06314658375697917,4981,,,0
2026-02-27,0.00038579290431501895,0.0263645983603172,4981,0.040968499600929,0.0734582028961057,4981,-0.05099633288464984,-0.041928326823961484,4981,-0.12217143595308269,-0.23838624231525052,4981,0.053670729209867644,0.13546123239600727,4981,0.07987973654294675,0.18080935362553752,4981,,,0
2026-03-31,-0.045895866734853755,-0.04795787439350212,4981,-0.08764581560404981,-0.09212437040404538,4981,0.015110850059869372,0.08642934680992541,4981,0.20782077773864452,0.1782148806829986,4981,-0.14251618832450016,-0.09323163784432302,4981,-0.17440268841371298,-0.13165000639773944,4981,,,0
2026-04-30,-0.02902475167865029,-0.01478088273279509,4979,-0.039675199219987294,-0.01937997703777912,4979,-0.233902666406543,-0.16683713056630453,4979,0.1401838950179228,0.03453590400336361,4979,-0.19633129693104168,-0.10409664461438457,4979,-0.19338983068843188,-0.08302935709243334,4979,,,0
