code,name,theme,primary_business,revenue_segments,sw_industry,theme_business_description,theme_revenue_materiality,theme_revenue_ratio,theme_revenue_amount,evidence_level,evidence_source,evidence_url,evidence_date,evidence_summary,reviewer,review_status,concept_purity_bucket,supporting_concepts,concept_exposure_score,reason_for_review,suggested_initial_review_status
2587,奥拓电子,AI,,,,,,,,unknown,,,,,,unknown,broad_concept_only,AIGC概念|人工智能,7.0,multi_concept_concept_only,unknown
2602,世纪华通,AI,,,,,,,,unknown,,,,,,unknown,high_confidence,AIGC概念|人工智能|算力概念,10.25,multi_concept_concept_only,unknown
2607,中公教育,AI,,,,,,,,unknown,,,,,,unknown,broad_concept_only,AIGC概念|人工智能,7.0,multi_concept_concept_only,unknown
2611,东方精工,AI,,,,,,,,unknown,,,,,,unknown,medium_confidence,AI智能体|人工智能,7.5,multi_concept_concept_only,unknown
2649,博彦科技,AI,,,,,,,,unknown,,,,,,unknown,broad_concept_only,AIGC概念|人工智能,7.0,multi_concept_concept_only,unknown
2657,中科金财,AI,,,,,,,,unknown,,,,,,unknown,high_confidence,AIGC概念|AI智能体|人工智能|算力概念,14.0,multi_concept_concept_only,unknown
2713,*ST东易,AI,,,,,,,,unknown,,,,,,unknown,high_confidence,人工智能|算力概念,7.0,multi_concept_concept_only,unknown
2722,物产金轮,AI,,,,,,,,unknown,,,,,,unknown,broad_concept_only,AIGC概念|人工智能,7.0,multi_concept_concept_only,unknown
2730,电光科技,AI,,,,,,,,unknown,,,,,,unknown,high_confidence,人工智能|算力概念,7.0,multi_concept_concept_only,unknown
2757,南兴股份,AI,,,,,,,,unknown,,,,,,unknown,high_confidence,AI智能体|算力概念,7.0,multi_concept_concept_only,unknown
2771,真视通,AI,,,,,,,,unknown,,,,,,unknown,high_confidence,人工智能|算力概念,7.0,multi_concept_concept_only,unknown
2792,通宇通讯,商业航天,,,,,,,,unknown,,,,,,unknown,high_confidence,北斗导航|卫星互联网|商业航天,11.0,multi_concept_concept_only,unknown
2803,吉宏股份,AI,,,,,,,,unknown,,,,,,unknown,broad_concept_only,AIGC概念|人工智能,7.0,multi_concept_concept_only,unknown
2811,郑中设计,AI,,,,,,,,unknown,,,,,,unknown,broad_concept_only,AIGC概念|人工智能,7.0,multi_concept_concept_only,unknown
2829,星网宇达,商业航天,,,,,,,,unknown,,,,,,unknown,high_confidence,卫星互联网|商业航天,7.0,multi_concept_concept_only,unknown
2862,实丰文化,AI,,,,,,,,unknown,,,,,,unknown,high_confidence,AIGC概念|AI智能体|人工智能,10.75,multi_concept_concept_only,unknown
2878,元隆雅图,AI,,,,,,,,unknown,,,,,,unknown,broad_concept_only,AIGC概念|人工智能,7.0,multi_concept_concept_only,unknown
2881,美格智能,AI,,,,,,,,unknown,,,,,,unknown,high_confidence,AI智能体|算力概念,7.0,multi_concept_concept_only,unknown
2912,中新赛克,AI,,,,,,,,unknown,,,,,,unknown,high_confidence,人工智能|算力概念,7.0,multi_concept_concept_only,unknown
2929,润建股份,AI,,,,,,,,unknown,,,,,,unknown,high_confidence,人工智能|算力概念,7.0,multi_concept_concept_only,unknown
2935,天奥电子,商业航天,,,,,,,,unknown,,,,,,unknown,high_confidence,北斗导航|商业航天,7.75,multi_concept_concept_only,unknown
2980,华盛昌,AI,,,,,,,,unknown,,,,,,unknown,medium_confidence,AI智能体|人工智能,7.5,multi_concept_concept_only,unknown
2987,京北方,AI,,,,,,,,unknown,,,,,,unknown,medium_confidence,AI智能体|人工智能,7.5,multi_concept_concept_only,unknown
3007,直真科技,AI,,,,,,,,unknown,,,,,,unknown,high_confidence,人工智能|算力概念,7.0,multi_concept_concept_only,unknown
300002,神州泰岳,AI,,,,,,,,unknown,,,,,,unknown,high_confidence,AI智能体|人工智能|算力概念,10.75,multi_concept_concept_only,unknown
300010,ST豆神,AI,,,,,,,,unknown,,,,,,unknown,high_confidence,AIGC概念|AI智能体|人工智能,10.75,multi_concept_concept_only,unknown
300017,网宿科技,AI,,,,,,,,unknown,,,,,,unknown,high_confidence,AIGC概念|人工智能|算力概念,10.25,multi_concept_concept_only,unknown
300020,ST银江,AI,,,,,,,,unknown,,,,,,unknown,high_confidence,人工智能|算力概念,7.0,multi_concept_concept_only,unknown
300033,同花顺,AI,,,,,,,,unknown,,,,,,unknown,broad_concept_only,AIGC概念|人工智能,7.0,multi_concept_concept_only,unknown
300036,超图软件,AI,,,,,,,,unknown,,,,,,unknown,high_confidence,AIGC概念|AI智能体|人工智能,10.75,multi_concept_concept_only,unknown
300036,超图软件,商业航天,,,,,,,,unknown,,,,,,unknown,high_confidence,北斗导航|商业航天,7.75,multi_concept_concept_only,unknown
300045,华力创通,商业航天,,,,,,,,unknown,,,,,,unknown,high_confidence,北斗导航|卫星互联网|商业航天,11.0,multi_concept_concept_only,unknown
300047,天源迪科,AI,,,,,,,,unknown,,,,,,unknown,high_confidence,AIGC概念|AI智能体|人工智能|算力概念,14.0,multi_concept_concept_only,unknown
300053,航宇微,AI,,,,,,,,unknown,,,,,,unknown,high_confidence,人工智能|算力概念,7.0,multi_concept_concept_only,unknown
300053,航宇微,商业航天,,,,,,,,unknown,,,,,,unknown,high_confidence,卫星互联网|商业航天,7.0,multi_concept_concept_only,unknown
300058,蓝色光标,AI,,,,,,,,unknown,,,,,,unknown,high_confidence,AIGC概念|AI智能体|人工智能,10.75,multi_concept_concept_only,unknown
300059,东方财富,AI,,,,,,,,unknown,,,,,,unknown,broad_concept_only,AIGC概念|人工智能,7.0,multi_concept_concept_only,unknown
300065,海兰信,AI,,,,,,,,unknown,,,,,,unknown,high_confidence,人工智能|算力概念,7.0,multi_concept_concept_only,unknown
300075,数字政通,AI,,,,,,,,unknown,,,,,,unknown,medium_confidence,AI智能体|人工智能,7.5,multi_concept_concept_only,unknown
300079,数码视讯,AI,,,,,,,,unknown,,,,,,unknown,high_confidence,AIGC概念|AI智能体|人工智能,10.75,multi_concept_concept_only,unknown
300081,ST恒信,AI,,,,,,,,unknown,,,,,,unknown,high_confidence,AIGC概念|人工智能|算力概念,10.25,multi_concept_concept_only,unknown
300098,高新兴,商业航天,,,,,,,,unknown,,,,,,unknown,high_confidence,卫星互联网|商业航天,7.0,multi_concept_concept_only,unknown
300101,振芯科技,商业航天,,,,,,,,unknown,,,,,,unknown,high_confidence,北斗导航|卫星互联网,7.0,multi_concept_concept_only,unknown
300102,乾照光电,商业航天,,,,,,,,unknown,,,,,,unknown,high_confidence,卫星互联网|商业航天,7.0,multi_concept_concept_only,unknown
300113,顺网科技,AI,,,,,,,,unknown,,,,,,unknown,high_confidence,AI智能体|人工智能|算力概念,10.75,multi_concept_concept_only,unknown
300123,ST亚光,商业航天,,,,,,,,unknown,,,,,,unknown,high_confidence,北斗导航|卫星互联网|商业航天,11.0,multi_concept_concept_only,unknown
300130,新国都,AI,,,,,,,,unknown,,,,,,unknown,high_confidence,AIGC概念|AI智能体|人工智能,10.75,multi_concept_concept_only,unknown
300133,华策影视,AI,,,,,,,,unknown,,,,,,unknown,high_confidence,AIGC概念|AI智能体|算力概念,10.25,multi_concept_concept_only,unknown
300136,信维通信,商业航天,,,,,,,,unknown,,,,,,unknown,high_confidence,卫星互联网|商业航天,7.0,multi_concept_concept_only,unknown
300166,东方国信,AI,,,,,,,,unknown,,,,,,unknown,high_confidence,人工智能|算力概念,7.0,multi_concept_concept_only,unknown
300167,ST迪威迅,AI,,,,,,,,unknown,,,,,,unknown,high_confidence,人工智能|算力概念,7.0,multi_concept_concept_only,unknown
300170,汉得信息,AI,,,,,,,,unknown,,,,,,unknown,high_confidence,AIGC概念|AI智能体|人工智能,10.75,multi_concept_concept_only,unknown
300182,捷成股份,AI,,,,,,,,unknown,,,,,,unknown,high_confidence,AIGC概念|AI智能体|人工智能,10.75,multi_concept_concept_only,unknown
300188,国投智能,AI,,,,,,,,unknown,,,,,,unknown,high_confidence,AI智能体|人工智能|算力概念,10.75,multi_concept_concept_only,unknown
300209,行云科技,AI,,,,,,,,unknown,,,,,,unknown,high_confidence,人工智能|算力概念,7.0,multi_concept_concept_only,unknown
300212,*ST易录,AI,,,,,,,,unknown,,,,,,unknown,high_confidence,人工智能|算力概念,7.0,multi_concept_concept_only,unknown
300229,拓尔思,AI,,,,,,,,unknown,,,,,,unknown,high_confidence,AIGC概念|AI智能体|人工智能,10.75,multi_concept_concept_only,unknown
300231,银信科技,AI,,,,,,,,unknown,,,,,,unknown,high_confidence,人工智能|算力概念,7.0,multi_concept_concept_only,unknown
300250,初灵信息,AI,,,,,,,,unknown,,,,,,unknown,medium_confidence,AI智能体|人工智能,7.5,multi_concept_concept_only,unknown
300252,金信诺,AI,,,,,,,,unknown,,,,,,unknown,high_confidence,人工智能|算力概念,7.0,multi_concept_concept_only,unknown
300252,金信诺,商业航天,,,,,,,,unknown,,,,,,unknown,high_confidence,卫星互联网|商业航天,7.0,multi_concept_concept_only,unknown
300253,卫宁健康,AI,,,,,,,,unknown,,,,,,unknown,medium_confidence,AI智能体|人工智能,7.5,multi_concept_concept_only,unknown
300291,百纳千成,AI,,,,,,,,unknown,,,,,,unknown,broad_concept_only,AIGC概念|人工智能,7.0,multi_concept_concept_only,unknown
300322,硕贝德,商业航天,,,,,,,,unknown,,,,,,unknown,high_confidence,卫星互联网|商业航天,7.0,multi_concept_concept_only,unknown
300339,润和软件,AI,,,,,,,,unknown,,,,,,unknown,high_confidence,AI智能体|人工智能|算力概念,10.75,multi_concept_concept_only,unknown
300342,天银机电,商业航天,,,,,,,,unknown,,,,,,unknown,high_confidence,卫星互联网|商业航天,7.0,multi_concept_concept_only,unknown
300348,长亮科技,AI,,,,,,,,unknown,,,,,,unknown,broad_concept_only,AIGC概念|人工智能,7.0,multi_concept_concept_only,unknown
300353,东土科技,商业航天,,,,,,,,unknown,,,,,,unknown,high_confidence,卫星互联网|商业航天,7.0,multi_concept_concept_only,unknown
300364,中文在线,AI,,,,,,,,unknown,,,,,,unknown,high_confidence,AIGC概念|AI智能体|人工智能,10.75,multi_concept_concept_only,unknown
300366,ST创意,AI,,,,,,,,unknown,,,,,,unknown,medium_confidence,AI智能体|人工智能,7.5,multi_concept_concept_only,unknown
300366,ST创意,商业航天,,,,,,,,unknown,,,,,,unknown,high_confidence,卫星互联网|商业航天,7.0,multi_concept_concept_only,unknown
300378,鼎捷数智,AI,,,,,,,,unknown,,,,,,unknown,high_confidence,AIGC概念|AI智能体|人工智能,10.75,multi_concept_concept_only,unknown
300413,芒果超媒,AI,,,,,,,,unknown,,,,,,unknown,broad_concept_only,AIGC概念|人工智能,7.0,multi_concept_concept_only,unknown
300418,昆仑万维,AI,,,,,,,,unknown,,,,,,unknown,high_confidence,AIGC概念|AI智能体|人工智能|算力概念,14.0,multi_concept_concept_only,unknown
300447,全信股份,商业航天,,,,,,,,unknown,,,,,,unknown,high_confidence,北斗导航|卫星互联网|商业航天,11.0,multi_concept_concept_only,unknown
300448,浩云科技,AI,,,,,,,,unknown,,,,,,unknown,medium_confidence,AI智能体|人工智能,7.5,multi_concept_concept_only,unknown
300451,创业慧康,AI,,,,,,,,unknown,,,,,,unknown,medium_confidence,AI智能体|人工智能,7.5,multi_concept_concept_only,unknown
300454,深信服,AI,,,,,,,,unknown,,,,,,unknown,high_confidence,人工智能|算力概念,7.0,multi_concept_concept_only,unknown
300455,航天智装,商业航天,,,,,,,,unknown,,,,,,unknown,high_confidence,北斗导航|卫星互联网|商业航天,11.0,multi_concept_concept_only,unknown
300458,全志科技,AI,,,,,,,,unknown,,,,,,unknown,high_confidence,人工智能|算力概念,7.0,multi_concept_concept_only,unknown
300460,ST惠伦,商业航天,,,,,,,,unknown,,,,,,unknown,high_confidence,北斗导航|卫星互联网|商业航天,11.0,multi_concept_concept_only,unknown
300474,景嘉微,AI,,,,,,,,unknown,,,,,,unknown,high_confidence,人工智能|算力概念,7.0,multi_concept_concept_only,unknown
300479,神思电子,AI,,,,,,,,unknown,,,,,,unknown,medium_confidence,AI智能体|人工智能,7.5,multi_concept_concept_only,unknown
300494,盛天网络,AI,,,,,,,,unknown,,,,,,unknown,broad_concept_only,AIGC概念|人工智能,7.0,multi_concept_concept_only,unknown
300496,中科创达,AI,,,,,,,,unknown,,,,,,unknown,medium_confidence,AI智能体|人工智能,7.5,multi_concept_concept_only,unknown
300500,启迪设计,AI,,,,,,,,unknown,,,,,,unknown,high_confidence,人工智能|算力概念,7.0,multi_concept_concept_only,unknown
300516,久之洋,商业航天,,,,,,,,unknown,,,,,,unknown,high_confidence,北斗导航|卫星互联网|商业航天,11.0,multi_concept_concept_only,unknown
300520,科大国创,AI,,,,,,,,unknown,,,,,,unknown,high_confidence,AIGC概念|AI智能体|人工智能,10.75,multi_concept_concept_only,unknown
300571,平治信息,AI,,,,,,,,unknown,,,,,,unknown,high_confidence,人工智能|算力概念,7.0,multi_concept_concept_only,unknown
300578,会畅科技,AI,,,,,,,,unknown,,,,,,unknown,broad_concept_only,AIGC概念|人工智能,7.0,multi_concept_concept_only,unknown
300592,华凯易佰,AI,,,,,,,,unknown,,,,,,unknown,broad_concept_only,AIGC概念|人工智能,7.0,multi_concept_concept_only,unknown
300603,立昂技术,AI,,,,,,,,unknown,,,,,,unknown,high_confidence,人工智能|算力概念,7.0,multi_concept_concept_only,unknown
300608,思特奇,AI,,,,,,,,unknown,,,,,,unknown,high_confidence,AI智能体|人工智能|算力概念,10.75,multi_concept_concept_only,unknown
300609,汇纳科技,AI,,,,,,,,unknown,,,,,,unknown,high_confidence,人工智能|算力概念,7.0,multi_concept_concept_only,unknown
300612,宣亚国际,AI,,,,,,,,unknown,,,,,,unknown,high_confidence,AIGC概念|AI智能体|人工智能,10.75,multi_concept_concept_only,unknown
300616,尚品宅配,AI,,,,,,,,unknown,,,,,,unknown,high_confidence,AIGC概念|AI智能体,7.0,multi_concept_concept_only,unknown
300620,光库科技,商业航天,,,,,,,,unknown,,,,,,unknown,high_confidence,卫星互联网|商业航天,7.0,multi_concept_concept_only,unknown
300624,万兴科技,AI,,,,,,,,unknown,,,,,,unknown,high_confidence,AIGC概念|AI智能体|人工智能,10.75,multi_concept_concept_only,unknown
300627,华测导航,商业航天,,,,,,,,unknown,,,,,,unknown,high_confidence,北斗导航|商业航天,7.75,multi_concept_concept_only,unknown
300629,新劲刚,商业航天,,,,,,,,unknown,,,,,,unknown,high_confidence,卫星互联网|商业航天,7.0,multi_concept_concept_only,unknown
300634,彩讯股份,AI,,,,,,,,unknown,,,,,,unknown,high_confidence,AI智能体|人工智能|算力概念,10.75,multi_concept_concept_only,unknown
300635,中达安,AI,,,,,,,,unknown,,,,,,unknown,high_confidence,AI智能体|人工智能|算力概念,10.75,multi_concept_concept_only,unknown
300639,凯普生物,AI,,,,,,,,unknown,,,,,,unknown,medium_confidence,AI智能体|人工智能,7.5,multi_concept_concept_only,unknown
300654,世纪天鸿,AI,,,,,,,,unknown,,,,,,unknown,high_confidence,AIGC概念|AI智能体|人工智能,10.75,multi_concept_concept_only,unknown
300674,宇信科技,AI,,,,,,,,unknown,,,,,,unknown,medium_confidence,AI智能体|人工智能,7.5,multi_concept_concept_only,unknown
300680,隆盛科技,商业航天,,,,,,,,unknown,,,,,,unknown,high_confidence,北斗导航|商业航天,7.75,multi_concept_concept_only,unknown
300688,创业黑马,AI,,,,,,,,unknown,,,,,,unknown,high_confidence,人工智能|算力概念,7.0,multi_concept_concept_only,unknown
300762,上海瀚讯,商业航天,,,,,,,,unknown,,,,,,unknown,high_confidence,卫星互联网|商业航天,7.0,multi_concept_concept_only,unknown
300768,迪普科技,AI,,,,,,,,unknown,,,,,,unknown,medium_confidence,AI智能体|人工智能,7.5,multi_concept_concept_only,unknown
300781,因赛集团,AI,,,,,,,,unknown,,,,,,unknown,high_confidence,AIGC概念|AI智能体|人工智能,10.75,multi_concept_concept_only,unknown
300789,唐源电气,AI,,,,,,,,unknown,,,,,,unknown,medium_confidence,AI智能体|人工智能,7.5,multi_concept_concept_only,unknown
300822,贝仕达克,AI,,,,,,,,unknown,,,,,,unknown,broad_concept_only,AIGC概念|人工智能,7.0,multi_concept_concept_only,unknown
300825,阿尔特,AI,,,,,,,,unknown,,,,,,unknown,high_confidence,人工智能|算力概念,7.0,multi_concept_concept_only,unknown
300830,金现代,AI,,,,,,,,unknown,,,,,,unknown,medium_confidence,AI智能体|人工智能,7.5,multi_concept_concept_only,unknown
300844,山水比德,AI,,,,,,,,unknown,,,,,,unknown,broad_concept_only,AIGC概念|人工智能,7.0,multi_concept_concept_only,unknown
300846,首都在线,AI,,,,,,,,unknown,,,,,,unknown,high_confidence,AI智能体|算力概念,7.0,multi_concept_concept_only,unknown
300857,协创数据,AI,,,,,,,,unknown,,,,,,unknown,high_confidence,AIGC概念|AI智能体|人工智能|算力概念,14.0,multi_concept_concept_only,unknown
300872,天阳科技,AI,,,,,,,,unknown,,,,,,unknown,high_confidence,AI智能体|人工智能|算力概念,10.75,multi_concept_concept_only,unknown
300885,海昌新材,商业航天,,,,,,,,unknown,,,,,,unknown,high_confidence,卫星互联网|商业航天,7.0,multi_concept_concept_only,unknown
300911,亿田智能,AI,,,,,,,,unknown,,,,,,unknown,high_confidence,AIGC概念|算力概念,6.25,multi_concept_concept_only,unknown
300949,奥雅股份,AI,,,,,,,,unknown,,,,,,unknown,high_confidence,AIGC概念|人工智能|算力概念,10.25,multi_concept_concept_only,unknown
300965,恒宇信通,商业航天,,,,,,,,unknown,,,,,,unknown,high_confidence,北斗导航|卫星互联网,7.0,multi_concept_concept_only,unknown
300968,格林精密,商业航天,,,,,,,,unknown,,,,,,unknown,high_confidence,卫星互联网|商业航天,7.0,multi_concept_concept_only,unknown
300987,川网传媒,AI,,,,,,,,unknown,,,,,,unknown,broad_concept_only,AIGC概念|人工智能,7.0,multi_concept_concept_only,unknown
300996,普联软件,AI,,,,,,,,unknown,,,,,,unknown,medium_confidence,AI智能体|人工智能,7.5,multi_concept_concept_only,unknown
301027,华蓝集团,AI,,,,,,,,unknown,,,,,,unknown,broad_concept_only,AIGC概念|人工智能,7.0,multi_concept_concept_only,unknown
301050,雷电微力,商业航天,,,,,,,,unknown,,,,,,unknown,high_confidence,北斗导航|卫星互联网|商业航天,11.0,multi_concept_concept_only,unknown
301066,万事利,AI,,,,,,,,unknown,,,,,,unknown,high_confidence,AIGC概念|AI智能体|人工智能,10.75,multi_concept_concept_only,unknown
301070,开勒股份,AI,,,,,,,,unknown,,,,,,unknown,high_confidence,AI智能体|人工智能|算力概念,10.75,multi_concept_concept_only,unknown
301077,星华新材,AI,,,,,,,,unknown,,,,,,unknown,high_confidence,人工智能|算力概念,7.0,multi_concept_concept_only,unknown
301078,孩子王,AI,,,,,,,,unknown,,,,,,unknown,medium_confidence,AI智能体|人工智能,7.5,multi_concept_concept_only,unknown
301102,兆讯传媒,AI,,,,,,,,unknown,,,,,,unknown,broad_concept_only,AIGC概念|人工智能,7.0,multi_concept_concept_only,unknown
301110,青木科技,AI,,,,,,,,unknown,,,,,,unknown,medium_confidence,AI智能体|人工智能,7.5,multi_concept_concept_only,unknown
301129,瑞纳智能,AI,,,,,,,,unknown,,,,,,unknown,medium_confidence,AI智能体|人工智能,7.5,multi_concept_concept_only,unknown
301136,招标股份,商业航天,,,,,,,,unknown,,,,,,unknown,high_confidence,卫星互联网|商业航天,7.0,multi_concept_concept_only,unknown
301159,三维天地,AI,,,,,,,,unknown,,,,,,unknown,medium_confidence,AI智能体|人工智能,7.5,multi_concept_concept_only,unknown
301165,锐捷网络,AI,,,,,,,,unknown,,,,,,unknown,high_confidence,AIGC概念|AI智能体|算力概念,10.25,multi_concept_concept_only,unknown
301171,易点天下,AI,,,,,,,,unknown,,,,,,unknown,broad_concept_only,AIGC概念|人工智能,7.0,multi_concept_concept_only,unknown
301178,天亿马,AI,,,,,,,,unknown,,,,,,unknown,high_confidence,人工智能|算力概念,7.0,multi_concept_concept_only,unknown
301231,荣信文化,AI,,,,,,,,unknown,,,,,,unknown,medium_confidence,AI智能体|人工智能,7.5,multi_concept_concept_only,unknown
