item,local_available,public_source_or_local_path,historical_depth_or_fields,access_cost_or_permission,reliability_and_research_need,research_type,sample_role,D05_inspired,D05_replication,C2_estimated,volume_return_regression_run,future_performance_used_for_design,H5_run,H6_run,MCTS_run,Phase_B_run,prospective_data_accessed,final_test_accessed,network_download_performed
ST_status,False,Tushare ST lists / name history,historical source exists but not locally tested,permission/points likely,needed for interpretation; execution also,data_readiness_audit,historical_seen,True,False,False,False,False,False,False,False,False,False,False,true_small_25_stock_probe_no_data_returned
suspension_trading_status,False,Tushare suspend_d,daily historical fields documented,API permission required,helpful for mechanism; required for execution,data_readiness_audit,historical_seen,True,False,False,False,False,False,False,False,False,False,False,true_small_25_stock_probe_no_data_returned
limit_up_down_prices,False,Tushare stk_limit,pre_close;up_limit;down_limit,>=2000 points,helpful for 1D mechanism; required for execution,data_readiness_audit,historical_seen,True,False,False,False,False,False,False,False,False,False,False,true_small_25_stock_probe_no_data_returned
one_price_limit_status,False,derive only with limit price + OHLC after source acquired,not local,supplement required,helpful; required for execution,data_readiness_audit,historical_seen,True,False,False,False,False,False,False,False,False,False,False,true_small_25_stock_probe_no_data_returned
previous_close,False,can derive from consecutive local raw/QFQ dates; no explicit field,bounded local history,free,mechanism sufficient with exact calendar rule,data_readiness_audit,historical_seen,True,False,False,False,False,False,False,False,False,False,False,true_small_25_stock_probe_no_data_returned
daily_high_low_close,True,data/cache/price/*.csv high;low;close,2020/2021-2026,local,mechanism proxy only,data_readiness_audit,historical_seen,True,False,False,False,False,False,False,False,False,False,False,true_small_25_stock_probe_no_data_returned
historical_bid1_ask1_spread_L1,False,no local files/fields,none,exchange/vendor historical data likely licensed,quoted spread unavailable,data_readiness_audit,historical_seen,True,False,False,False,False,False,False,False,False,False,False,true_small_25_stock_probe_no_data_returned
Amihud_illiquidity_proxy,True,QFQ return + amount,bounded local history,free,proxy feasible; not quoted spread/information asymmetry,data_readiness_audit,historical_seen,True,False,False,False,False,False,False,False,False,False,False,true_small_25_stock_probe_no_data_returned
high_low_spread_estimator,True,raw high/low,bounded local history,free,proxy feasible; not quoted spread/information asymmetry,data_readiness_audit,historical_seen,True,False,False,False,False,False,False,False,False,False,False,true_small_25_stock_probe_no_data_returned
Roll_type_estimator,True,QFQ close returns,bounded local history,free,proxy feasible; assumptions may fail,data_readiness_audit,historical_seen,True,False,False,False,False,False,False,False,False,False,False,true_small_25_stock_probe_no_data_returned
analyst_reports,False,Tushare research_report / public alternatives,Tushare documents history from 2017,separate permission,future ANALYST_COUNT_12M/BROKER_COUNT_12M/REPORT_COUNT_12M feasible only with report_date<=observation,data_readiness_audit,historical_seen,True,False,False,False,False,False,False,False,False,False,False,true_small_25_stock_probe_no_data_returned
