summary_type,scope,period_index,metric,n,value,minimum,maximum,VT20_STATE,mean,median,p10,p90
period_coverage,ALL,1,vt20_coverage,3878,1.0,3878.0,3878.0,,,,,
period_coverage,ALL,2,vt20_coverage,3893,1.0,3893.0,3893.0,,,,,
period_coverage,ALL,3,vt20_coverage,3972,1.0,3972.0,3972.0,,,,,
period_coverage,ALL,4,vt20_coverage,4032,1.0,4032.0,4032.0,,,,,
period_coverage,ALL,5,vt20_coverage,4095,1.0,4095.0,4095.0,,,,,
period_coverage,ALL,6,vt20_coverage,4132,1.0,4132.0,4132.0,,,,,
period_coverage,ALL,7,vt20_coverage,4166,0.999759961593855,4165.0,4166.0,,,,,
period_coverage,ALL,8,vt20_coverage,4230,0.9997635933806147,4229.0,4230.0,,,,,
period_coverage,ALL,9,vt20_coverage,4249,0.9995293010120028,4247.0,4249.0,,,,,
period_coverage,ALL,10,vt20_coverage,4289,0.9995336908370249,4287.0,4289.0,,,,,
period_coverage,ALL,11,vt20_coverage,4328,0.9995378927911276,4326.0,4328.0,,,,,
period_coverage,ALL,12,vt20_coverage,4372,0.9997712717291857,4371.0,4372.0,,,,,
period_coverage,ALL,13,vt20_coverage,4377,0.9995430660269591,4375.0,4377.0,,,,,
period_coverage,ALL,14,vt20_coverage,4358,0.9997705369435521,4357.0,4358.0,,,,,
period_coverage,ALL,15,vt20_coverage,4441,1.0,4441.0,4441.0,,,,,
period_coverage,ALL,16,vt20_coverage,4473,0.9997764363961547,4472.0,4473.0,,,,,
period_coverage,ALL,17,vt20_coverage,4505,0.9997780244173141,4504.0,4505.0,,,,,
period_coverage,ALL,18,vt20_coverage,4526,0.9997790543526293,4525.0,4526.0,,,,,
period_coverage,ALL,19,vt20_coverage,4550,0.9995604395604396,4548.0,4550.0,,,,,
period_coverage,ALL,20,vt20_coverage,4572,0.9995625546806649,4570.0,4572.0,,,,,
period_coverage,ALL,21,vt20_coverage,4626,0.9995676610462603,4624.0,4626.0,,,,,
period_coverage,ALL,22,vt20_coverage,4653,0.9995701697829358,4651.0,4653.0,,,,,
period_coverage,ALL,23,vt20_coverage,4696,0.9995741056218058,4694.0,4696.0,,,,,
period_coverage,ALL,24,vt20_coverage,4716,0.9995759117896522,4714.0,4716.0,,,,,
period_coverage,ALL,25,vt20_coverage,4731,0.9995772563939971,4729.0,4731.0,,,,,
period_coverage,ALL,26,vt20_coverage,4706,0.9995750106247344,4704.0,4706.0,,,,,
period_coverage,ALL,27,vt20_coverage,4758,0.9995796553173603,4756.0,4758.0,,,,,
period_coverage,ALL,28,vt20_coverage,4800,0.9995833333333334,4798.0,4800.0,,,,,
period_coverage,ALL,29,vt20_coverage,4830,0.9995859213250518,4828.0,4830.0,,,,,
period_coverage,ALL,30,vt20_coverage,4849,0.9995875438234687,4847.0,4849.0,,,,,
period_coverage,ALL,31,vt20_coverage,4890,0.9997955010224949,4889.0,4890.0,,,,,
period_coverage,ALL,32,vt20_coverage,4910,0.99979633401222,4909.0,4910.0,,,,,
period_coverage,ALL,33,vt20_coverage,4935,1.0,4935.0,4935.0,,,,,
period_coverage,ALL,34,vt20_coverage,4933,1.0,4933.0,4933.0,,,,,
period_coverage,ALL,35,vt20_coverage,4959,1.0,4959.0,4959.0,,,,,
period_coverage,ALL,36,vt20_coverage,4969,1.0,4969.0,4969.0,,,,,
period_coverage,ALL,37,vt20_coverage,4978,0.9997991161108879,4977.0,4978.0,,,,,
period_coverage,ALL,38,vt20_coverage,4937,0.9997974478428195,4936.0,4937.0,,,,,
period_coverage,ALL,39,vt20_coverage,4980,0.9997991967871486,4979.0,4980.0,,,,,
period_coverage,ALL,40,vt20_coverage,4990,0.9997995991983968,4989.0,4990.0,,,,,
period_coverage,ALL,41,vt20_coverage,5002,0.9998000799680128,5001.0,5002.0,,,,,
period_coverage,ALL,42,vt20_coverage,5003,0.9998001199280432,5002.0,5003.0,,,,,
period_coverage,ALL,43,vt20_coverage,5000,1.0,5000.0,5000.0,,,,,
period_coverage,ALL,44,vt20_coverage,4988,1.0,4988.0,4988.0,,,,,
period_coverage,ALL,45,vt20_coverage,5003,1.0,5003.0,5003.0,,,,,
period_coverage,ALL,46,vt20_coverage,5005,1.0,5005.0,5005.0,,,,,
period_coverage,ALL,47,vt20_coverage,5015,1.0,5015.0,5015.0,,,,,
period_coverage,ALL,48,vt20_coverage,5016,1.0,5016.0,5016.0,,,,,
period_coverage,ALL,49,vt20_coverage,5019,1.0,5019.0,5019.0,,,,,
period_coverage,ALL,50,vt20_coverage,4951,1.0,4951.0,4951.0,,,,,
period_coverage,ALL,51,vt20_coverage,5022,1.0,5022.0,5022.0,,,,,
period_coverage,ALL,52,vt20_coverage,5046,1.0,5046.0,5046.0,,,,,
period_coverage,ALL,53,vt20_coverage,5060,1.0,5060.0,5060.0,,,,,
period_coverage,ALL,54,vt20_coverage,5073,1.0,5073.0,5073.0,,,,,
period_coverage,ALL,55,vt20_coverage,5070,1.0,5070.0,5070.0,,,,,
period_coverage,ALL,56,vt20_coverage,5079,1.0,5079.0,5079.0,,,,,
cell_size_distribution,HIGH_RETURN,ALL,cell_size,56,,325.0,1053.0,HIGH_VT,815.7142857142857,825.5,660.5,965.0
cell_size_distribution,HIGH_RETURN,ALL,cell_size,56,,89.0,932.0,LOW_VT,315.3392857142857,287.0,183.0,472.0
cell_size_distribution,HIGH_RETURN,ALL,cell_size,56,,348.0,521.0,MID_VT,431.5892857142857,433.0,377.5,484.5
cell_size_distribution,LOW_RETURN,ALL,cell_size,56,,139.0,777.0,HIGH_VT,362.9642857142857,349.0,210.5,485.0
cell_size_distribution,LOW_RETURN,ALL,cell_size,56,,219.0,1028.0,LOW_VT,623.5892857142857,601.5,463.0,808.0
cell_size_distribution,LOW_RETURN,ALL,cell_size,56,,459.0,684.0,MID_VT,576.6785714285714,585.0,489.5,656.0
cell_size_distribution,MID_RETURN,ALL,cell_size,56,,292.0,551.0,HIGH_VT,384.05357142857144,382.5,313.0,452.5
cell_size_distribution,MID_RETURN,ALL,cell_size,56,,460.0,747.0,LOW_VT,624.4464285714286,625.5,528.0,722.5
cell_size_distribution,MID_RETURN,ALL,cell_size,56,,404.0,729.0,MID_VT,554.7142857142857,559.5,489.0,620.0
overall_3x3_cell_size,ALL,ALL,cell_size,504,,89.0,1053.0,,521.0099206349206,506.0,298.3,770.7
period_spearman_summary,ALL,ALL,log_total_market_cap,56,,-0.5007362392711371,-0.021602814299991464,,-0.26708471074765067,-0.2631161190789374,-0.39710224546585315,-0.11827541623619034
period_spearman_summary,LOW_RETURN,ALL,log_total_market_cap,56,,-0.5617103105407945,0.036517041859827314,,-0.2690367726803311,-0.27087295266205835,-0.4247638830249829,-0.08906739592125626
period_spearman_summary,MID_RETURN,ALL,log_total_market_cap,56,,-0.47367638229672465,-0.10665737228812844,,-0.30742291314162823,-0.311996457854293,-0.41854302346014766,-0.16587264120420947
period_spearman_summary,HIGH_RETURN,ALL,log_total_market_cap,56,,-0.5348523524977644,0.012863025346060833,,-0.27287378915663224,-0.25624718183144574,-0.46623082626192636,-0.10494858652945499
period_spearman_summary,ALL,ALL,VOL20,56,,0.4852697391547895,0.815860164296609,,0.670981362018149,0.6678365361757279,0.6116002641760143,0.7314169429982744
period_spearman_summary,LOW_RETURN,ALL,VOL20,56,,0.28885286140594435,0.7903574683333094,,0.5680723694430545,0.5736054461256989,0.46505780267929675,0.6717095293580475
period_spearman_summary,MID_RETURN,ALL,VOL20,56,,0.3193857933570169,0.775338330556487,,0.62093177742936,0.6268602903760812,0.5504778242334067,0.7004927534381242
period_spearman_summary,HIGH_RETURN,ALL,VOL20,56,,0.3696819119028794,0.7914274410247069,,0.6564429339856268,0.6677545561246598,0.5347724386893062,0.7771532913633099
period_spearman_summary,ALL,ALL,log_raw_signal_price,56,,-0.1844474388193001,0.2064414796631446,,0.024603862652663167,0.02115273276317461,-0.07965696021927325,0.14484157082598847
period_spearman_summary,ALL,ALL,RETURN60,56,,-0.37520987671041117,0.6212299722540712,,0.2843560277529526,0.29134888829737127,0.11157273585547528,0.47150059890874774
