rebalance_date,next_rebalance_date,period_type,headline_included,provisional,portfolio_net_return,portfolio_nav,benchmark_code,benchmark_return,benchmark_nav,active_return,benchmark_period_valid,benchmark_comparison_valid,universe_name,transaction_cost,research_baseline_only,adjusted_return_source,current_universe_historical_performance,point_in_time_strategy_backtest,survivorship_or_future_universe_bias,close_to_close_execution_assumption,execution_sim_ready,formal_performance_conclusion_allowed,no_investment_conclusion,sample_regime,freeze_date,prospective_flag
2020-01-02,2020-02-07,full,true,false,0.10154335749330018,1.1015433574933002,000300,-0.06077924204766583,0.9392207579523342,0.162322599540966,true,true,research_universe_v1_2,0.0,true,qfq,true,false,true,true,false,false,true,revised_history,2026-07-11,False
2020-02-07,2020-03-06,full,true,false,0.11490165847738444,1.228112516154027,000300,0.061191783315854176,0.9966933510587057,0.053709875161530266,true,true,research_universe_v1_2,0.0,true,qfq,true,false,true,true,false,false,true,revised_history,2026-07-11,False
2020-03-06,2020-04-03,full,true,false,-0.1499251584882892,1.0439875525281828,000300,-0.10276403826497948,0.8942691173920583,-0.047161120223309705,true,true,research_universe_v1_2,0.0,true,qfq,true,false,true,true,false,false,true,revised_history,2026-07-11,False
2020-04-03,2020-05-07,full,true,false,0.06648719938613533,1.1133993610897674,000300,0.05700443281033718,0.9452464212087934,0.009482766575798149,true,true,research_universe_v1_2,0.0,true,qfq,true,false,true,true,false,false,true,revised_history,2026-07-11,False
2020-05-07,2020-06-04,full,true,false,0.017404092610972123,1.1327770666831711,000300,0.01459913526238954,0.9590462015683102,0.0028049573485825832,true,true,research_universe_v1_2,0.0,true,qfq,true,false,true,true,false,false,true,revised_history,2026-07-11,False
2020-06-04,2020-07-06,full,true,false,0.14472413560327987,1.296717248490112,000300,0.17274414329803456,1.124715816041462,-0.028020007694754684,true,true,research_universe_v1_2,0.0,true,qfq,true,false,true,true,false,false,true,revised_history,2026-07-11,False
2020-07-06,2020-08-03,full,true,false,0.07522606527590829,1.3942641848694253,000300,0.021674100499133875,1.14909301967131,0.053551964776774416,true,true,research_universe_v1_2,0.0,true,qfq,true,false,true,true,false,false,true,revised_history,2026-07-11,False
2020-08-03,2020-08-31,full,true,false,0.006347168494141578,1.4031138145761386,000300,0.009412509352777265,1.1599088684661774,-0.0030653408586356875,true,true,research_universe_v1_2,0.0,true,qfq,true,false,true,true,false,false,true,revised_history,2026-07-11,False
2020-08-31,2020-09-28,full,true,false,-0.10361505119489094,1.2577301048465734,000300,-0.04865018624564499,1.1034790859873225,-0.05496486494924595,true,true,research_universe_v1_2,0.0,true,qfq,true,false,true,true,false,false,true,revised_history,2026-07-11,False
2020-09-28,2020-11-03,full,true,false,0.01099685188391149,1.2715611765195076,000300,0.04270053318375977,1.150598231316109,-0.03170368129984828,true,true,research_universe_v1_2,0.0,true,qfq,true,false,true,true,false,false,true,revised_history,2026-07-11,False
2020-11-03,2020-12-01,full,true,false,-0.006863184877291242,1.2628342170822684,000300,0.06060415777091244,1.2203292680577231,-0.06746734264820368,true,true,research_universe_v1_2,0.0,true,qfq,true,false,true,true,false,false,true,revised_history,2026-07-11,False
2020-12-01,2020-12-29,full,true,false,-0.08454149127253054,1.156072329140155,000300,-0.004768013262023807,1.214510721923588,-0.07977347801050673,true,true,research_universe_v1_2,0.0,true,qfq,true,false,true,true,false,false,true,revised_history,2026-07-11,False
2020-12-29,2021-01-27,full,true,false,0.022705460067826973,1.1823214832449664,000300,0.09618595501830285,1.3313295955917768,-0.07348049495047587,true,true,research_universe_v1_2,0.0,true,qfq,true,false,true,true,false,false,true,revised_history,2026-07-11,False
2021-01-27,2021-03-03,full,true,false,0.0007060284314080555,1.1831562358272019,000300,-0.013710202604920396,1.3130767971022868,0.014416231036328452,true,true,research_universe_v1_2,0.0,true,qfq,true,false,true,true,false,false,true,revised_history,2026-07-11,False
2020-01-02,2020-02-07,full,true,false,0.10154335749330018,1.1015433574933002,000852,-0.016376115111969236,0.9836238848880308,0.11791947260526942,true,true,research_universe_v1_2,0.0,true,qfq,true,false,true,true,false,false,true,revised_history,2026-07-11,False
2020-02-07,2020-03-06,full,true,false,0.11490165847738444,1.228112516154027,000852,0.127720467082169,1.1092527868991078,-0.012818808604784557,true,true,research_universe_v1_2,0.0,true,qfq,true,false,true,true,false,false,true,revised_history,2026-07-11,False
2020-03-06,2020-04-03,full,true,false,-0.1499251584882892,1.0439875525281828,000852,-0.12540139818382212,0.9701509364826584,-0.024523760304467068,true,true,research_universe_v1_2,0.0,true,qfq,true,false,true,true,false,false,true,revised_history,2026-07-11,False
2020-04-03,2020-05-07,full,true,false,0.06648719938613533,1.1133993610897674,000852,0.052432124231903465,1.0210180109080147,0.014055075154231864,true,true,research_universe_v1_2,0.0,true,qfq,true,false,true,true,false,false,true,revised_history,2026-07-11,False
2020-05-07,2020-06-04,full,true,false,0.017404092610972123,1.1327770666831711,000852,0.03638625435008036,1.0581690319489268,-0.018982161739108237,true,true,research_universe_v1_2,0.0,true,qfq,true,false,true,true,false,false,true,revised_history,2026-07-11,False
2020-06-04,2020-07-06,full,true,false,0.14472413560327987,1.296717248490112,000852,0.11973842803774404,1.1848725284327126,0.024985707565535836,true,true,research_universe_v1_2,0.0,true,qfq,true,false,true,true,false,false,true,revised_history,2026-07-11,False
2020-07-06,2020-08-03,full,true,false,0.07522606527590829,1.3942641848694253,000852,0.09624442462087424,1.2989099031807996,-0.021018359344965945,true,true,research_universe_v1_2,0.0,true,qfq,true,false,true,true,false,false,true,revised_history,2026-07-11,False
2020-08-03,2020-08-31,full,true,false,0.006347168494141578,1.4031138145761386,000852,-0.020247269215850627,1.2726105246839634,0.026594437709992206,true,true,research_universe_v1_2,0.0,true,qfq,true,false,true,true,false,false,true,revised_history,2026-07-11,False
2020-08-31,2020-09-28,full,true,false,-0.10361505119489094,1.2577301048465734,000852,-0.09325516849966431,1.1539330157701142,-0.010359882695226627,true,true,research_universe_v1_2,0.0,true,qfq,true,false,true,true,false,false,true,revised_history,2026-07-11,False
2020-09-28,2020-11-03,full,true,false,0.01099685188391149,1.2715611765195076,000852,0.01484038306233093,1.1710578237524134,-0.0038435311784194414,true,true,research_universe_v1_2,0.0,true,qfq,true,false,true,true,false,false,true,revised_history,2026-07-11,False
2020-11-03,2020-12-01,full,true,false,-0.006863184877291242,1.2628342170822684,000852,0.009875774341940868,1.1826229265611565,-0.01673895921923211,true,true,research_universe_v1_2,0.0,true,qfq,true,false,true,true,false,false,true,revised_history,2026-07-11,False
2020-12-01,2020-12-29,full,true,false,-0.08454149127253054,1.156072329140155,000852,-0.035149994860893985,1.1410537367701565,-0.04939149641163655,true,true,research_universe_v1_2,0.0,true,qfq,true,false,true,true,false,false,true,revised_history,2026-07-11,False
2020-12-29,2021-01-27,full,true,false,0.022705460067826973,1.1823214832449664,000852,0.009338825367516401,1.151709838352805,0.013366634700310572,true,true,research_universe_v1_2,0.0,true,qfq,true,false,true,true,false,false,true,revised_history,2026-07-11,False
2021-01-27,2021-03-03,full,true,false,0.0007060284314080555,1.1831562358272019,000852,0.002424381476807902,1.154502022351565,-0.0017183530453998464,true,true,research_universe_v1_2,0.0,true,qfq,true,false,true,true,false,false,true,revised_history,2026-07-11,False
2020-01-02,2020-02-07,full,true,false,0.10154335749330018,1.1015433574933002,399006,0.09988323493785267,1.0998832349378527,0.0016601225554475074,true,true,research_universe_v1_2,0.0,true,qfq,true,false,true,true,false,false,true,revised_history,2026-07-11,False
2020-02-07,2020-03-06,full,true,false,0.11490165847738444,1.228112516154027,399006,0.08787578132751261,1.1965363335770487,0.027025877149871827,true,true,research_universe_v1_2,0.0,true,qfq,true,false,true,true,false,false,true,revised_history,2026-07-11,False
2020-03-06,2020-04-03,full,true,false,-0.1499251584882892,1.0439875525281828,399006,-0.13054164728629147,1.0403385095540012,-0.019383511201997716,true,true,research_universe_v1_2,0.0,true,qfq,true,false,true,true,false,false,true,revised_history,2026-07-11,False
2020-04-03,2020-05-07,full,true,false,0.06648719938613533,1.1133993610897674,399006,0.10498408219566047,1.1495574931523294,-0.03849688280952514,true,true,research_universe_v1_2,0.0,true,qfq,true,false,true,true,false,false,true,revised_history,2026-07-11,False
2020-05-07,2020-06-04,full,true,false,0.017404092610972123,1.1327770666831711,399006,0.021145412086347237,1.1738653600619837,-0.003741319475375114,true,true,research_universe_v1_2,0.0,true,qfq,true,false,true,true,false,false,true,revised_history,2026-07-11,False
2020-06-04,2020-07-06,full,true,false,0.14472413560327987,1.296717248490112,399006,0.17574684273888042,1.3801684908934164,-0.03102270713560054,true,true,research_universe_v1_2,0.0,true,qfq,true,false,true,true,false,false,true,revised_history,2026-07-11,False
2020-07-06,2020-08-03,full,true,false,0.07522606527590829,1.3942641848694253,399006,0.13417329184934523,1.565350240623329,-0.05894722657343694,true,true,research_universe_v1_2,0.0,true,qfq,true,false,true,true,false,false,true,revised_history,2026-07-11,False
2020-08-03,2020-08-31,full,true,false,0.006347168494141578,1.4031138145761386,399006,-0.04899821533141857,1.4886508724641794,0.055345383825560146,true,true,research_universe_v1_2,0.0,true,qfq,true,false,true,true,false,false,true,revised_history,2026-07-11,False
2020-08-31,2020-09-28,full,true,false,-0.10361505119489094,1.2577301048465734,399006,-0.07589313531087005,1.3756724903696107,-0.027721915884020884,true,true,research_universe_v1_2,0.0,true,qfq,true,false,true,true,false,false,true,revised_history,2026-07-11,False
2020-09-28,2020-11-03,full,true,false,0.01099685188391149,1.2715611765195076,399006,0.08847198810114021,1.4973809705686567,-0.07747513621722872,true,true,research_universe_v1_2,0.0,true,qfq,true,false,true,true,false,false,true,revised_history,2026-07-11,False
2020-11-03,2020-12-01,full,true,false,-0.006863184877291242,1.2628342170822684,399006,-0.016714583993790777,1.472352870565383,0.009851399116499536,true,true,research_universe_v1_2,0.0,true,qfq,true,false,true,true,false,false,true,revised_history,2026-07-11,False
2020-12-01,2020-12-29,full,true,false,-0.08454149127253054,1.156072329140155,399006,0.0424541586991003,1.5348603729934416,-0.12699564997163082,true,true,research_universe_v1_2,0.0,true,qfq,true,false,true,true,false,false,true,revised_history,2026-07-11,False
2020-12-29,2021-01-27,full,true,false,0.022705460067826973,1.1823214832449664,399006,0.16638108780661232,1.790232111483353,-0.14367562773878534,true,true,research_universe_v1_2,0.0,true,qfq,true,false,true,true,false,false,true,revised_history,2026-07-11,False
2021-01-27,2021-03-03,full,true,false,0.0007060284314080555,1.1831562358272019,399006,-0.08633874118798068,1.6356657245435797,0.08704476961938874,true,true,research_universe_v1_2,0.0,true,qfq,true,false,true,true,false,false,true,revised_history,2026-07-11,False
2020-01-02,2020-02-07,full,true,false,0.10054335749330018,1.1005433574933001,000300,-0.06077924204766583,0.9392207579523342,0.161322599540966,true,true,research_universe_v1_2,0.001,true,qfq,true,false,true,true,false,false,true,revised_history,2026-07-11,False
2020-02-07,2020-03-06,full,true,false,0.11483120739802415,1.2269200800281312,000300,0.061191783315854176,0.9966933510587057,0.05363942408216997,true,true,research_universe_v1_2,0.001,true,qfq,true,false,true,true,false,false,true,revised_history,2026-07-11,False
2020-03-06,2020-04-03,full,true,false,-0.14998456497232293,1.0429010055693044,000300,-0.10276403826497948,0.8942691173920583,-0.047220526707343446,true,true,research_universe_v1_2,0.001,true,qfq,true,false,true,true,false,false,true,revised_history,2026-07-11,False
2020-04-03,2020-05-07,full,true,false,0.06645586835668203,1.1122078975044694,000300,0.05700443281033718,0.9452464212087934,0.009451435546344852,true,true,research_universe_v1_2,0.001,true,qfq,true,false,true,true,false,false,true,revised_history,2026-07-11,False
2020-05-07,2020-06-04,full,true,false,0.01735823120240842,1.1315138593344964,000300,0.01459913526238954,0.9590462015683102,0.0027590959400188818,true,true,research_universe_v1_2,0.001,true,qfq,true,false,true,true,false,false,true,revised_history,2026-07-11,False
2020-06-04,2020-07-06,full,true,false,0.14468524950139527,1.2952272243865948,000300,0.17274414329803456,1.124715816041462,-0.028058893796639284,true,true,research_universe_v1_2,0.001,true,qfq,true,false,true,true,false,false,true,revised_history,2026-07-11,False
2020-07-06,2020-08-03,full,true,false,0.07518102413095687,1.3926037335982757,000300,0.021674100499133875,1.14909301967131,0.053506923631822995,true,true,research_universe_v1_2,0.001,true,qfq,true,false,true,true,false,false,true,revised_history,2026-07-11,False
2020-08-03,2020-08-31,full,true,false,0.006273600281342512,1.4013403727731766,000300,0.009412509352777265,1.1599088684661774,-0.0031389090714347536,true,true,research_universe_v1_2,0.001,true,qfq,true,false,true,true,false,false,true,revised_history,2026-07-11,False
2020-08-31,2020-09-28,full,true,false,-0.10365915404982197,1.256078615195647,000300,-0.04865018624564499,1.1034790859873225,-0.05500896780417698,true,true,research_universe_v1_2,0.001,true,qfq,true,false,true,true,false,false,true,revised_history,2026-07-11,False
2020-09-28,2020-11-03,full,true,false,0.01097111948653856,1.269859203767444,000300,0.04270053318375977,1.150598231316109,-0.03172941369722121,true,true,research_universe_v1_2,0.001,true,qfq,true,false,true,true,false,false,true,revised_history,2026-07-11,False
2020-11-03,2020-12-01,full,true,false,-0.006897846348446728,1.2610999100956954,000300,0.06060415777091244,1.2203292680577231,-0.06750200411935917,true,true,research_universe_v1_2,0.001,true,qfq,true,false,true,true,false,false,true,revised_history,2026-07-11,False
2020-12-01,2020-12-29,full,true,false,-0.08456841655615728,1.1544506875797902,000300,-0.004768013262023807,1.214510721923588,-0.07980040329413347,true,true,research_universe_v1_2,0.001,true,qfq,true,false,true,true,false,false,true,revised_history,2026-07-11,False
2020-12-29,2021-01-27,full,true,false,0.022661404201595927,1.1806121612418463,000300,0.09618595501830285,1.3313295955917768,-0.07352455081670692,true,true,research_universe_v1_2,0.001,true,qfq,true,false,true,true,false,false,true,revised_history,2026-07-11,False
2021-01-27,2021-03-03,full,true,false,0.0006551870182626001,1.1813856830034948,000300,-0.013710202604920396,1.3130767971022868,0.014365389623182996,true,true,research_universe_v1_2,0.001,true,qfq,true,false,true,true,false,false,true,revised_history,2026-07-11,False
2020-01-02,2020-02-07,full,true,false,0.10054335749330018,1.1005433574933001,000852,-0.016376115111969236,0.9836238848880308,0.11691947260526941,true,true,research_universe_v1_2,0.001,true,qfq,true,false,true,true,false,false,true,revised_history,2026-07-11,False
2020-02-07,2020-03-06,full,true,false,0.11483120739802415,1.2269200800281312,000852,0.127720467082169,1.1092527868991078,-0.012889259684144852,true,true,research_universe_v1_2,0.001,true,qfq,true,false,true,true,false,false,true,revised_history,2026-07-11,False
2020-03-06,2020-04-03,full,true,false,-0.14998456497232293,1.0429010055693044,000852,-0.12540139818382212,0.9701509364826584,-0.02458316678850081,true,true,research_universe_v1_2,0.001,true,qfq,true,false,true,true,false,false,true,revised_history,2026-07-11,False
2020-04-03,2020-05-07,full,true,false,0.06645586835668203,1.1122078975044694,000852,0.052432124231903465,1.0210180109080147,0.014023744124778567,true,true,research_universe_v1_2,0.001,true,qfq,true,false,true,true,false,false,true,revised_history,2026-07-11,False
2020-05-07,2020-06-04,full,true,false,0.01735823120240842,1.1315138593344964,000852,0.03638625435008036,1.0581690319489268,-0.01902802314767194,true,true,research_universe_v1_2,0.001,true,qfq,true,false,true,true,false,false,true,revised_history,2026-07-11,False
2020-06-04,2020-07-06,full,true,false,0.14468524950139527,1.2952272243865948,000852,0.11973842803774404,1.1848725284327126,0.024946821463651236,true,true,research_universe_v1_2,0.001,true,qfq,true,false,true,true,false,false,true,revised_history,2026-07-11,False
2020-07-06,2020-08-03,full,true,false,0.07518102413095687,1.3926037335982757,000852,0.09624442462087424,1.2989099031807996,-0.021063400489917367,true,true,research_universe_v1_2,0.001,true,qfq,true,false,true,true,false,false,true,revised_history,2026-07-11,False
2020-08-03,2020-08-31,full,true,false,0.006273600281342512,1.4013403727731766,000852,-0.020247269215850627,1.2726105246839634,0.02652086949719314,true,true,research_universe_v1_2,0.001,true,qfq,true,false,true,true,false,false,true,revised_history,2026-07-11,False
2020-08-31,2020-09-28,full,true,false,-0.10365915404982197,1.256078615195647,000852,-0.09325516849966431,1.1539330157701142,-0.01040398555015766,true,true,research_universe_v1_2,0.001,true,qfq,true,false,true,true,false,false,true,revised_history,2026-07-11,False
2020-09-28,2020-11-03,full,true,false,0.01097111948653856,1.269859203767444,000852,0.01484038306233093,1.1710578237524134,-0.00386926357579237,true,true,research_universe_v1_2,0.001,true,qfq,true,false,true,true,false,false,true,revised_history,2026-07-11,False
2020-11-03,2020-12-01,full,true,false,-0.006897846348446728,1.2610999100956954,000852,0.009875774341940868,1.1826229265611565,-0.016773620690387597,true,true,research_universe_v1_2,0.001,true,qfq,true,false,true,true,false,false,true,revised_history,2026-07-11,False
2020-12-01,2020-12-29,full,true,false,-0.08456841655615728,1.1544506875797902,000852,-0.035149994860893985,1.1410537367701565,-0.049418421695263295,true,true,research_universe_v1_2,0.001,true,qfq,true,false,true,true,false,false,true,revised_history,2026-07-11,False
2020-12-29,2021-01-27,full,true,false,0.022661404201595927,1.1806121612418463,000852,0.009338825367516401,1.151709838352805,0.013322578834079526,true,true,research_universe_v1_2,0.001,true,qfq,true,false,true,true,false,false,true,revised_history,2026-07-11,False
2021-01-27,2021-03-03,full,true,false,0.0006551870182626001,1.1813856830034948,000852,0.002424381476807902,1.154502022351565,-0.001769194458545302,true,true,research_universe_v1_2,0.001,true,qfq,true,false,true,true,false,false,true,revised_history,2026-07-11,False
2020-01-02,2020-02-07,full,true,false,0.10054335749330018,1.1005433574933001,399006,0.09988323493785267,1.0998832349378527,0.0006601225554475065,true,true,research_universe_v1_2,0.001,true,qfq,true,false,true,true,false,false,true,revised_history,2026-07-11,False
2020-02-07,2020-03-06,full,true,false,0.11483120739802415,1.2269200800281312,399006,0.08787578132751261,1.1965363335770487,0.02695542607051153,true,true,research_universe_v1_2,0.001,true,qfq,true,false,true,true,false,false,true,revised_history,2026-07-11,False
2020-03-06,2020-04-03,full,true,false,-0.14998456497232293,1.0429010055693044,399006,-0.13054164728629147,1.0403385095540012,-0.019442917686031458,true,true,research_universe_v1_2,0.001,true,qfq,true,false,true,true,false,false,true,revised_history,2026-07-11,False
2020-04-03,2020-05-07,full,true,false,0.06645586835668203,1.1122078975044694,399006,0.10498408219566047,1.1495574931523294,-0.038528213838978434,true,true,research_universe_v1_2,0.001,true,qfq,true,false,true,true,false,false,true,revised_history,2026-07-11,False
2020-05-07,2020-06-04,full,true,false,0.01735823120240842,1.1315138593344964,399006,0.021145412086347237,1.1738653600619837,-0.0037871808839388156,true,true,research_universe_v1_2,0.001,true,qfq,true,false,true,true,false,false,true,revised_history,2026-07-11,False
2020-06-04,2020-07-06,full,true,false,0.14468524950139527,1.2952272243865948,399006,0.17574684273888042,1.3801684908934164,-0.03106159323748514,true,true,research_universe_v1_2,0.001,true,qfq,true,false,true,true,false,false,true,revised_history,2026-07-11,False
2020-07-06,2020-08-03,full,true,false,0.07518102413095687,1.3926037335982757,399006,0.13417329184934523,1.565350240623329,-0.058992267718388364,true,true,research_universe_v1_2,0.001,true,qfq,true,false,true,true,false,false,true,revised_history,2026-07-11,False
2020-08-03,2020-08-31,full,true,false,0.006273600281342512,1.4013403727731766,399006,-0.04899821533141857,1.4886508724641794,0.05527181561276108,true,true,research_universe_v1_2,0.001,true,qfq,true,false,true,true,false,false,true,revised_history,2026-07-11,False
2020-08-31,2020-09-28,full,true,false,-0.10365915404982197,1.256078615195647,399006,-0.07589313531087005,1.3756724903696107,-0.027766018738951917,true,true,research_universe_v1_2,0.001,true,qfq,true,false,true,true,false,false,true,revised_history,2026-07-11,False
2020-09-28,2020-11-03,full,true,false,0.01097111948653856,1.269859203767444,399006,0.08847198810114021,1.4973809705686567,-0.07750086861460165,true,true,research_universe_v1_2,0.001,true,qfq,true,false,true,true,false,false,true,revised_history,2026-07-11,False
2020-11-03,2020-12-01,full,true,false,-0.006897846348446728,1.2610999100956954,399006,-0.016714583993790777,1.472352870565383,0.009816737645344048,true,true,research_universe_v1_2,0.001,true,qfq,true,false,true,true,false,false,true,revised_history,2026-07-11,False
2020-12-01,2020-12-29,full,true,false,-0.08456841655615728,1.1544506875797902,399006,0.0424541586991003,1.5348603729934416,-0.12702257525525756,true,true,research_universe_v1_2,0.001,true,qfq,true,false,true,true,false,false,true,revised_history,2026-07-11,False
2020-12-29,2021-01-27,full,true,false,0.022661404201595927,1.1806121612418463,399006,0.16638108780661232,1.790232111483353,-0.14371968360501639,true,true,research_universe_v1_2,0.001,true,qfq,true,false,true,true,false,false,true,revised_history,2026-07-11,False
2021-01-27,2021-03-03,full,true,false,0.0006551870182626001,1.1813856830034948,399006,-0.08633874118798068,1.6356657245435797,0.08699392820624328,true,true,research_universe_v1_2,0.001,true,qfq,true,false,true,true,false,false,true,revised_history,2026-07-11,False
2020-01-02,2020-02-07,full,true,false,0.09674422033915088,1.0967442203391509,000300,-0.06077924204766583,0.9392207579523342,0.1575234623868167,true,true,expanded_only_v1_2,0.0,true,qfq,true,false,true,true,false,false,true,revised_history,2026-07-11,False
2020-02-07,2020-03-06,full,true,false,0.1194440671534091,1.2277438106434537,000300,0.061191783315854176,0.9966933510587057,0.05825228383755493,true,true,expanded_only_v1_2,0.0,true,qfq,true,false,true,true,false,false,true,revised_history,2026-07-11,False
2020-03-06,2020-04-03,full,true,false,-0.1502655114044534,1.0432562590634626,000300,-0.10276403826497948,0.8942691173920583,-0.04750147313947392,true,true,expanded_only_v1_2,0.0,true,qfq,true,false,true,true,false,false,true,revised_history,2026-07-11,False
2020-04-03,2020-05-07,full,true,false,0.06337780222457691,1.1093755479199388,000300,0.05700443281033718,0.9452464212087934,0.00637336941423973,true,true,expanded_only_v1_2,0.0,true,qfq,true,false,true,true,false,false,true,revised_history,2026-07-11,False
2020-05-07,2020-06-04,full,true,false,0.018165190094742156,1.129527565634363,000300,0.01459913526238954,0.9590462015683102,0.0035660548323526164,true,true,expanded_only_v1_2,0.0,true,qfq,true,false,true,true,false,false,true,revised_history,2026-07-11,False
2020-06-04,2020-07-06,full,true,false,0.14620437163528213,1.294669433612665,000300,0.17274414329803456,1.124715816041462,-0.026539771662752426,true,true,expanded_only_v1_2,0.0,true,qfq,true,false,true,true,false,false,true,revised_history,2026-07-11,False
2020-07-06,2020-08-03,full,true,false,0.07153764092946584,1.3872870306768028,000300,0.021674100499133875,1.14909301967131,0.04986354043033196,true,true,expanded_only_v1_2,0.0,true,qfq,true,false,true,true,false,false,true,revised_history,2026-07-11,False
2020-08-03,2020-08-31,full,true,false,0.007890966880913761,1.3982340666901947,000300,0.009412509352777265,1.1599088684661774,-0.0015215424718635039,true,true,expanded_only_v1_2,0.0,true,qfq,true,false,true,true,false,false,true,revised_history,2026-07-11,False
2020-08-31,2020-09-28,full,true,false,-0.10498752904859,1.2514369269968297,000300,-0.04865018624564499,1.1034790859873225,-0.056337342802945015,true,true,expanded_only_v1_2,0.0,true,qfq,true,false,true,true,false,false,true,revised_history,2026-07-11,False
2020-09-28,2020-11-03,full,true,false,0.010066098379809566,1.2640340142201063,000300,0.04270053318375977,1.150598231316109,-0.0326344348039502,true,true,expanded_only_v1_2,0.0,true,qfq,true,false,true,true,false,false,true,revised_history,2026-07-11,False
2020-11-03,2020-12-01,full,true,false,-0.006014078696111431,1.2564320141840248,000300,0.06060415777091244,1.2203292680577231,-0.06661823646702386,true,true,expanded_only_v1_2,0.0,true,qfq,true,false,true,true,false,false,true,revised_history,2026-07-11,False
2020-12-01,2020-12-29,full,true,false,-0.08491722632631328,1.1497392924719343,000300,-0.004768013262023807,1.214510721923588,-0.08014921306428947,true,true,expanded_only_v1_2,0.0,true,qfq,true,false,true,true,false,false,true,revised_history,2026-07-11,False
2020-12-29,2021-01-27,full,true,false,0.022309545719050076,1.1753894537823253,000300,0.09618595501830285,1.3313295955917768,-0.07387640929925277,true,true,expanded_only_v1_2,0.0,true,qfq,true,false,true,true,false,false,true,revised_history,2026-07-11,False
2021-01-27,2021-03-03,full,true,false,0.00013948854200949512,1.1755534071435265,000300,-0.013710202604920396,1.3130767971022868,0.013849691146929891,true,true,expanded_only_v1_2,0.0,true,qfq,true,false,true,true,false,false,true,revised_history,2026-07-11,False
2020-01-02,2020-02-07,full,true,false,0.09674422033915088,1.0967442203391509,000852,-0.016376115111969236,0.9836238848880308,0.11312033545112012,true,true,expanded_only_v1_2,0.0,true,qfq,true,false,true,true,false,false,true,revised_history,2026-07-11,False
2020-02-07,2020-03-06,full,true,false,0.1194440671534091,1.2277438106434537,000852,0.127720467082169,1.1092527868991078,-0.008276399928759892,true,true,expanded_only_v1_2,0.0,true,qfq,true,false,true,true,false,false,true,revised_history,2026-07-11,False
2020-03-06,2020-04-03,full,true,false,-0.1502655114044534,1.0432562590634626,000852,-0.12540139818382212,0.9701509364826584,-0.024864113220631284,true,true,expanded_only_v1_2,0.0,true,qfq,true,false,true,true,false,false,true,revised_history,2026-07-11,False
2020-04-03,2020-05-07,full,true,false,0.06337780222457691,1.1093755479199388,000852,0.052432124231903465,1.0210180109080147,0.010945677992673444,true,true,expanded_only_v1_2,0.0,true,qfq,true,false,true,true,false,false,true,revised_history,2026-07-11,False
2020-05-07,2020-06-04,full,true,false,0.018165190094742156,1.129527565634363,000852,0.03638625435008036,1.0581690319489268,-0.018221064255338204,true,true,expanded_only_v1_2,0.0,true,qfq,true,false,true,true,false,false,true,revised_history,2026-07-11,False
2020-06-04,2020-07-06,full,true,false,0.14620437163528213,1.294669433612665,000852,0.11973842803774404,1.1848725284327126,0.026465943597538094,true,true,expanded_only_v1_2,0.0,true,qfq,true,false,true,true,false,false,true,revised_history,2026-07-11,False
2020-07-06,2020-08-03,full,true,false,0.07153764092946584,1.3872870306768028,000852,0.09624442462087424,1.2989099031807996,-0.0247067836914084,true,true,expanded_only_v1_2,0.0,true,qfq,true,false,true,true,false,false,true,revised_history,2026-07-11,False
2020-08-03,2020-08-31,full,true,false,0.007890966880913761,1.3982340666901947,000852,-0.020247269215850627,1.2726105246839634,0.02813823609676439,true,true,expanded_only_v1_2,0.0,true,qfq,true,false,true,true,false,false,true,revised_history,2026-07-11,False
2020-08-31,2020-09-28,full,true,false,-0.10498752904859,1.2514369269968297,000852,-0.09325516849966431,1.1539330157701142,-0.011732360548925694,true,true,expanded_only_v1_2,0.0,true,qfq,true,false,true,true,false,false,true,revised_history,2026-07-11,False
2020-09-28,2020-11-03,full,true,false,0.010066098379809566,1.2640340142201063,000852,0.01484038306233093,1.1710578237524134,-0.004774284682521364,true,true,expanded_only_v1_2,0.0,true,qfq,true,false,true,true,false,false,true,revised_history,2026-07-11,False
2020-11-03,2020-12-01,full,true,false,-0.006014078696111431,1.2564320141840248,000852,0.009875774341940868,1.1826229265611565,-0.0158898530380523,true,true,expanded_only_v1_2,0.0,true,qfq,true,false,true,true,false,false,true,revised_history,2026-07-11,False
2020-12-01,2020-12-29,full,true,false,-0.08491722632631328,1.1497392924719343,000852,-0.035149994860893985,1.1410537367701565,-0.049767231465419295,true,true,expanded_only_v1_2,0.0,true,qfq,true,false,true,true,false,false,true,revised_history,2026-07-11,False
2020-12-29,2021-01-27,full,true,false,0.022309545719050076,1.1753894537823253,000852,0.009338825367516401,1.151709838352805,0.012970720351533675,true,true,expanded_only_v1_2,0.0,true,qfq,true,false,true,true,false,false,true,revised_history,2026-07-11,False
2021-01-27,2021-03-03,full,true,false,0.00013948854200949512,1.1755534071435265,000852,0.002424381476807902,1.154502022351565,-0.002284892934798407,true,true,expanded_only_v1_2,0.0,true,qfq,true,false,true,true,false,false,true,revised_history,2026-07-11,False
2020-01-02,2020-02-07,full,true,false,0.09674422033915088,1.0967442203391509,399006,0.09988323493785267,1.0998832349378527,-0.003139014598701792,true,true,expanded_only_v1_2,0.0,true,qfq,true,false,true,true,false,false,true,revised_history,2026-07-11,False
2020-02-07,2020-03-06,full,true,false,0.1194440671534091,1.2277438106434537,399006,0.08787578132751261,1.1965363335770487,0.03156828582589649,true,true,expanded_only_v1_2,0.0,true,qfq,true,false,true,true,false,false,true,revised_history,2026-07-11,False
2020-03-06,2020-04-03,full,true,false,-0.1502655114044534,1.0432562590634626,399006,-0.13054164728629147,1.0403385095540012,-0.019723864118161932,true,true,expanded_only_v1_2,0.0,true,qfq,true,false,true,true,false,false,true,revised_history,2026-07-11,False
2020-04-03,2020-05-07,full,true,false,0.06337780222457691,1.1093755479199388,399006,0.10498408219566047,1.1495574931523294,-0.04160627997108356,true,true,expanded_only_v1_2,0.0,true,qfq,true,false,true,true,false,false,true,revised_history,2026-07-11,False
2020-05-07,2020-06-04,full,true,false,0.018165190094742156,1.129527565634363,399006,0.021145412086347237,1.1738653600619837,-0.002980221991605081,true,true,expanded_only_v1_2,0.0,true,qfq,true,false,true,true,false,false,true,revised_history,2026-07-11,False
2020-06-04,2020-07-06,full,true,false,0.14620437163528213,1.294669433612665,399006,0.17574684273888042,1.3801684908934164,-0.029542471103598283,true,true,expanded_only_v1_2,0.0,true,qfq,true,false,true,true,false,false,true,revised_history,2026-07-11,False
2020-07-06,2020-08-03,full,true,false,0.07153764092946584,1.3872870306768028,399006,0.13417329184934523,1.565350240623329,-0.0626356509198794,true,true,expanded_only_v1_2,0.0,true,qfq,true,false,true,true,false,false,true,revised_history,2026-07-11,False
2020-08-03,2020-08-31,full,true,false,0.007890966880913761,1.3982340666901947,399006,-0.04899821533141857,1.4886508724641794,0.05688918221233233,true,true,expanded_only_v1_2,0.0,true,qfq,true,false,true,true,false,false,true,revised_history,2026-07-11,False
2020-08-31,2020-09-28,full,true,false,-0.10498752904859,1.2514369269968297,399006,-0.07589313531087005,1.3756724903696107,-0.02909439373771995,true,true,expanded_only_v1_2,0.0,true,qfq,true,false,true,true,false,false,true,revised_history,2026-07-11,False
2020-09-28,2020-11-03,full,true,false,0.010066098379809566,1.2640340142201063,399006,0.08847198810114021,1.4973809705686567,-0.07840588972133064,true,true,expanded_only_v1_2,0.0,true,qfq,true,false,true,true,false,false,true,revised_history,2026-07-11,False
2020-11-03,2020-12-01,full,true,false,-0.006014078696111431,1.2564320141840248,399006,-0.016714583993790777,1.472352870565383,0.010700505297679345,true,true,expanded_only_v1_2,0.0,true,qfq,true,false,true,true,false,false,true,revised_history,2026-07-11,False
2020-12-01,2020-12-29,full,true,false,-0.08491722632631328,1.1497392924719343,399006,0.0424541586991003,1.5348603729934416,-0.12737138502541356,true,true,expanded_only_v1_2,0.0,true,qfq,true,false,true,true,false,false,true,revised_history,2026-07-11,False
2020-12-29,2021-01-27,full,true,false,0.022309545719050076,1.1753894537823253,399006,0.16638108780661232,1.790232111483353,-0.14407154208756223,true,true,expanded_only_v1_2,0.0,true,qfq,true,false,true,true,false,false,true,revised_history,2026-07-11,False
2021-01-27,2021-03-03,full,true,false,0.00013948854200949512,1.1755534071435265,399006,-0.08633874118798068,1.6356657245435797,0.08647822972999018,true,true,expanded_only_v1_2,0.0,true,qfq,true,false,true,true,false,false,true,revised_history,2026-07-11,False
2020-01-02,2020-02-07,full,true,false,0.09574422033915088,1.095744220339151,000300,-0.06077924204766583,0.9392207579523342,0.1565234623868167,true,true,expanded_only_v1_2,0.001,true,qfq,true,false,true,true,false,false,true,revised_history,2026-07-11,False
2020-02-07,2020-03-06,full,true,false,0.11937438273588809,1.2265480102785542,000300,0.061191783315854176,0.9966933510587057,0.05818259942003391,true,true,expanded_only_v1_2,0.001,true,qfq,true,false,true,true,false,false,true,revised_history,2026-07-11,False
2020-03-06,2020-04-03,full,true,false,-0.15032403630568172,1.0421683626507792,000300,-0.10276403826497948,0.8942691173920583,-0.04755999804070224,true,true,expanded_only_v1_2,0.001,true,qfq,true,false,true,true,false,false,true,revised_history,2026-07-11,False
2020-04-03,2020-05-07,full,true,false,0.06334603038088779,1.1081855914132555,000300,0.05700443281033718,0.9452464212087934,0.006341597570550611,true,true,expanded_only_v1_2,0.001,true,qfq,true,false,true,true,false,false,true,revised_history,2026-07-11,False
2020-05-07,2020-06-04,full,true,false,0.018119895736856566,1.1282657987867502,000300,0.01459913526238954,0.9590462015683102,0.003520760474467026,true,true,expanded_only_v1_2,0.001,true,qfq,true,false,true,true,false,false,true,revised_history,2026-07-11,False
2020-06-04,2020-07-06,full,true,false,0.14616498539944647,1.2931787527931102,000300,0.17274414329803456,1.124715816041462,-0.026579157898588085,true,true,expanded_only_v1_2,0.001,true,qfq,true,false,true,true,false,false,true,revised_history,2026-07-11,False
2020-07-06,2020-08-03,full,true,false,0.07149228580444382,1.3856310577840294,000300,0.021674100499133875,1.14909301967131,0.049818185305309945,true,true,expanded_only_v1_2,0.001,true,qfq,true,false,true,true,false,false,true,revised_history,2026-07-11,False
2020-08-03,2020-08-31,full,true,false,0.007817892141775876,1.3964637719420798,000300,0.009412509352777265,1.1599088684661774,-0.0015946172110013895,true,true,expanded_only_v1_2,0.001,true,qfq,true,false,true,true,false,false,true,revised_history,2026-07-11,False
2020-08-31,2020-09-28,full,true,false,-0.10503192481247392,1.2497904940441156,000300,-0.04865018624564499,1.1034790859873225,-0.05638173856682893,true,true,expanded_only_v1_2,0.001,true,qfq,true,false,true,true,false,false,true,revised_history,2026-07-11,False
2020-09-28,2020-11-03,full,true,false,0.010040575655790952,1.2623391100534538,000300,0.04270053318375977,1.150598231316109,-0.03265995752796882,true,true,expanded_only_v1_2,0.001,true,qfq,true,false,true,true,false,false,true,revised_history,2026-07-11,False
2020-11-03,2020-12-01,full,true,false,-0.0060489535770852625,1.2547032793782014,000300,0.06060415777091244,1.2203292680577231,-0.0666531113479977,true,true,expanded_only_v1_2,0.001,true,qfq,true,false,true,true,false,false,true,revised_history,2026-07-11,False
2020-12-01,2020-12-29,full,true,false,-0.08494427666384953,1.1481234168836603,000300,-0.004768013262023807,1.214510721923588,-0.08017626340182572,true,true,expanded_only_v1_2,0.001,true,qfq,true,false,true,true,false,false,true,revised_history,2026-07-11,False
2020-12-29,2021-01-27,full,true,false,0.022264823684035793,1.1736861823280875,000300,0.09618595501830285,1.3313295955917768,-0.07392113133426706,true,true,expanded_only_v1_2,0.001,true,qfq,true,false,true,true,false,false,true,revised_history,2026-07-11,False
2021-01-27,2021-03-03,full,true,false,8.784237151123164e-05,1.1737892817057531,000300,-0.013710202604920396,1.3130767971022868,0.013798044976431627,true,true,expanded_only_v1_2,0.001,true,qfq,true,false,true,true,false,false,true,revised_history,2026-07-11,False
2020-01-02,2020-02-07,full,true,false,0.09574422033915088,1.095744220339151,000852,-0.016376115111969236,0.9836238848880308,0.11212033545112012,true,true,expanded_only_v1_2,0.001,true,qfq,true,false,true,true,false,false,true,revised_history,2026-07-11,False
2020-02-07,2020-03-06,full,true,false,0.11937438273588809,1.2265480102785542,000852,0.127720467082169,1.1092527868991078,-0.00834608434628091,true,true,expanded_only_v1_2,0.001,true,qfq,true,false,true,true,false,false,true,revised_history,2026-07-11,False
2020-03-06,2020-04-03,full,true,false,-0.15032403630568172,1.0421683626507792,000852,-0.12540139818382212,0.9701509364826584,-0.024922638121859603,true,true,expanded_only_v1_2,0.001,true,qfq,true,false,true,true,false,false,true,revised_history,2026-07-11,False
2020-04-03,2020-05-07,full,true,false,0.06334603038088779,1.1081855914132555,000852,0.052432124231903465,1.0210180109080147,0.010913906148984326,true,true,expanded_only_v1_2,0.001,true,qfq,true,false,true,true,false,false,true,revised_history,2026-07-11,False
2020-05-07,2020-06-04,full,true,false,0.018119895736856566,1.1282657987867502,000852,0.03638625435008036,1.0581690319489268,-0.018266358613223795,true,true,expanded_only_v1_2,0.001,true,qfq,true,false,true,true,false,false,true,revised_history,2026-07-11,False
2020-06-04,2020-07-06,full,true,false,0.14616498539944647,1.2931787527931102,000852,0.11973842803774404,1.1848725284327126,0.026426557361702435,true,true,expanded_only_v1_2,0.001,true,qfq,true,false,true,true,false,false,true,revised_history,2026-07-11,False
2020-07-06,2020-08-03,full,true,false,0.07149228580444382,1.3856310577840294,000852,0.09624442462087424,1.2989099031807996,-0.024752138816430416,true,true,expanded_only_v1_2,0.001,true,qfq,true,false,true,true,false,false,true,revised_history,2026-07-11,False
2020-08-03,2020-08-31,full,true,false,0.007817892141775876,1.3964637719420798,000852,-0.020247269215850627,1.2726105246839634,0.028065161357626503,true,true,expanded_only_v1_2,0.001,true,qfq,true,false,true,true,false,false,true,revised_history,2026-07-11,False
2020-08-31,2020-09-28,full,true,false,-0.10503192481247392,1.2497904940441156,000852,-0.09325516849966431,1.1539330157701142,-0.011776756312809611,true,true,expanded_only_v1_2,0.001,true,qfq,true,false,true,true,false,false,true,revised_history,2026-07-11,False
2020-09-28,2020-11-03,full,true,false,0.010040575655790952,1.2623391100534538,000852,0.01484038306233093,1.1710578237524134,-0.0047998074065399784,true,true,expanded_only_v1_2,0.001,true,qfq,true,false,true,true,false,false,true,revised_history,2026-07-11,False
2020-11-03,2020-12-01,full,true,false,-0.0060489535770852625,1.2547032793782014,000852,0.009875774341940868,1.1826229265611565,-0.015924727919026133,true,true,expanded_only_v1_2,0.001,true,qfq,true,false,true,true,false,false,true,revised_history,2026-07-11,False
2020-12-01,2020-12-29,full,true,false,-0.08494427666384953,1.1481234168836603,000852,-0.035149994860893985,1.1410537367701565,-0.049794281802955545,true,true,expanded_only_v1_2,0.001,true,qfq,true,false,true,true,false,false,true,revised_history,2026-07-11,False
2020-12-29,2021-01-27,full,true,false,0.022264823684035793,1.1736861823280875,000852,0.009338825367516401,1.151709838352805,0.012925998316519392,true,true,expanded_only_v1_2,0.001,true,qfq,true,false,true,true,false,false,true,revised_history,2026-07-11,False
2021-01-27,2021-03-03,full,true,false,8.784237151123164e-05,1.1737892817057531,000852,0.002424381476807902,1.154502022351565,-0.00233653910529667,true,true,expanded_only_v1_2,0.001,true,qfq,true,false,true,true,false,false,true,revised_history,2026-07-11,False
2020-01-02,2020-02-07,full,true,false,0.09574422033915088,1.095744220339151,399006,0.09988323493785267,1.0998832349378527,-0.004139014598701793,true,true,expanded_only_v1_2,0.001,true,qfq,true,false,true,true,false,false,true,revised_history,2026-07-11,False
2020-02-07,2020-03-06,full,true,false,0.11937438273588809,1.2265480102785542,399006,0.08787578132751261,1.1965363335770487,0.03149860140837547,true,true,expanded_only_v1_2,0.001,true,qfq,true,false,true,true,false,false,true,revised_history,2026-07-11,False
2020-03-06,2020-04-03,full,true,false,-0.15032403630568172,1.0421683626507792,399006,-0.13054164728629147,1.0403385095540012,-0.01978238901939025,true,true,expanded_only_v1_2,0.001,true,qfq,true,false,true,true,false,false,true,revised_history,2026-07-11,False
2020-04-03,2020-05-07,full,true,false,0.06334603038088779,1.1081855914132555,399006,0.10498408219566047,1.1495574931523294,-0.041638051814772675,true,true,expanded_only_v1_2,0.001,true,qfq,true,false,true,true,false,false,true,revised_history,2026-07-11,False
2020-05-07,2020-06-04,full,true,false,0.018119895736856566,1.1282657987867502,399006,0.021145412086347237,1.1738653600619837,-0.0030255163494906714,true,true,expanded_only_v1_2,0.001,true,qfq,true,false,true,true,false,false,true,revised_history,2026-07-11,False
2020-06-04,2020-07-06,full,true,false,0.14616498539944647,1.2931787527931102,399006,0.17574684273888042,1.3801684908934164,-0.029581857339433942,true,true,expanded_only_v1_2,0.001,true,qfq,true,false,true,true,false,false,true,revised_history,2026-07-11,False
2020-07-06,2020-08-03,full,true,false,0.07149228580444382,1.3856310577840294,399006,0.13417329184934523,1.565350240623329,-0.06268100604490141,true,true,expanded_only_v1_2,0.001,true,qfq,true,false,true,true,false,false,true,revised_history,2026-07-11,False
2020-08-03,2020-08-31,full,true,false,0.007817892141775876,1.3964637719420798,399006,-0.04899821533141857,1.4886508724641794,0.05681610747319445,true,true,expanded_only_v1_2,0.001,true,qfq,true,false,true,true,false,false,true,revised_history,2026-07-11,False
2020-08-31,2020-09-28,full,true,false,-0.10503192481247392,1.2497904940441156,399006,-0.07589313531087005,1.3756724903696107,-0.029138789501603868,true,true,expanded_only_v1_2,0.001,true,qfq,true,false,true,true,false,false,true,revised_history,2026-07-11,False
2020-09-28,2020-11-03,full,true,false,0.010040575655790952,1.2623391100534538,399006,0.08847198810114021,1.4973809705686567,-0.07843141244534926,true,true,expanded_only_v1_2,0.001,true,qfq,true,false,true,true,false,false,true,revised_history,2026-07-11,False
2020-11-03,2020-12-01,full,true,false,-0.0060489535770852625,1.2547032793782014,399006,-0.016714583993790777,1.472352870565383,0.010665630416705514,true,true,expanded_only_v1_2,0.001,true,qfq,true,false,true,true,false,false,true,revised_history,2026-07-11,False
2020-12-01,2020-12-29,full,true,false,-0.08494427666384953,1.1481234168836603,399006,0.0424541586991003,1.5348603729934416,-0.1273984353629498,true,true,expanded_only_v1_2,0.001,true,qfq,true,false,true,true,false,false,true,revised_history,2026-07-11,False
2020-12-29,2021-01-27,full,true,false,0.022264823684035793,1.1736861823280875,399006,0.16638108780661232,1.790232111483353,-0.14411626412257653,true,true,expanded_only_v1_2,0.001,true,qfq,true,false,true,true,false,false,true,revised_history,2026-07-11,False
2021-01-27,2021-03-03,full,true,false,8.784237151123164e-05,1.1737892817057531,399006,-0.08633874118798068,1.6356657245435797,0.08642658355949191,true,true,expanded_only_v1_2,0.001,true,qfq,true,false,true,true,false,false,true,revised_history,2026-07-11,False
