universe_name,transaction_cost,benchmark_code,universe_count,scenario_status,baseline_start_date,last_full_period_end,termination_date,termination_reason,valid_period_count,invalid_period_count,average_coverage_ratio,minimum_coverage_ratio,positive_period_ratio,average_turnover,total_cost_drag,dropped_stock_period_count,latest_partial_period_return,cumulative_return,annualized_return,annualized_volatility,sharpe_ratio,period_endpoint_maximum_drawdown,calmar_ratio,benchmark_comparison_valid,benchmark_cumulative_return,benchmark_annualized_return,benchmark_annualized_volatility,benchmark_period_endpoint_maximum_drawdown,portfolio_minus_benchmark_cumulative_return,tracking_error,information_ratio,latest_partial_benchmark_return,research_baseline_only,adjusted_return_source,current_universe_historical_performance,point_in_time_strategy_backtest,survivorship_or_future_universe_bias,close_to_close_execution_assumption,execution_sim_ready,formal_performance_conclusion_allowed,no_investment_conclusion
research_universe_v1_2,0.0,000300,56,terminated_on_invalid_period,2020-01-02,2021-03-03,2021-03-03,end_price_missing,14,2,0.8788265306122448,0.8571428571428571,0.7142857142857143,0.11363319625063084,0.0,2,,0.18315623582720186,0.15511333236034064,0.2995691446837324,0.6492238007604828,-0.17606660476834624,0.8809923526635038,true,0.31307679710228675,0.26304611113683607,0.24616705445587778,-0.10573088260794172,-0.1299205612750849,0.23129681274395744,-0.347662129977195,,true,qfq,true,false,true,true,false,false,true
research_universe_v1_2,0.0,000852,56,terminated_on_invalid_period,2020-01-02,2021-03-03,2021-03-03,end_price_missing,14,2,0.8788265306122448,0.8571428571428571,0.7142857142857143,0.11363319625063084,0.0,2,,0.18315623582720186,0.15511333236034064,0.2995691446837324,0.6492238007604828,-0.17606660476834624,0.8809923526635038,true,0.15450202235156496,0.13108635709520033,0.25758191730940155,-0.12540139818382212,0.028654213475636903,0.138966556594942,0.24303267275544502,,true,qfq,true,false,true,true,false,false,true
research_universe_v1_2,0.0,399006,56,terminated_on_invalid_period,2020-01-02,2021-03-03,2021-03-03,end_price_missing,14,2,0.8788265306122448,0.8571428571428571,0.7142857142857143,0.11363319625063084,0.0,2,,0.18315623582720186,0.15511333236034064,0.2995691446837324,0.6492238007604828,-0.17606660476834624,0.8809923526635038,true,0.6356657245435797,0.5248135538679077,0.34903645205428596,-0.13054164728629147,-0.45250948871637786,0.22609767699237532,-1.3794002062094057,,true,qfq,true,false,true,true,false,false,true
research_universe_v1_2,0.001,000300,56,terminated_on_invalid_period,2020-01-02,2021-03-03,2021-03-03,end_price_missing,14,2,0.8788265306122448,0.8571428571428571,0.7142857142857143,0.11363319625063084,0.001590864747508832,2,,0.18138568300349478,0.1536311232943388,0.2993025860535422,0.6450182839210291,-0.1761810977477264,0.8720068455602605,true,0.31307679710228675,0.26304611113683607,0.24616705445587778,-0.10573088260794172,-0.13169111409879197,0.23060719247741837,-0.3549105297584031,,true,qfq,true,false,true,true,false,false,true
research_universe_v1_2,0.001,000852,56,terminated_on_invalid_period,2020-01-02,2021-03-03,2021-03-03,end_price_missing,14,2,0.8788265306122448,0.8571428571428571,0.7142857142857143,0.11363319625063084,0.001590864747508832,2,,0.18138568300349478,0.1536311232943388,0.2993025860535422,0.6450182839210291,-0.1761810977477264,0.8720068455602605,true,0.15450202235156496,0.13108635709520033,0.25758191730940155,-0.12540139818382212,0.02688366065192982,0.1381940148795835,0.23403065196646028,,true,qfq,true,false,true,true,false,false,true
research_universe_v1_2,0.001,399006,56,terminated_on_invalid_period,2020-01-02,2021-03-03,2021-03-03,end_price_missing,14,2,0.8788265306122448,0.8571428571428571,0.7142857142857143,0.11363319625063084,0.001590864747508832,2,,0.18138568300349478,0.1536311232943388,0.2993025860535422,0.6450182839210291,-0.1761810977477264,0.8720068455602605,true,0.6356657245435797,0.5248135538679077,0.34903645205428596,-0.13054164728629147,-0.45428004154008494,0.2259604589169632,-1.3865742795939564,,true,qfq,true,false,true,true,false,false,true
expanded_only_v1_2,0.0,000300,55,terminated_on_invalid_period,2020-01-02,2021-03-03,2021-03-03,end_price_missing,14,2,0.8766233766233765,0.8545454545454545,0.7142857142857143,0.11366453801748393,0.0,2,,0.17555340714352652,0.1487464200873252,0.2999659770704595,0.629156491758789,-0.17772044047423363,0.8369685540414291,true,0.31307679710228675,0.26304611113683607,0.24616705445587778,-0.10573088260794172,-0.13752338995876023,0.22836300685044214,-0.3773598039608486,,true,qfq,true,false,true,true,false,false,true
expanded_only_v1_2,0.0,000852,55,terminated_on_invalid_period,2020-01-02,2021-03-03,2021-03-03,end_price_missing,14,2,0.8766233766233765,0.8545454545454545,0.7142857142857143,0.11366453801748393,0.0,2,,0.17555340714352652,0.1487464200873252,0.2999659770704595,0.629156491758789,-0.17772044047423363,0.8369685540414291,true,0.15450202235156496,0.13108635709520033,0.25758191730940155,-0.12540139818382212,0.021051384791961558,0.13581522066815208,0.20624740447788376,,true,qfq,true,false,true,true,false,false,true
expanded_only_v1_2,0.0,399006,55,terminated_on_invalid_period,2020-01-02,2021-03-03,2021-03-03,end_price_missing,14,2,0.8766233766233765,0.8545454545454545,0.7142857142857143,0.11366453801748393,0.0,2,,0.17555340714352652,0.1487464200873252,0.2999659770704595,0.629156491758789,-0.17772044047423363,0.8369685540414291,true,0.6356657245435797,0.5248135538679077,0.34903645205428596,-0.13054164728629147,-0.4601123174000532,0.22843143413936048,-1.3905313004971862,,true,qfq,true,false,true,true,false,false,true
expanded_only_v1_2,0.001,000300,55,terminated_on_invalid_period,2020-01-02,2021-03-03,2021-03-03,end_price_missing,14,2,0.8766233766233765,0.8545454545454545,0.7142857142857143,0.11366453801748393,0.0015913035322447752,2,,0.17378928170575314,0.1472682327528234,0.2997121471270806,0.6249108366042079,-0.17783515766617386,0.828116524794666,true,0.31307679710228675,0.26304611113683607,0.24616705445587778,-0.10573088260794172,-0.1392875153965336,0.22768156468816717,-0.3847794738937253,,true,qfq,true,false,true,true,false,false,true
expanded_only_v1_2,0.001,000852,55,terminated_on_invalid_period,2020-01-02,2021-03-03,2021-03-03,end_price_missing,14,2,0.8766233766233765,0.8545454545454545,0.7142857142857143,0.11366453801748393,0.0015913035322447752,2,,0.17378928170575314,0.1472682327528234,0.2997121471270806,0.6249108366042079,-0.17783515766617386,0.828116524794666,true,0.15450202235156496,0.13108635709520033,0.25758191730940155,-0.12540139818382212,0.01928725935418818,0.13505272721996403,0.19680730718667064,,true,qfq,true,false,true,true,false,false,true
expanded_only_v1_2,0.001,399006,55,terminated_on_invalid_period,2020-01-02,2021-03-03,2021-03-03,end_price_missing,14,2,0.8766233766233765,0.8545454545454545,0.7142857142857143,0.11366453801748393,0.0015913035322447752,2,,0.17378928170575314,0.1472682327528234,0.2997121471270806,0.6249108366042079,-0.17783515766617386,0.828116524794666,true,0.6356657245435797,0.5248135538679077,0.34903645205428596,-0.13054164728629147,-0.4618764428378266,0.22831280275870755,-1.397526676173632,,true,qfq,true,false,true,true,false,false,true
