symbol,asset_type,endpoint,adjust_type,date_window,status,row_count,columns,elapsed_seconds,error_type,error_message
000063,stock,ak.stock_zh_a_hist,raw,full:20200101-20260616,error,0,,5.921,SSLError,"HTTPSConnectionPool(host='push2his.eastmoney.com', port=443): Max retries exceeded with url: /api/qt/stock/kline/get?fields1=f1%2Cf2%2Cf3%2Cf4%2Cf5%2Cf6&fields2=f51%2Cf52%2Cf53%2Cf54%2Cf55%2Cf56%2Cf57%2Cf58%2Cf59%2Cf60%2Cf61%2Cf116&ut=7eea3edcaed734bea9cbfc24409ed989&klt=101&fqt=0&secid=0.000063&beg=20200101&end=20260616 (Caused by SSLError(SSLEOFError(8, '[SSL: UNEXPECTED_EOF_WHILE_READING] EOF occurred in violation of protocol (_ssl.c:1028)')))"
000063,stock,ak.stock_zh_a_hist,qfq,full:20200101-20260616,error,0,,5.672,SSLError,"HTTPSConnectionPool(host='push2his.eastmoney.com', port=443): Max retries exceeded with url: /api/qt/stock/kline/get?fields1=f1%2Cf2%2Cf3%2Cf4%2Cf5%2Cf6&fields2=f51%2Cf52%2Cf53%2Cf54%2Cf55%2Cf56%2Cf57%2Cf58%2Cf59%2Cf60%2Cf61%2Cf116&ut=7eea3edcaed734bea9cbfc24409ed989&klt=101&fqt=1&secid=0.000063&beg=20200101&end=20260616 (Caused by SSLError(SSLEOFError(8, '[SSL: UNEXPECTED_EOF_WHILE_READING] EOF occurred in violation of protocol (_ssl.c:1028)')))"
000063,stock,ak.stock_zh_a_hist,raw,short:20250101-20260616,error,0,,5.857,SSLError,"HTTPSConnectionPool(host='push2his.eastmoney.com', port=443): Max retries exceeded with url: /api/qt/stock/kline/get?fields1=f1%2Cf2%2Cf3%2Cf4%2Cf5%2Cf6&fields2=f51%2Cf52%2Cf53%2Cf54%2Cf55%2Cf56%2Cf57%2Cf58%2Cf59%2Cf60%2Cf61%2Cf116&ut=7eea3edcaed734bea9cbfc24409ed989&klt=101&fqt=0&secid=0.000063&beg=20250101&end=20260616 (Caused by SSLError(SSLEOFError(8, '[SSL: UNEXPECTED_EOF_WHILE_READING] EOF occurred in violation of protocol (_ssl.c:1028)')))"
000063,stock,ak.stock_zh_a_hist,qfq,short:20250101-20260616,error,0,,2.921,ProxyError,"HTTPSConnectionPool(host='push2his.eastmoney.com', port=443): Max retries exceeded with url: /api/qt/stock/kline/get?fields1=f1%2Cf2%2Cf3%2Cf4%2Cf5%2Cf6&fields2=f51%2Cf52%2Cf53%2Cf54%2Cf55%2Cf56%2Cf57%2Cf58%2Cf59%2Cf60%2Cf61%2Cf116&ut=7eea3edcaed734bea9cbfc24409ed989&klt=101&fqt=1&secid=0.000063&beg=20250101&end=20260616 (Caused by ProxyError('Unable to connect to proxy', RemoteDisconnected('Remote end closed connection without response')))"
300857,stock,ak.stock_zh_a_hist,raw,full:20200101-20260616,error,0,,6.007,SSLError,"HTTPSConnectionPool(host='push2his.eastmoney.com', port=443): Max retries exceeded with url: /api/qt/stock/kline/get?fields1=f1%2Cf2%2Cf3%2Cf4%2Cf5%2Cf6&fields2=f51%2Cf52%2Cf53%2Cf54%2Cf55%2Cf56%2Cf57%2Cf58%2Cf59%2Cf60%2Cf61%2Cf116&ut=7eea3edcaed734bea9cbfc24409ed989&klt=101&fqt=0&secid=0.300857&beg=20200101&end=20260616 (Caused by SSLError(SSLEOFError(8, '[SSL: UNEXPECTED_EOF_WHILE_READING] EOF occurred in violation of protocol (_ssl.c:1028)')))"
300857,stock,ak.stock_zh_a_hist,qfq,full:20200101-20260616,error,0,,5.723,SSLError,"HTTPSConnectionPool(host='push2his.eastmoney.com', port=443): Max retries exceeded with url: /api/qt/stock/kline/get?fields1=f1%2Cf2%2Cf3%2Cf4%2Cf5%2Cf6&fields2=f51%2Cf52%2Cf53%2Cf54%2Cf55%2Cf56%2Cf57%2Cf58%2Cf59%2Cf60%2Cf61%2Cf116&ut=7eea3edcaed734bea9cbfc24409ed989&klt=101&fqt=1&secid=0.300857&beg=20200101&end=20260616 (Caused by SSLError(SSLEOFError(8, '[SSL: UNEXPECTED_EOF_WHILE_READING] EOF occurred in violation of protocol (_ssl.c:1028)')))"
300857,stock,ak.stock_zh_a_hist,raw,short:20250101-20260616,error,0,,7.149,SSLError,"HTTPSConnectionPool(host='push2his.eastmoney.com', port=443): Max retries exceeded with url: /api/qt/stock/kline/get?fields1=f1%2Cf2%2Cf3%2Cf4%2Cf5%2Cf6&fields2=f51%2Cf52%2Cf53%2Cf54%2Cf55%2Cf56%2Cf57%2Cf58%2Cf59%2Cf60%2Cf61%2Cf116&ut=7eea3edcaed734bea9cbfc24409ed989&klt=101&fqt=0&secid=0.300857&beg=20250101&end=20260616 (Caused by SSLError(SSLEOFError(8, '[SSL: UNEXPECTED_EOF_WHILE_READING] EOF occurred in violation of protocol (_ssl.c:1028)')))"
300857,stock,ak.stock_zh_a_hist,qfq,short:20250101-20260616,error,0,,6.748,SSLError,"HTTPSConnectionPool(host='push2his.eastmoney.com', port=443): Max retries exceeded with url: /api/qt/stock/kline/get?fields1=f1%2Cf2%2Cf3%2Cf4%2Cf5%2Cf6&fields2=f51%2Cf52%2Cf53%2Cf54%2Cf55%2Cf56%2Cf57%2Cf58%2Cf59%2Cf60%2Cf61%2Cf116&ut=7eea3edcaed734bea9cbfc24409ed989&klt=101&fqt=1&secid=0.300857&beg=20250101&end=20260616 (Caused by SSLError(SSLEOFError(8, '[SSL: UNEXPECTED_EOF_WHILE_READING] EOF occurred in violation of protocol (_ssl.c:1028)')))"
000681,stock,ak.stock_zh_a_hist,raw,full:20200101-20260616,error,0,,8.058,ProxyError,"HTTPSConnectionPool(host='push2his.eastmoney.com', port=443): Max retries exceeded with url: /api/qt/stock/kline/get?fields1=f1%2Cf2%2Cf3%2Cf4%2Cf5%2Cf6&fields2=f51%2Cf52%2Cf53%2Cf54%2Cf55%2Cf56%2Cf57%2Cf58%2Cf59%2Cf60%2Cf61%2Cf116&ut=7eea3edcaed734bea9cbfc24409ed989&klt=101&fqt=0&secid=0.000681&beg=20200101&end=20260616 (Caused by ProxyError('Unable to connect to proxy', RemoteDisconnected('Remote end closed connection without response')))"
000681,stock,ak.stock_zh_a_hist,qfq,full:20200101-20260616,error,0,,7.106,SSLError,"HTTPSConnectionPool(host='push2his.eastmoney.com', port=443): Max retries exceeded with url: /api/qt/stock/kline/get?fields1=f1%2Cf2%2Cf3%2Cf4%2Cf5%2Cf6&fields2=f51%2Cf52%2Cf53%2Cf54%2Cf55%2Cf56%2Cf57%2Cf58%2Cf59%2Cf60%2Cf61%2Cf116&ut=7eea3edcaed734bea9cbfc24409ed989&klt=101&fqt=1&secid=0.000681&beg=20200101&end=20260616 (Caused by SSLError(SSLEOFError(8, '[SSL: UNEXPECTED_EOF_WHILE_READING] EOF occurred in violation of protocol (_ssl.c:1028)')))"
000681,stock,ak.stock_zh_a_hist,raw,short:20250101-20260616,error,0,,5.813,SSLError,"HTTPSConnectionPool(host='push2his.eastmoney.com', port=443): Max retries exceeded with url: /api/qt/stock/kline/get?fields1=f1%2Cf2%2Cf3%2Cf4%2Cf5%2Cf6&fields2=f51%2Cf52%2Cf53%2Cf54%2Cf55%2Cf56%2Cf57%2Cf58%2Cf59%2Cf60%2Cf61%2Cf116&ut=7eea3edcaed734bea9cbfc24409ed989&klt=101&fqt=0&secid=0.000681&beg=20250101&end=20260616 (Caused by SSLError(SSLEOFError(8, '[SSL: UNEXPECTED_EOF_WHILE_READING] EOF occurred in violation of protocol (_ssl.c:1028)')))"
000681,stock,ak.stock_zh_a_hist,qfq,short:20250101-20260616,error,0,,6.171,SSLError,"HTTPSConnectionPool(host='push2his.eastmoney.com', port=443): Max retries exceeded with url: /api/qt/stock/kline/get?fields1=f1%2Cf2%2Cf3%2Cf4%2Cf5%2Cf6&fields2=f51%2Cf52%2Cf53%2Cf54%2Cf55%2Cf56%2Cf57%2Cf58%2Cf59%2Cf60%2Cf61%2Cf116&ut=7eea3edcaed734bea9cbfc24409ed989&klt=101&fqt=1&secid=0.000681&beg=20250101&end=20260616 (Caused by SSLError(SSLEOFError(8, '[SSL: UNEXPECTED_EOF_WHILE_READING] EOF occurred in violation of protocol (_ssl.c:1028)')))"
000901,stock,ak.stock_zh_a_hist,raw,full:20200101-20260616,error,0,,5.811,SSLError,"HTTPSConnectionPool(host='push2his.eastmoney.com', port=443): Max retries exceeded with url: /api/qt/stock/kline/get?fields1=f1%2Cf2%2Cf3%2Cf4%2Cf5%2Cf6&fields2=f51%2Cf52%2Cf53%2Cf54%2Cf55%2Cf56%2Cf57%2Cf58%2Cf59%2Cf60%2Cf61%2Cf116&ut=7eea3edcaed734bea9cbfc24409ed989&klt=101&fqt=0&secid=0.000901&beg=20200101&end=20260616 (Caused by SSLError(SSLEOFError(8, '[SSL: UNEXPECTED_EOF_WHILE_READING] EOF occurred in violation of protocol (_ssl.c:1028)')))"
000901,stock,ak.stock_zh_a_hist,qfq,full:20200101-20260616,error,0,,6.599,SSLError,"HTTPSConnectionPool(host='push2his.eastmoney.com', port=443): Max retries exceeded with url: /api/qt/stock/kline/get?fields1=f1%2Cf2%2Cf3%2Cf4%2Cf5%2Cf6&fields2=f51%2Cf52%2Cf53%2Cf54%2Cf55%2Cf56%2Cf57%2Cf58%2Cf59%2Cf60%2Cf61%2Cf116&ut=7eea3edcaed734bea9cbfc24409ed989&klt=101&fqt=1&secid=0.000901&beg=20200101&end=20260616 (Caused by SSLError(SSLEOFError(8, '[SSL: UNEXPECTED_EOF_WHILE_READING] EOF occurred in violation of protocol (_ssl.c:1028)')))"
000901,stock,ak.stock_zh_a_hist,raw,short:20250101-20260616,error,0,,2.9,ProxyError,"HTTPSConnectionPool(host='push2his.eastmoney.com', port=443): Max retries exceeded with url: /api/qt/stock/kline/get?fields1=f1%2Cf2%2Cf3%2Cf4%2Cf5%2Cf6&fields2=f51%2Cf52%2Cf53%2Cf54%2Cf55%2Cf56%2Cf57%2Cf58%2Cf59%2Cf60%2Cf61%2Cf116&ut=7eea3edcaed734bea9cbfc24409ed989&klt=101&fqt=0&secid=0.000901&beg=20250101&end=20260616 (Caused by ProxyError('Unable to connect to proxy', RemoteDisconnected('Remote end closed connection without response')))"
000901,stock,ak.stock_zh_a_hist,qfq,short:20250101-20260616,error,0,,8.661,SSLError,"HTTPSConnectionPool(host='push2his.eastmoney.com', port=443): Max retries exceeded with url: /api/qt/stock/kline/get?fields1=f1%2Cf2%2Cf3%2Cf4%2Cf5%2Cf6&fields2=f51%2Cf52%2Cf53%2Cf54%2Cf55%2Cf56%2Cf57%2Cf58%2Cf59%2Cf60%2Cf61%2Cf116&ut=7eea3edcaed734bea9cbfc24409ed989&klt=101&fqt=1&secid=0.000901&beg=20250101&end=20260616 (Caused by SSLError(SSLEOFError(8, '[SSL: UNEXPECTED_EOF_WHILE_READING] EOF occurred in violation of protocol (_ssl.c:1028)')))"
000938,stock,ak.stock_zh_a_hist,raw,full:20200101-20260616,error,0,,4.251,ProxyError,"HTTPSConnectionPool(host='push2his.eastmoney.com', port=443): Max retries exceeded with url: /api/qt/stock/kline/get?fields1=f1%2Cf2%2Cf3%2Cf4%2Cf5%2Cf6&fields2=f51%2Cf52%2Cf53%2Cf54%2Cf55%2Cf56%2Cf57%2Cf58%2Cf59%2Cf60%2Cf61%2Cf116&ut=7eea3edcaed734bea9cbfc24409ed989&klt=101&fqt=0&secid=0.000938&beg=20200101&end=20260616 (Caused by ProxyError('Unable to connect to proxy', RemoteDisconnected('Remote end closed connection without response')))"
000938,stock,ak.stock_zh_a_hist,qfq,full:20200101-20260616,error,0,,5.62,SSLError,"HTTPSConnectionPool(host='push2his.eastmoney.com', port=443): Max retries exceeded with url: /api/qt/stock/kline/get?fields1=f1%2Cf2%2Cf3%2Cf4%2Cf5%2Cf6&fields2=f51%2Cf52%2Cf53%2Cf54%2Cf55%2Cf56%2Cf57%2Cf58%2Cf59%2Cf60%2Cf61%2Cf116&ut=7eea3edcaed734bea9cbfc24409ed989&klt=101&fqt=1&secid=0.000938&beg=20200101&end=20260616 (Caused by SSLError(SSLEOFError(8, '[SSL: UNEXPECTED_EOF_WHILE_READING] EOF occurred in violation of protocol (_ssl.c:1028)')))"
000938,stock,ak.stock_zh_a_hist,raw,short:20250101-20260616,error,0,,4.971,ProxyError,"HTTPSConnectionPool(host='push2his.eastmoney.com', port=443): Max retries exceeded with url: /api/qt/stock/kline/get?fields1=f1%2Cf2%2Cf3%2Cf4%2Cf5%2Cf6&fields2=f51%2Cf52%2Cf53%2Cf54%2Cf55%2Cf56%2Cf57%2Cf58%2Cf59%2Cf60%2Cf61%2Cf116&ut=7eea3edcaed734bea9cbfc24409ed989&klt=101&fqt=0&secid=0.000938&beg=20250101&end=20260616 (Caused by ProxyError('Unable to connect to proxy', RemoteDisconnected('Remote end closed connection without response')))"
000938,stock,ak.stock_zh_a_hist,qfq,short:20250101-20260616,error,0,,2.926,ProxyError,"HTTPSConnectionPool(host='push2his.eastmoney.com', port=443): Max retries exceeded with url: /api/qt/stock/kline/get?fields1=f1%2Cf2%2Cf3%2Cf4%2Cf5%2Cf6&fields2=f51%2Cf52%2Cf53%2Cf54%2Cf55%2Cf56%2Cf57%2Cf58%2Cf59%2Cf60%2Cf61%2Cf116&ut=7eea3edcaed734bea9cbfc24409ed989&klt=101&fqt=1&secid=0.000938&beg=20250101&end=20260616 (Caused by ProxyError('Unable to connect to proxy', RemoteDisconnected('Remote end closed connection without response')))"
000977,stock,ak.stock_zh_a_hist,raw,full:20200101-20260616,error,0,,6.783,SSLError,"HTTPSConnectionPool(host='push2his.eastmoney.com', port=443): Max retries exceeded with url: /api/qt/stock/kline/get?fields1=f1%2Cf2%2Cf3%2Cf4%2Cf5%2Cf6&fields2=f51%2Cf52%2Cf53%2Cf54%2Cf55%2Cf56%2Cf57%2Cf58%2Cf59%2Cf60%2Cf61%2Cf116&ut=7eea3edcaed734bea9cbfc24409ed989&klt=101&fqt=0&secid=0.000977&beg=20200101&end=20260616 (Caused by SSLError(SSLEOFError(8, '[SSL: UNEXPECTED_EOF_WHILE_READING] EOF occurred in violation of protocol (_ssl.c:1028)')))"
000977,stock,ak.stock_zh_a_hist,qfq,full:20200101-20260616,error,0,,2.359,ProxyError,"HTTPSConnectionPool(host='push2his.eastmoney.com', port=443): Max retries exceeded with url: /api/qt/stock/kline/get?fields1=f1%2Cf2%2Cf3%2Cf4%2Cf5%2Cf6&fields2=f51%2Cf52%2Cf53%2Cf54%2Cf55%2Cf56%2Cf57%2Cf58%2Cf59%2Cf60%2Cf61%2Cf116&ut=7eea3edcaed734bea9cbfc24409ed989&klt=101&fqt=1&secid=0.000977&beg=20200101&end=20260616 (Caused by ProxyError('Unable to connect to proxy', RemoteDisconnected('Remote end closed connection without response')))"
000977,stock,ak.stock_zh_a_hist,raw,short:20250101-20260616,error,0,,4.827,ProxyError,"HTTPSConnectionPool(host='push2his.eastmoney.com', port=443): Max retries exceeded with url: /api/qt/stock/kline/get?fields1=f1%2Cf2%2Cf3%2Cf4%2Cf5%2Cf6&fields2=f51%2Cf52%2Cf53%2Cf54%2Cf55%2Cf56%2Cf57%2Cf58%2Cf59%2Cf60%2Cf61%2Cf116&ut=7eea3edcaed734bea9cbfc24409ed989&klt=101&fqt=0&secid=0.000977&beg=20250101&end=20260616 (Caused by ProxyError('Unable to connect to proxy', RemoteDisconnected('Remote end closed connection without response')))"
000977,stock,ak.stock_zh_a_hist,qfq,short:20250101-20260616,error,0,,6.088,SSLError,"HTTPSConnectionPool(host='push2his.eastmoney.com', port=443): Max retries exceeded with url: /api/qt/stock/kline/get?fields1=f1%2Cf2%2Cf3%2Cf4%2Cf5%2Cf6&fields2=f51%2Cf52%2Cf53%2Cf54%2Cf55%2Cf56%2Cf57%2Cf58%2Cf59%2Cf60%2Cf61%2Cf116&ut=7eea3edcaed734bea9cbfc24409ed989&klt=101&fqt=1&secid=0.000977&beg=20250101&end=20260616 (Caused by SSLError(SSLEOFError(8, '[SSL: UNEXPECTED_EOF_WHILE_READING] EOF occurred in violation of protocol (_ssl.c:1028)')))"
000300,benchmark,ak.index_zh_a_hist,raw,full:20200101-20260616,error,0,,23.018,SSLError,"HTTPSConnectionPool(host='80.push2.eastmoney.com', port=443): Max retries exceeded with url: /api/qt/clist/get?pn=1&pz=100&po=1&np=1&ut=bd1d9ddb04089700cf9c27f6f7426281&fltt=2&invt=2&fid=f3&fs=b%3AMK0010%2Cm%3A1%2Bt%3A1%2Cm%3A0+t%3A5%2Cm%3A1%2Bs%3A3%2Cm%3A0%2Bt%3A5%2Cm%3A2&fields=f3%2Cf12%2Cf13 (Caused by SSLError(SSLEOFError(8, '[SSL: UNEXPECTED_EOF_WHILE_READING] EOF occurred in violation of protocol (_ssl.c:1028)')))"
000300,benchmark,ak.stock_zh_index_daily_tx,raw,fallback_tx,ok,5160,"date,open,close,high,low,amount",87.022,,
000852,benchmark,ak.index_zh_a_hist,raw,full:20200101-20260616,error,0,,14.15,ProxyError,"HTTPSConnectionPool(host='80.push2.eastmoney.com', port=443): Max retries exceeded with url: /api/qt/clist/get?pn=1&pz=100&po=1&np=1&ut=bd1d9ddb04089700cf9c27f6f7426281&fltt=2&invt=2&fid=f3&fs=b%3AMK0010%2Cm%3A1%2Bt%3A1%2Cm%3A0+t%3A5%2Cm%3A1%2Bs%3A3%2Cm%3A0%2Bt%3A5%2Cm%3A2&fields=f3%2Cf12%2Cf13 (Caused by ProxyError('Unable to connect to proxy', RemoteDisconnected('Remote end closed connection without response')))"
000852,benchmark,ak.stock_zh_index_daily_tx,raw,fallback_tx,ok,2848,"date,open,close,high,low,amount",42.586,,
399006,benchmark,ak.index_zh_a_hist,raw,full:20200101-20260616,error,0,,15.855,SSLError,"HTTPSConnectionPool(host='80.push2.eastmoney.com', port=443): Max retries exceeded with url: /api/qt/clist/get?pn=1&pz=100&po=1&np=1&ut=bd1d9ddb04089700cf9c27f6f7426281&fltt=2&invt=2&fid=f3&fs=b%3AMK0010%2Cm%3A1%2Bt%3A1%2Cm%3A0+t%3A5%2Cm%3A1%2Bs%3A3%2Cm%3A0%2Bt%3A5%2Cm%3A2&fields=f3%2Cf12%2Cf13 (Caused by SSLError(SSLEOFError(8, '[SSL: UNEXPECTED_EOF_WHILE_READING] EOF occurred in violation of protocol (_ssl.c:1028)')))"
399006,benchmark,ak.stock_zh_index_daily_tx,raw,fallback_tx,ok,3905,"date,open,close,high,low,amount",41.469,,
