scenario_id,universe_name,transaction_cost,stock_code,stock_name,theme,valid_period_count,average_target_weight,arithmetic_contribution_sum,linked_gross_contribution,positive_contribution_periods,negative_contribution_periods,best_period_contribution,worst_period_contribution,contribution_rank
research_universe_v1_2__cost_0,research_universe_v1_2,0.0,300339,润和软件,AI,57,0.018224517653987554,0.07730093911212468,0.12848700451554237,29,28,0.04221170395869191,-0.006734006734006734,1
research_universe_v1_2__cost_0,research_universe_v1_2,0.0,300857,协创数据,AI,57,0.018224517653987554,0.05497751875528474,0.06673501251991387,34,23,0.016593263445195707,-0.005413801423573411,2
research_universe_v1_2__cost_0,research_universe_v1_2,0.0,300458,全志科技,AI,57,0.018224517653987554,0.04066321002795874,0.05988839552588094,28,29,0.01752772592511255,-0.005691270466684178,3
research_universe_v1_2__cost_0,research_universe_v1_2,0.0,002881,美格智能,AI,57,0.018224517653987554,0.03912879134150506,0.05712501900417436,30,27,0.01432237957743251,-0.004566843788828086,4
research_universe_v1_2__cost_0,research_universe_v1_2,0.0,002544,普天科技,商业航天,57,0.018224517653987554,0.03227488056203837,0.04182563459406656,27,30,0.01287462537462537,-0.0042709071879536795,5
research_universe_v1_2__cost_0,research_universe_v1_2,0.0,300033,同花顺,AI,57,0.018224517653987554,0.03334126502004094,0.039905022295421935,30,27,0.018099360956503812,-0.003750572301664199,6
research_universe_v1_2__cost_0,research_universe_v1_2,0.0,300627,华测导航,商业航天,57,0.018224517653987554,0.024282722854952837,0.03964892151594095,30,27,0.009603151301624582,-0.003059581320450884,7
research_universe_v1_2__cost_0,research_universe_v1_2,0.0,300170,汉得信息,AI,57,0.018224517653987554,0.03213812271168917,0.038964443057767556,28,29,0.012939958592132506,-0.0041246789172100385,8
research_universe_v1_2__cost_0,research_universe_v1_2,0.0,300002,神州泰岳,AI,57,0.018224517653987554,0.026711607125640396,0.03716134565225723,30,27,0.009522489705416538,-0.004632505175983437,9
research_universe_v1_2__cost_0,research_universe_v1_2,0.0,300047,天源迪科,AI,57,0.018224517653987554,0.028253762322042963,0.037115822223741525,29,28,0.01787899982514426,-0.005124056094929881,10
research_universe_v1_2__cost_0,research_universe_v1_2,0.0,001208,华菱线缆,商业航天,54,0.0181183211668886,0.02599626041996615,0.035469956068422,28,26,0.020969383428038335,-0.004870756172839504,11
research_universe_v1_2__cost_0,research_universe_v1_2,0.0,300634,彩讯股份,AI,57,0.018224517653987554,0.02709285545653818,0.03409448706658235,27,30,0.012055109070034438,-0.004443297786951037,12
research_universe_v1_2__cost_0,research_universe_v1_2,0.0,000901,航天科技,商业航天,57,0.018224517653987554,0.028368781775721774,0.033583472099154,33,24,0.012446759525728096,-0.0042395875729209056,13
research_universe_v1_2__cost_0,research_universe_v1_2,0.0,301165,锐捷网络,AI,37,0.017857142857142856,0.030725300819599316,0.03340677227573662,21,16,0.010395814376706098,-0.004975744661558689,14
research_universe_v1_2__cost_0,research_universe_v1_2,0.0,002987,京北方,AI,57,0.018224517653987554,0.029458741665692713,0.03258742737097344,26,31,0.01234528620064272,-0.006631631631631631,15
research_universe_v1_2__cost_0,research_universe_v1_2,0.0,000977,浪潮信息,AI,57,0.018224517653987554,0.027716327860045107,0.03228309924566594,32,25,0.011700846733473162,-0.005505561291533696,16
research_universe_v1_2__cost_0,research_universe_v1_2,0.0,300629,新劲刚,商业航天,57,0.018224517653987554,0.020087407264274774,0.031473210394674475,31,26,0.006700791065611912,-0.004253964579233706,17
research_universe_v1_2__cost_0,research_universe_v1_2,0.0,300101,振芯科技,商业航天,57,0.018224517653987554,0.02121722935999983,0.03090324285166472,33,24,0.008389166477401767,-0.0046311566448347125,18
research_universe_v1_2__cost_0,research_universe_v1_2,0.0,300378,鼎捷数智,AI,57,0.018224517653987554,0.030173348917288404,0.029060656927704962,28,29,0.012877571866335915,-0.004036645340993167,19
research_universe_v1_2__cost_0,research_universe_v1_2,0.0,002929,润建股份,AI,57,0.018224517653987554,0.023573105898230553,0.02858693227388072,24,32,0.014800879833294743,-0.005054331963808627,20
research_universe_v1_2__cost_0,research_universe_v1_2,0.0,002935,天奥电子,商业航天,57,0.018224517653987554,0.020930850282847385,0.0275192936288595,31,25,0.0067488262910798125,-0.005717367853290183,21
research_universe_v1_2__cost_0,research_universe_v1_2,0.0,002792,通宇通讯,商业航天,57,0.018224517653987554,0.026480395093133255,0.026637393622604928,29,27,0.008513180494361885,-0.005738132498695879,22
research_universe_v1_2__cost_0,research_universe_v1_2,0.0,002558,巨人网络,AI,57,0.018224517653987554,0.03210234223692567,0.02655951747520214,29,28,0.009730463005223388,-0.005149160741772338,23
research_universe_v1_2__cost_0,research_universe_v1_2,0.0,300182,捷成股份,AI,57,0.018224517653987554,0.020761710361384755,0.02637198872641594,34,23,0.0073451794510907865,-0.0048650345260514765,24
research_universe_v1_2__cost_0,research_universe_v1_2,0.0,002315,焦点科技,AI,57,0.018224517653987554,0.02327832393817148,0.026059869636023664,25,32,0.010366139884212172,-0.003896613590491143,25
research_universe_v1_2__cost_0,research_universe_v1_2,0.0,002279,久其软件,AI,57,0.018224517653987554,0.019343803360272197,0.024963194830721305,33,24,0.009855581576893051,-0.0054249547920434,26
research_universe_v1_2__cost_0,research_universe_v1_2,0.0,002446,盛路通信,商业航天,57,0.018224517653987554,0.016820591040011768,0.02421085184541873,30,27,0.007967032967032966,-0.00351172917544599,27
research_universe_v1_2__cost_0,research_universe_v1_2,0.0,300058,蓝色光标,AI,57,0.018224517653987554,0.02581975161063582,0.02378657697884513,32,24,0.010679695607056382,-0.005088566827697262,28
research_universe_v1_2__cost_0,research_universe_v1_2,0.0,301110,青木科技,AI,45,0.017952274063385173,0.021737463692410523,0.02300326560389307,19,26,0.012306827250961322,-0.005481257184512295,29
research_universe_v1_2__cost_0,research_universe_v1_2,0.0,002015,协鑫能科,AI,57,0.018224517653987554,0.020449487729911373,0.02205774103633765,25,32,0.019479228781554368,-0.0049819142089962964,30
research_universe_v1_2__cost_0,research_universe_v1_2,0.0,000681,视觉中国,AI,57,0.018224517653987554,0.023185501370980757,0.020780801375850644,27,30,0.01802884615384616,-0.005286004340824755,31
research_universe_v1_2__cost_0,research_universe_v1_2,0.0,300113,顺网科技,AI,57,0.018224517653987554,0.021085716135145396,0.019966739059549394,29,28,0.009575569358178056,-0.004995893785929374,32
research_universe_v1_2__cost_0,research_universe_v1_2,0.0,301171,易点天下,AI,40,0.017881493506493505,0.018357743906193835,0.017446166913271766,19,21,0.010409132007233273,-0.004461342875977022,33
research_universe_v1_2__cost_0,research_universe_v1_2,0.0,000938,紫光股份,AI,57,0.018224517653987554,0.014102988870304235,0.01715474229837585,28,29,0.006266572754391781,-0.004583415209274908,34
research_universe_v1_2__cost_0,research_universe_v1_2,0.0,300133,华策影视,AI,57,0.018224517653987554,0.016489335922269355,0.015136256871155909,28,29,0.008460471567267681,-0.004899432697266632,35
research_universe_v1_2__cost_0,research_universe_v1_2,0.0,300674,宇信科技,AI,57,0.018224517653987554,0.019447872716153173,0.015042981370559915,23,34,0.02580455259026687,-0.004212271973466003,36
research_universe_v1_2__cost_0,research_universe_v1_2,0.0,300017,网宿科技,AI,57,0.018224517653987554,0.015155127005268216,0.014306579216616957,29,28,0.0073431241655540725,-0.004513474047524228,37
research_universe_v1_2__cost_0,research_universe_v1_2,0.0,000063,中兴通讯,AI,56,0.018185523982356868,0.013102084437458507,0.014042110832735764,24,32,0.006539486837720756,-0.004521297691758547,38
research_universe_v1_2__cost_0,research_universe_v1_2,0.0,002361,神剑股份,商业航天,57,0.018224517653987554,0.015595413319100415,0.013693368696535235,30,25,0.006079027355623101,-0.004633204633204633,39
research_universe_v1_2__cost_0,research_universe_v1_2,0.0,300996,普联软件,AI,54,0.0181183211668886,0.014312159476267865,0.013054993722935511,25,29,0.009936471738068093,-0.005578870237143619,40
research_universe_v1_2__cost_0,research_universe_v1_2,0.0,002757,南兴股份,AI,57,0.018224517653987554,0.014930558559218515,0.01251617195030043,28,28,0.009039408866995073,-0.005387455908289242,41
research_universe_v1_2__cost_0,research_universe_v1_2,0.0,300348,长亮科技,AI,57,0.018224517653987554,0.01573676361578765,0.012487310635603807,27,30,0.028695692194403533,-0.006028276520079799,42
research_universe_v1_2__cost_0,research_universe_v1_2,0.0,002131,利欧股份,AI,57,0.018224517653987554,0.02077290004854821,0.012451195274029629,26,31,0.014154048716260699,-0.004340962904498815,43
research_universe_v1_2__cost_0,research_universe_v1_2,0.0,002396,星网锐捷,AI,57,0.018224517653987554,0.012833966018137261,0.011470951749160466,31,26,0.00407770548886649,-0.003958584060234133,44
research_universe_v1_2__cost_0,research_universe_v1_2,0.0,002049,紫光国微,AI|商业航天,57,0.018224517653987554,0.008966823433477664,0.00847007951231863,26,31,0.010575742309266662,-0.003631892015557081,45
research_universe_v1_2__cost_0,research_universe_v1_2,0.0,002065,东华软件,AI,57,0.018224517653987554,0.014535636468073205,0.008397200126608302,27,30,0.013817414573898722,-0.0038145896656534956,46
research_universe_v1_2__cost_0,research_universe_v1_2,0.0,002230,科大讯飞,AI,57,0.018224517653987554,0.007855590829807833,0.004638952635830189,24,33,0.006637280556896421,-0.004165036515388627,47
research_universe_v1_2__cost_0,research_universe_v1_2,0.0,300496,中科创达,AI,57,0.018224517653987554,0.005228298653764943,-0.0062813090963440505,23,34,0.016893187337565504,-0.005565617038650346,48
research_universe_v1_2__cost_0,research_universe_v1_2,0.0,002236,大华股份,AI,57,0.018224517653987554,0.0028870340396066367,-0.007852735252821527,25,32,0.011006384003854496,-0.0032267115600448943,49
research_universe_v1_2__cost_0,research_universe_v1_2,0.0,002373,千方科技,AI,57,0.018224517653987554,0.0002643499551053582,-0.013942657867640056,26,31,0.006792434715821808,-0.005356465680697763,50
research_universe_v1_2__cost_0,research_universe_v1_2,0.0,301050,雷电微力,商业航天,52,0.018075534702893192,-0.005277246326268421,-0.015587658473773953,22,30,0.017282976847770613,-0.004226086503115467,51
research_universe_v1_2__cost_0,research_universe_v1_2,0.0,300413,芒果超媒,AI,57,0.018224517653987554,-0.006051918937193446,-0.017028888097841463,29,28,0.006371141421392679,-0.005163504862147284,52
research_universe_v1_2__cost_0,research_universe_v1_2,0.0,300454,深信服,AI,57,0.018224517653987554,-0.00020902914975164696,-0.017959991433694894,22,35,0.015576252523398785,-0.005701418167880413,53
research_universe_v1_2__cost_0,research_universe_v1_2,0.0,002212,天融信,AI,57,0.018224517653987554,-0.004732134407104429,-0.02640136496288016,24,32,0.008632923368022705,-0.004637320044296789,54
research_universe_v1_2__cost_0,research_universe_v1_2,0.0,002410,广联达,AI,57,0.018224517653987554,-0.013185250300961671,-0.027259899492160688,26,31,0.010424816147707714,-0.004713423831070889,55
research_universe_v1_2__cost_0,research_universe_v1_2,0.0,002044,美年健康,AI,57,0.018224517653987554,-0.013830490822337182,-0.03887711929148325,25,32,0.010561109319574331,-0.004453998280309546,56
