row_type,segment,status,period_count,mean_rank_ic,mean_q5_q1,stock_code,q5_count,q5_arithmetic_contribution,flat_price_risk_frequency,research_only,primary_factor,underlying_measure,primary_lookback_return_intervals,required_price_observations,target_rebalance_step,forward_horizon_trading_days_approx,signal_construction_point_in_time,universe_point_in_time,current_universe_historical_research,suspension_status_available,execution_sim_ready,formal_performance_conclusion_allowed,no_investment_conclusion
year,year_2024,ok,12.0,0.0363001079982212,0.0080921851869613,,,,,True,LOWVOL20,VOL20,20,21,20_baseline_calendar_entries,20,True,False,True,False,False,False,True
year,year_2025,ok,11.0,0.14580452899492347,0.030686218418505596,,,,,True,LOWVOL20,VOL20,20,21,20_baseline_calendar_entries,20,True,False,True,False,False,False,True
period_extreme,best_rank_ic,,1.0,0.5048599199542595,,,,,,True,LOWVOL20,VOL20,20,21,20_baseline_calendar_entries,20,True,False,True,False,False,False,True
period_extreme,best_rank_ic,,1.0,0.420163903182771,,,,,,True,LOWVOL20,VOL20,20,21,20_baseline_calendar_entries,20,True,False,True,False,False,False,True
period_extreme,best_rank_ic,,1.0,0.3761006289308176,,,,,,True,LOWVOL20,VOL20,20,21,20_baseline_calendar_entries,20,True,False,True,False,False,False,True
period_extreme,best_rank_ic,,1.0,0.364589289117591,,,,,,True,LOWVOL20,VOL20,20,21,20_baseline_calendar_entries,20,True,False,True,False,False,False,True
period_extreme,best_rank_ic,,1.0,0.3171717171717171,,,,,,True,LOWVOL20,VOL20,20,21,20_baseline_calendar_entries,20,True,False,True,False,False,False,True
period_extreme,worst_rank_ic,,1.0,-0.4525633695445015,,,,,,True,LOWVOL20,VOL20,20,21,20_baseline_calendar_entries,20,True,False,True,False,False,False,True
period_extreme,worst_rank_ic,,1.0,-0.37053554412044976,,,,,,True,LOWVOL20,VOL20,20,21,20_baseline_calendar_entries,20,True,False,True,False,False,False,True
period_extreme,worst_rank_ic,,1.0,-0.25778540118162757,,,,,,True,LOWVOL20,VOL20,20,21,20_baseline_calendar_entries,20,True,False,True,False,False,False,True
period_extreme,worst_rank_ic,,1.0,-0.2380407852105965,,,,,,True,LOWVOL20,VOL20,20,21,20_baseline_calendar_entries,20,True,False,True,False,False,False,True
period_extreme,worst_rank_ic,,1.0,-0.07711072994091861,,,,,,True,LOWVOL20,VOL20,20,21,20_baseline_calendar_entries,20,True,False,True,False,False,False,True
q5_stock,q5_members,,,,,000063,20.0,0.052981485995052265,0.0,True,LOWVOL20,VOL20,20,21,20_baseline_calendar_entries,20,True,False,True,False,False,False,True
q5_stock,q5_members,,,,,000681,8.0,0.021960044996560128,0.0,True,LOWVOL20,VOL20,20,21,20_baseline_calendar_entries,20,True,False,True,False,False,False,True
q5_stock,q5_members,,,,,000901,30.0,0.055270369556806344,0.0,True,LOWVOL20,VOL20,20,21,20_baseline_calendar_entries,20,True,False,True,False,False,False,True
q5_stock,q5_members,,,,,000938,10.0,0.0762317852011091,0.0,True,LOWVOL20,VOL20,20,21,20_baseline_calendar_entries,20,True,False,True,False,False,False,True
q5_stock,q5_members,,,,,000977,6.0,0.10997199172608732,0.0,True,LOWVOL20,VOL20,20,21,20_baseline_calendar_entries,20,True,False,True,False,False,False,True
q5_stock,q5_members,,,,,001208,17.0,-0.040125755251779985,0.0,True,LOWVOL20,VOL20,20,21,20_baseline_calendar_entries,20,True,False,True,False,False,False,True
q5_stock,q5_members,,,,,002015,12.0,0.12316305054062579,0.0,True,LOWVOL20,VOL20,20,21,20_baseline_calendar_entries,20,True,False,True,False,False,False,True
q5_stock,q5_members,,,,,002044,21.0,0.006475487032335477,0.0,True,LOWVOL20,VOL20,20,21,20_baseline_calendar_entries,20,True,False,True,False,False,False,True
q5_stock,q5_members,,,,,002049,11.0,0.011587317509290047,0.0,True,LOWVOL20,VOL20,20,21,20_baseline_calendar_entries,20,True,False,True,False,False,False,True
q5_stock,q5_members,,,,,002065,28.0,0.04581809175879789,0.0,True,LOWVOL20,VOL20,20,21,20_baseline_calendar_entries,20,True,False,True,False,False,False,True
q5_stock,q5_members,,,,,002131,23.0,0.02859580557034934,0.0,True,LOWVOL20,VOL20,20,21,20_baseline_calendar_entries,20,True,False,True,False,False,False,True
q5_stock,q5_members,,,,,002212,14.0,-0.01915158950526462,0.0,True,LOWVOL20,VOL20,20,21,20_baseline_calendar_entries,20,True,False,True,False,False,False,True
q5_stock,q5_members,,,,,002230,19.0,-0.0004543540976207827,0.0,True,LOWVOL20,VOL20,20,21,20_baseline_calendar_entries,20,True,False,True,False,False,False,True
q5_stock,q5_members,,,,,002236,24.0,0.10859212585970808,0.0,True,LOWVOL20,VOL20,20,21,20_baseline_calendar_entries,20,True,False,True,False,False,False,True
q5_stock,q5_members,,,,,002279,10.0,0.01869530798112621,0.0,True,LOWVOL20,VOL20,20,21,20_baseline_calendar_entries,20,True,False,True,False,False,False,True
q5_stock,q5_members,,,,,002315,7.0,-0.0057693512458453665,0.0,True,LOWVOL20,VOL20,20,21,20_baseline_calendar_entries,20,True,False,True,False,False,False,True
q5_stock,q5_members,,,,,002361,28.0,0.023978041435920333,0.0,True,LOWVOL20,VOL20,20,21,20_baseline_calendar_entries,20,True,False,True,False,False,False,True
q5_stock,q5_members,,,,,002373,20.0,0.03743280067757664,0.0,True,LOWVOL20,VOL20,20,21,20_baseline_calendar_entries,20,True,False,True,False,False,False,True
q5_stock,q5_members,,,,,002396,19.0,0.04103321650617916,0.0,True,LOWVOL20,VOL20,20,21,20_baseline_calendar_entries,20,True,False,True,False,False,False,True
q5_stock,q5_members,,,,,002410,9.0,-0.021712599186461234,0.0,True,LOWVOL20,VOL20,20,21,20_baseline_calendar_entries,20,True,False,True,False,False,False,True
q5_stock,q5_members,,,,,002446,11.0,0.02397663197903622,0.0,True,LOWVOL20,VOL20,20,21,20_baseline_calendar_entries,20,True,False,True,False,False,False,True
q5_stock,q5_members,,,,,002558,10.0,0.08997335246780769,0.0,True,LOWVOL20,VOL20,20,21,20_baseline_calendar_entries,20,True,False,True,False,False,False,True
q5_stock,q5_members,,,,,002757,18.0,0.0379054177393381,0.0,True,LOWVOL20,VOL20,20,21,20_baseline_calendar_entries,20,True,False,True,False,False,False,True
q5_stock,q5_members,,,,,002792,13.0,0.010842588567217717,0.0,True,LOWVOL20,VOL20,20,21,20_baseline_calendar_entries,20,True,False,True,False,False,False,True
q5_stock,q5_members,,,,,002881,4.0,0.015604057374734425,0.0,True,LOWVOL20,VOL20,20,21,20_baseline_calendar_entries,20,True,False,True,False,False,False,True
q5_stock,q5_members,,,,,002929,9.0,0.035880851302981874,0.0,True,LOWVOL20,VOL20,20,21,20_baseline_calendar_entries,20,True,False,True,False,False,False,True
q5_stock,q5_members,,,,,002935,15.0,-0.0007681439134427856,0.0,True,LOWVOL20,VOL20,20,21,20_baseline_calendar_entries,20,True,False,True,False,False,False,True
q5_stock,q5_members,,,,,002987,3.0,0.015078710784709338,0.0,True,LOWVOL20,VOL20,20,21,20_baseline_calendar_entries,20,True,False,True,False,False,False,True
q5_stock,q5_members,,,,,300002,7.0,0.0015279314715689039,0.0,True,LOWVOL20,VOL20,20,21,20_baseline_calendar_entries,20,True,False,True,False,False,False,True
q5_stock,q5_members,,,,,300017,13.0,-0.020009873350925116,0.0,True,LOWVOL20,VOL20,20,21,20_baseline_calendar_entries,20,True,False,True,False,False,False,True
q5_stock,q5_members,,,,,300033,8.0,-0.03302232340840092,0.0,True,LOWVOL20,VOL20,20,21,20_baseline_calendar_entries,20,True,False,True,False,False,False,True
q5_stock,q5_members,,,,,300047,1.0,-0.0019607843137254832,0.0,True,LOWVOL20,VOL20,20,21,20_baseline_calendar_entries,20,True,False,True,False,False,False,True
q5_stock,q5_members,,,,,300058,5.0,-0.023947221179983706,0.0,True,LOWVOL20,VOL20,20,21,20_baseline_calendar_entries,20,True,False,True,False,False,False,True
q5_stock,q5_members,,,,,300101,5.0,0.03567727858552498,0.0,True,LOWVOL20,VOL20,20,21,20_baseline_calendar_entries,20,True,False,True,False,False,False,True
q5_stock,q5_members,,,,,300113,5.0,0.07900945661453719,0.0,True,LOWVOL20,VOL20,20,21,20_baseline_calendar_entries,20,True,False,True,False,False,False,True
q5_stock,q5_members,,,,,300170,4.0,0.0025423489398375756,0.0,True,LOWVOL20,VOL20,20,21,20_baseline_calendar_entries,20,True,False,True,False,False,False,True
q5_stock,q5_members,,,,,300182,1.0,0.011663066954643631,0.0,True,LOWVOL20,VOL20,20,21,20_baseline_calendar_entries,20,True,False,True,False,False,False,True
q5_stock,q5_members,,,,,300348,8.0,-0.043505986231952495,0.0,True,LOWVOL20,VOL20,20,21,20_baseline_calendar_entries,20,True,False,True,False,False,False,True
q5_stock,q5_members,,,,,300378,3.0,-0.0021675930388536085,0.0,True,LOWVOL20,VOL20,20,21,20_baseline_calendar_entries,20,True,False,True,False,False,False,True
q5_stock,q5_members,,,,,300413,12.0,0.0421916942996976,0.0,True,LOWVOL20,VOL20,20,21,20_baseline_calendar_entries,20,True,False,True,False,False,False,True
q5_stock,q5_members,,,,,300454,10.0,0.09079907226004966,0.0,True,LOWVOL20,VOL20,20,21,20_baseline_calendar_entries,20,True,False,True,False,False,False,True
q5_stock,q5_members,,,,,300458,1.0,0.008346839546191243,0.0,True,LOWVOL20,VOL20,20,21,20_baseline_calendar_entries,20,True,False,True,False,False,False,True
q5_stock,q5_members,,,,,300496,1.0,-0.005188263442891317,0.0,True,LOWVOL20,VOL20,20,21,20_baseline_calendar_entries,20,True,False,True,False,False,False,True
q5_stock,q5_members,,,,,300627,17.0,0.029574968907586704,0.0,True,LOWVOL20,VOL20,20,21,20_baseline_calendar_entries,20,True,False,True,False,False,False,True
q5_stock,q5_members,,,,,300629,10.0,0.020249012424973557,0.0,True,LOWVOL20,VOL20,20,21,20_baseline_calendar_entries,20,True,False,True,False,False,False,True
q5_stock,q5_members,,,,,300634,3.0,0.00927600851319028,0.0,True,LOWVOL20,VOL20,20,21,20_baseline_calendar_entries,20,True,False,True,False,False,False,True
q5_stock,q5_members,,,,,300674,4.0,0.04839376610034466,0.0,True,LOWVOL20,VOL20,20,21,20_baseline_calendar_entries,20,True,False,True,False,False,False,True
q5_stock,q5_members,,,,,300857,2.0,0.0039443333845917364,0.0,True,LOWVOL20,VOL20,20,21,20_baseline_calendar_entries,20,True,False,True,False,False,False,True
q5_stock,q5_members,,,,,300996,4.0,-0.035832426805876484,0.0,True,LOWVOL20,VOL20,20,21,20_baseline_calendar_entries,20,True,False,True,False,False,False,True
q5_stock,q5_members,,,,,301050,10.0,-0.05366410702578683,0.0,True,LOWVOL20,VOL20,20,21,20_baseline_calendar_entries,20,True,False,True,False,False,False,True
q5_stock,q5_members,,,,,301110,1.0,-0.005472636815920406,0.0,True,LOWVOL20,VOL20,20,21,20_baseline_calendar_entries,20,True,False,True,False,False,False,True
q5_stock,q5_members,,,,,301165,2.0,0.03375038951112679,0.0,True,LOWVOL20,VOL20,20,21,20_baseline_calendar_entries,20,True,False,True,False,False,False,True
q5_stock,q5_members,,,,,301171,1.0,-0.0036493288590604077,0.0,True,LOWVOL20,VOL20,20,21,20_baseline_calendar_entries,20,True,False,True,False,False,False,True
