factor_name,sample_basis,portfolio,period_count,mean_return,median_return,cumulative_nav,positive_period_ratio,annualized_volatility,downside_deviation,period_endpoint_maximum_drawdown,worst_period_return,mean_forward_realized_volatility,research_only,primary_factor,underlying_measure,primary_lookback_return_intervals,required_price_observations,target_rebalance_step,forward_horizon_trading_days_approx,signal_construction_point_in_time,universe_point_in_time,current_universe_historical_research,suspension_status_available,execution_sim_ready,formal_performance_conclusion_allowed,no_investment_conclusion
LOWVOL10,common_10_20_40_exact_sample,Q1,55,0.008199023132059842,-0.024668178862239022,1.0675511476885275,0.43636363636363634,0.4341324782388427,0.25301771298431774,-0.5222276423944002,-0.2252242846915526,0.5656487779586825,True,LOWVOL20,VOL20,20,21,20_baseline_calendar_entries,20,True,False,True,False,False,False,True
LOWVOL10,common_10_20_40_exact_sample,Q2,55,0.02688589819432812,0.008608064770361983,2.5761397511201296,0.509090909090909,0.5544505087196026,0.22282328628532555,-0.40703035651098984,-0.15958593666896193,0.5117196494985937,True,LOWVOL20,VOL20,20,21,20_baseline_calendar_entries,20,True,False,True,False,False,False,True
LOWVOL10,common_10_20_40_exact_sample,Q3,55,0.02001820970052264,0.008541262937442425,2.0022945948295194,0.5272727272727272,0.45453699442908446,0.2271368222991181,-0.3336378791364869,-0.18735252044260903,0.4746615210204877,True,LOWVOL20,VOL20,20,21,20_baseline_calendar_entries,20,True,False,True,False,False,False,True
LOWVOL10,common_10_20_40_exact_sample,Q4,55,0.02098426348684843,0.005344326976603753,2.3859724631955337,0.5272727272727272,0.3700902306618254,0.18936750406173167,-0.33235271714329406,-0.19471363436938122,0.42413236115114006,True,LOWVOL20,VOL20,20,21,20_baseline_calendar_entries,20,True,False,True,False,False,False,True
LOWVOL10,common_10_20_40_exact_sample,Q5,55,0.01578662270116004,0.005902942586234028,1.8766922945111522,0.509090909090909,0.33657095438047496,0.19034407204676276,-0.37442891422839664,-0.2411683610565988,0.3807202676586659,True,LOWVOL20,VOL20,20,21,20_baseline_calendar_entries,20,True,False,True,False,False,False,True
LOWVOL10,common_10_20_40_exact_sample,Q5-Q1,55,0.0075875995691002,0.013898612237866384,1.318746283596402,0.5454545454545454,0.2559227423612443,0.16411034376492106,-0.2698195926364362,-0.14667467428124914,-0.18492851030001664,True,LOWVOL20,VOL20,20,21,20_baseline_calendar_entries,20,True,False,True,False,False,False,True
LOWVOL10,common_10_20_40_exact_sample,Q5-UNIVERSE,55,-0.0026570673443044065,-0.00033650100940530933,0.8127592238753454,0.4909090909090909,0.16623953359375107,0.12775175970469335,-0.37936618226623264,-0.16989215466742436,-0.09254757838718244,True,LOWVOL20,VOL20,20,21,20_baseline_calendar_entries,20,True,False,True,False,False,False,True
LOWVOL10,common_10_20_40_exact_sample,UNIVERSE,56,0.01868278755151317,0.006590383747586814,2.0483284993794997,0.5178571428571429,0.40341056955469334,0.20214803622534494,-0.3672826615221544,-0.20017019286735213,0.4719356794966335,True,LOWVOL20,VOL20,20,21,20_baseline_calendar_entries,20,True,False,True,False,False,False,True
LOWVOL20,common_10_20_40_exact_sample,Q1,55,0.007101809902993504,-0.008926718073187588,0.9648358992051783,0.4909090909090909,0.4654212937106368,0.2592697193475291,-0.4611107825139463,-0.2473453596342295,0.5670493710610679,True,LOWVOL20,VOL20,20,21,20_baseline_calendar_entries,20,True,False,True,False,False,False,True
LOWVOL20,common_10_20_40_exact_sample,Q2,55,0.02855345484148204,0.006767604157231624,2.943463181147085,0.5272727272727272,0.512787587485056,0.2209391629997688,-0.4303135387297492,-0.1966756742670275,0.5131499241411247,True,LOWVOL20,VOL20,20,21,20_baseline_calendar_entries,20,True,False,True,False,False,False,True
LOWVOL20,common_10_20_40_exact_sample,Q3,55,0.023007013849885415,0.0008479714099122484,2.3425587584741043,0.509090909090909,0.4601386879497021,0.21788481434738588,-0.40037811756638875,-0.1581098536124508,0.4822000193515759,True,LOWVOL20,VOL20,20,21,20_baseline_calendar_entries,20,True,False,True,False,False,False,True
LOWVOL20,common_10_20_40_exact_sample,Q4,55,0.01522122029058277,0.013450049236757099,1.7501770841736008,0.5454545454545454,0.36630601224534187,0.20823634361344345,-0.3480649637748474,-0.20121943291427757,0.4131818427632776,True,LOWVOL20,VOL20,20,21,20_baseline_calendar_entries,20,True,False,True,False,False,False,True
LOWVOL20,common_10_20_40_exact_sample,Q5,55,0.01823885871994409,-0.0007636793639237194,2.1635636207377464,0.4909090909090909,0.3318877400283761,0.17466454727569775,-0.3191660426486531,-0.21154325541436095,0.38136781002554626,True,LOWVOL20,VOL20,20,21,20_baseline_calendar_entries,20,True,False,True,False,False,False,True
LOWVOL20,common_10_20_40_exact_sample,Q5-Q1,55,0.011137048816950584,0.022055119834517904,1.511263951494055,0.5818181818181818,0.298961331161885,0.20193130454008504,-0.3287844421607621,-0.2689382732552433,-0.18568156103552172,True,LOWVOL20,VOL20,20,21,20_baseline_calendar_entries,20,True,False,True,False,False,False,True
LOWVOL20,common_10_20_40_exact_sample,Q5-UNIVERSE,55,-0.00020483132552035507,0.0006599676516604539,0.9133527341136163,0.509090909090909,0.18645914033056699,0.1465094713582316,-0.31730426146914226,-0.22557594291994792,-0.09190003602030215,True,LOWVOL20,VOL20,20,21,20_baseline_calendar_entries,20,True,False,True,False,False,False,True
LOWVOL20,common_10_20_40_exact_sample,UNIVERSE,56,0.01868278755151317,0.006590383747586814,2.0483284993794997,0.5178571428571429,0.40341056955469334,0.20214803622534494,-0.3672826615221544,-0.20017019286735213,0.4719356794966335,True,LOWVOL20,VOL20,20,21,20_baseline_calendar_entries,20,True,False,True,False,False,False,True
LOWVOL20,lowvol20_all_exact_windows_diagnostic,Q1,56,0.011880140695557054,-0.004381842871636409,1.2399574770918402,0.5,0.4731196732787626,0.25644592880686495,-0.46767084752056953,-0.2473453596342295,0.5686291455151833,True,LOWVOL20,VOL20,20,21,20_baseline_calendar_entries,20,True,False,True,False,False,False,True
LOWVOL20,lowvol20_all_exact_windows_diagnostic,Q2,56,0.028482443905285277,0.008720121234149598,3.0199436312380503,0.5357142857142857,0.5073793464910542,0.2189576058154014,-0.4303135387297492,-0.1966756742670275,0.511005627762884,True,LOWVOL20,VOL20,20,21,20_baseline_calendar_entries,20,True,False,True,False,False,False,True
LOWVOL20,lowvol20_all_exact_windows_diagnostic,Q3,56,0.02421636545428401,0.004227611293075559,2.556962076789145,0.5178571428571429,0.45661873076068477,0.2159306509778294,-0.40037811756638897,-0.1581098536124508,0.48064516836122506,True,LOWVOL20,VOL20,20,21,20_baseline_calendar_entries,20,True,False,True,False,False,False,True
LOWVOL20,lowvol20_all_exact_windows_diagnostic,Q4,56,0.015734877385105307,0.015620088827527984,1.8285222263393623,0.5535714285714286,0.3626638399182286,0.20636871536170592,-0.3480649637748473,-0.20121943291427757,0.41200102769248176,True,LOWVOL20,VOL20,20,21,20_baseline_calendar_entries,20,True,False,True,False,False,False,True
LOWVOL20,lowvol20_all_exact_windows_diagnostic,Q5,56,0.019492720757203968,0.005761477063486626,2.3549202024494758,0.5,0.3305465534315368,0.17309801744997919,-0.319166042648653,-0.21154325541436095,0.3802965243010196,True,LOWVOL20,VOL20,20,21,20_baseline_calendar_entries,20,True,False,True,False,False,False,True
LOWVOL20,lowvol20_all_exact_windows_diagnostic,Q5-Q1,56,0.0076125800616469175,0.016981467224590027,1.2418205770711415,0.5714285714285714,0.304800186117809,0.210443796968349,-0.3287844421607621,-0.2689382732552433,-0.1883326212141636,True,LOWVOL20,VOL20,20,21,20_baseline_calendar_entries,20,True,False,True,False,False,False,True
LOWVOL20,lowvol20_all_exact_windows_diagnostic,Q5-UNIVERSE,56,-0.0004787446867041481,-0.001063375368368408,0.8991026309826067,0.5,0.18496861185305216,0.14546886891984345,-0.3183732638343524,-0.22557594291994792,-0.09207498152114199,True,LOWVOL20,VOL20,20,21,20_baseline_calendar_entries,20,True,False,True,False,False,False,True
LOWVOL20,lowvol20_all_exact_windows_diagnostic,UNIVERSE,56,0.01997146544390812,0.006590383747586814,2.1918702935579795,0.5178571428571429,0.4053430431222453,0.2020014514071824,-0.3672826615221544,-0.20017019286735213,0.47237150582216164,True,LOWVOL20,VOL20,20,21,20_baseline_calendar_entries,20,True,False,True,False,False,False,True
LOWVOL20,lowvol20_primary_reliable_sample,Q1,56,0.011880140695557054,-0.004381842871636409,1.2399574770918402,0.5,0.4731196732787626,0.25644592880686495,-0.46767084752056953,-0.2473453596342295,0.5686291455151833,True,LOWVOL20,VOL20,20,21,20_baseline_calendar_entries,20,True,False,True,False,False,False,True
LOWVOL20,lowvol20_primary_reliable_sample,Q2,56,0.028482443905285277,0.008720121234149598,3.0199436312380503,0.5357142857142857,0.5073793464910542,0.2189576058154014,-0.4303135387297492,-0.1966756742670275,0.511005627762884,True,LOWVOL20,VOL20,20,21,20_baseline_calendar_entries,20,True,False,True,False,False,False,True
LOWVOL20,lowvol20_primary_reliable_sample,Q3,56,0.02421636545428401,0.004227611293075559,2.556962076789145,0.5178571428571429,0.45661873076068477,0.2159306509778294,-0.40037811756638897,-0.1581098536124508,0.48064516836122506,True,LOWVOL20,VOL20,20,21,20_baseline_calendar_entries,20,True,False,True,False,False,False,True
LOWVOL20,lowvol20_primary_reliable_sample,Q4,56,0.015734877385105307,0.015620088827527984,1.8285222263393623,0.5535714285714286,0.3626638399182286,0.20636871536170592,-0.3480649637748473,-0.20121943291427757,0.41200102769248176,True,LOWVOL20,VOL20,20,21,20_baseline_calendar_entries,20,True,False,True,False,False,False,True
LOWVOL20,lowvol20_primary_reliable_sample,Q5,56,0.019492720757203968,0.005761477063486626,2.3549202024494758,0.5,0.3305465534315368,0.17309801744997919,-0.319166042648653,-0.21154325541436095,0.3802965243010196,True,LOWVOL20,VOL20,20,21,20_baseline_calendar_entries,20,True,False,True,False,False,False,True
LOWVOL20,lowvol20_primary_reliable_sample,Q5-Q1,56,0.0076125800616469175,0.016981467224590027,1.2418205770711415,0.5714285714285714,0.304800186117809,0.210443796968349,-0.3287844421607621,-0.2689382732552433,-0.1883326212141636,True,LOWVOL20,VOL20,20,21,20_baseline_calendar_entries,20,True,False,True,False,False,False,True
LOWVOL20,lowvol20_primary_reliable_sample,Q5-UNIVERSE,56,-0.0004787446867041481,-0.001063375368368408,0.8991026309826067,0.5,0.18496861185305216,0.14546886891984345,-0.3183732638343524,-0.22557594291994792,-0.09207498152114199,True,LOWVOL20,VOL20,20,21,20_baseline_calendar_entries,20,True,False,True,False,False,False,True
LOWVOL20,lowvol20_primary_reliable_sample,UNIVERSE,56,0.01997146544390812,0.006590383747586814,2.1918702935579795,0.5178571428571429,0.4053430431222453,0.2020014514071824,-0.3672826615221544,-0.20017019286735213,0.47237150582216164,True,LOWVOL20,VOL20,20,21,20_baseline_calendar_entries,20,True,False,True,False,False,False,True
LOWVOL40,common_10_20_40_exact_sample,Q1,55,0.006830288924007429,-0.010207873255640543,0.9438136528759147,0.45454545454545453,0.4658739438589432,0.26597023249257784,-0.4763435603218087,-0.2639034144350411,0.5757711167458116,True,LOWVOL20,VOL20,20,21,20_baseline_calendar_entries,20,True,False,True,False,False,False,True
LOWVOL40,common_10_20_40_exact_sample,Q2,55,0.023836475802916476,0.009463687661177788,2.371489253035923,0.509090909090909,0.47919145899454063,0.23300240653215284,-0.4488949152800108,-0.22202175480688724,0.514677040495808,True,LOWVOL20,VOL20,20,21,20_baseline_calendar_entries,20,True,False,True,False,False,False,True
LOWVOL40,common_10_20_40_exact_sample,Q3,55,0.02162777715155096,5.134944519581307e-05,2.038918531260712,0.509090909090909,0.5135278773470996,0.21595153554539595,-0.37498826663350826,-0.1846279948659671,0.46870485048575594,True,LOWVOL20,VOL20,20,21,20_baseline_calendar_entries,20,True,False,True,False,False,False,True
LOWVOL40,common_10_20_40_exact_sample,Q4,55,0.01908815866951186,0.01168325503839976,2.1921252820806436,0.5636363636363636,0.3572745600412035,0.1921960068135671,-0.32657226359887526,-0.1657078704862646,0.42389156751489737,True,LOWVOL20,VOL20,20,21,20_baseline_calendar_entries,20,True,False,True,False,False,False,True
LOWVOL40,common_10_20_40_exact_sample,Q5,55,0.020895607271141352,0.017395407559675224,2.5026083270312185,0.5636363636363636,0.32890602475616293,0.1761033370583261,-0.348829191024855,-0.20257422876257997,0.37375273198640935,True,LOWVOL20,VOL20,20,21,20_baseline_calendar_entries,20,True,False,True,False,False,False,True
LOWVOL40,common_10_20_40_exact_sample,Q5-Q1,55,0.01406531834713392,0.005682896645517299,1.7804547576345795,0.5454545454545454,0.2955514298893172,0.19582665043395944,-0.39899479726505016,-0.274269593360991,-0.20201838475940226,True,LOWVOL20,VOL20,20,21,20_baseline_calendar_entries,20,True,False,True,False,False,False,True
LOWVOL40,common_10_20_40_exact_sample,Q5-UNIVERSE,55,0.002451917225676907,0.008671663108409673,1.0534499676961309,0.5636363636363636,0.18793761308217852,0.15022292712194307,-0.37096821442609307,-0.25967108823942053,-0.09951511405943904,True,LOWVOL20,VOL20,20,21,20_baseline_calendar_entries,20,True,False,True,False,False,False,True
LOWVOL40,common_10_20_40_exact_sample,UNIVERSE,56,0.01868278755151317,0.006590383747586814,2.0483284993794997,0.5178571428571429,0.40341056955469334,0.20214803622534494,-0.3672826615221544,-0.20017019286735213,0.4719356794966335,True,LOWVOL20,VOL20,20,21,20_baseline_calendar_entries,20,True,False,True,False,False,False,True
