factor_name,sample_basis,portfolio,period_count,mean_return,median_return,positive_ratio,annualized_volatility,cumulative_nav,period_endpoint_drawdown,quantile_return_spearman,q5_above_q1,q5_above_universe,strictly_monotonic,research_only,primary_factor,primary_lookback_trading_days,forward_horizon_trading_days,signal_construction_point_in_time,universe_point_in_time,current_universe_historical_research,formal_performance_conclusion_allowed,execution_sim_ready,no_investment_conclusion
MOM40,common_40_60_80_robustness_sample,Q1,53.0,0.02760430128098716,0.010186700764700225,0.5283018867924528,0.4526033878382491,2.916912865452997,-0.4021988989092997,,,,,True,MOM60,60,20,True,False,True,False,False,True
MOM40,common_40_60_80_robustness_sample,Q2,53.0,0.018629088985419623,0.007447354613561779,0.5094339622641509,0.3764002966396153,2.027816905371441,-0.3402666919172279,,,,,True,MOM60,60,20,True,False,True,False,False,True
MOM40,common_40_60_80_robustness_sample,Q3,53.0,0.02612981228499777,0.010065209233727768,0.5660377358490566,0.48569428791343505,2.613030119299233,-0.37973208244241985,,,,,True,MOM60,60,20,True,False,True,False,False,True
MOM40,common_40_60_80_robustness_sample,Q4,53.0,0.019394648761605522,-0.002554344205708285,0.49056603773584906,0.43686783000850826,1.9349575366824248,-0.3847693678927614,,,,,True,MOM60,60,20,True,False,True,False,False,True
MOM40,common_40_60_80_robustness_sample,Q5,53.0,0.0005726909934021938,-0.004580063762899889,0.4716981132075472,0.4120775565707969,0.7351530074551504,-0.468362825586514,,,,,True,MOM60,60,20,True,False,True,False,False,True
MOM40,common_40_60_80_robustness_sample,Q5-Q1,53.0,-0.027031610287584967,-0.014766764527600115,0.37735849056603776,0.22575467597146764,0.20920331195465594,-0.7976791081342183,,,,,True,MOM60,60,20,True,False,True,False,False,True
MOM40,common_40_60_80_robustness_sample,Q5-UNIVERSE,53.0,-0.018156162289899053,-0.02041826699783547,0.39622641509433965,0.14412178218011226,0.36204844167248423,-0.6505581544241268,,,,,True,MOM60,60,20,True,False,True,False,False,True
MOM40,common_40_60_80_robustness_sample,UNIVERSE,53.0,0.018728853283301244,0.00795547153227607,0.5094339622641509,0.41299460103952923,1.9483843447615328,-0.3672826615221544,,,,,True,MOM60,60,20,True,False,True,False,False,True
MOM60,common_40_60_80_robustness_sample,Q1,53.0,0.021534588108699196,-0.0004167417594351191,0.4716981132075472,0.4218151696072553,2.230140456421773,-0.31225028261301024,,,,,True,MOM60,60,20,True,False,True,False,False,True
MOM60,common_40_60_80_robustness_sample,Q2,53.0,0.018535203926059424,0.009394706232803444,0.5283018867924528,0.37922984039626617,2.007035975743761,-0.32710460009878073,,,,,True,MOM60,60,20,True,False,True,False,False,True
MOM60,common_40_60_80_robustness_sample,Q3,53.0,0.025420003256829665,0.01022798789578545,0.5471698113207547,0.48733455475233245,2.5227484103509497,-0.36274233595275707,,,,,True,MOM60,60,20,True,False,True,False,False,True
MOM60,common_40_60_80_robustness_sample,Q4,53.0,0.0266945009002454,0.0013908372157532924,0.5283018867924528,0.4310074294837857,2.835648574269321,-0.39201895147735943,,,,,True,MOM60,60,20,True,False,True,False,False,True
MOM60,common_40_60_80_robustness_sample,Q5,53.0,0.0003079948672255923,-0.02439126837983374,0.39622641509433965,0.461741646613828,0.6767199258261906,-0.5376165740721222,,,,,True,MOM60,60,20,True,False,True,False,False,True
MOM60,common_40_60_80_robustness_sample,Q5-Q1,53.0,-0.021226593241473607,-0.02549783139332953,0.32075471698113206,0.23739526470072597,0.28385214807354264,-0.724953010566376,,,,,True,MOM60,60,20,True,False,True,False,False,True
MOM60,common_40_60_80_robustness_sample,Q5-UNIVERSE,53.0,-0.018420858416075655,-0.026218167568712106,0.32075471698113206,0.1645548505824472,0.35231125816130004,-0.6605851606079434,,,,,True,MOM60,60,20,True,False,True,False,False,True
MOM60,common_40_60_80_robustness_sample,UNIVERSE,53.0,0.018728853283301244,0.00795547153227607,0.5094339622641509,0.41299460103952923,1.9483843447615328,-0.3672826615221544,,,,,True,MOM60,60,20,True,False,True,False,False,True
MOM60,mom60_primary_sample,Q1,54.0,0.019717781549021877,-0.004104896995818871,0.46296296296296297,0.42266317928073993,2.0512204299613916,-0.3097251547005929,,,,,True,MOM60,60,20,True,False,True,False,False,True
MOM60,mom60_primary_sample,Q2,54.0,0.015823218504638855,0.007418623272555512,0.5185185185185185,0.37393253509132796,1.772824874504896,-0.3271046000987806,,,,,True,MOM60,60,20,True,False,True,False,False,True
MOM60,mom60_primary_sample,Q3,54.0,0.025068260383806384,0.009650464211964072,0.5370370370370371,0.4876403660191981,2.517485836189559,-0.36274233595275707,,,,,True,MOM60,60,20,True,False,True,False,False,True
MOM60,mom60_primary_sample,Q4,54.0,0.026767506080864232,0.0028296465297438186,0.5370370370370371,0.4262595344569342,2.9254089958116407,-0.39201895147735943,,,,,True,MOM60,60,20,True,False,True,False,False,True
MOM60,mom60_primary_sample,Q5,54.0,-0.0007051759000627851,-0.02361037750654667,0.3888888888888889,0.45824154800776185,0.639751255730188,-0.5376165740721222,,,,,True,MOM60,60,20,True,False,True,False,False,True
MOM60,mom60_primary_sample,Q5-Q1,54.0,-0.02042295744908466,-0.02213388355758948,0.35185185185185186,0.23609464038245148,0.2900957550619394,-0.7316713527889914,,,,,True,MOM60,60,20,True,False,True,False,False,True
MOM60,mom60_primary_sample,Q5-UNIVERSE,54.0,-0.0182380375933173,-0.025784787893163567,0.3148148148148148,0.16372013005429817,0.3491444230436872,-0.6587794680495374,,,,,True,MOM60,60,20,True,False,True,False,False,True
MOM60,mom60_primary_sample,UNIVERSE,54.0,0.017532861693254517,-0.0003618276789682409,0.5,0.4103923999963734,1.858750214893257,-0.3672826615221545,,,,,True,MOM60,60,20,True,False,True,False,False,True
MOM80,common_40_60_80_robustness_sample,Q1,53.0,0.019932143661974645,-0.006951593805281905,0.49056603773584906,0.3952718778465389,2.1114830835353366,-0.343063397739237,,,,,True,MOM60,60,20,True,False,True,False,False,True
MOM80,common_40_60_80_robustness_sample,Q2,53.0,0.025130976056294267,0.00347417850026821,0.5471698113207547,0.39543489241902674,2.7726386755127814,-0.3620273849278963,,,,,True,MOM60,60,20,True,False,True,False,False,True
MOM80,common_40_60_80_robustness_sample,Q3,53.0,0.025169098357559934,0.009837305561646243,0.5094339622641509,0.4280305521859319,2.673205725034306,-0.3222603083368132,,,,,True,MOM60,60,20,True,False,True,False,False,True
MOM80,common_40_60_80_robustness_sample,Q4,53.0,0.018900622555607795,-0.0009972963678047675,0.49056603773584906,0.4795852869619035,1.7936975497124987,-0.47132327699320864,,,,,True,MOM60,60,20,True,False,True,False,False,True
MOM80,common_40_60_80_robustness_sample,Q5,53.0,0.0035313956812495096,-0.02222239146037904,0.4339622641509434,0.475932906252024,0.7855754668344681,-0.46286554220983667,,,,,True,MOM60,60,20,True,False,True,False,False,True
MOM80,common_40_60_80_robustness_sample,Q5-Q1,53.0,-0.016400747980725144,-0.0201933297355239,0.3584905660377358,0.2684185773981152,0.35799916517834063,-0.6778144313196169,,,,,True,MOM60,60,20,True,False,True,False,False,True
MOM80,common_40_60_80_robustness_sample,Q5-UNIVERSE,53.0,-0.015197457602051736,-0.021286347855673703,0.3584905660377358,0.17306810910886808,0.416955600044446,-0.6210393829901661,,,,,True,MOM60,60,20,True,False,True,False,False,True
MOM80,common_40_60_80_robustness_sample,UNIVERSE,53.0,0.018728853283301244,0.00795547153227607,0.5094339622641509,0.41299460103952923,1.9483843447615328,-0.3672826615221544,,,,,True,MOM60,60,20,True,False,True,False,False,True
MOM40,common_40_60_80_robustness_sample,MONOTONICITY,,,,,,,,-0.7,False,False,False,True,MOM60,60,20,True,False,True,False,False,True
MOM60,common_40_60_80_robustness_sample,MONOTONICITY,,,,,,,,-0.09999999999999999,False,False,False,True,MOM60,60,20,True,False,True,False,False,True
MOM60,mom60_primary_sample,MONOTONICITY,,,,,,,,-0.09999999999999999,False,False,False,True,MOM60,60,20,True,False,True,False,False,True
MOM80,common_40_60_80_robustness_sample,MONOTONICITY,,,,,,,,-0.6,False,False,False,True,MOM60,60,20,True,False,True,False,False,True
