period_index,rebalance_date,next_rebalance_date,eligible_count,signal_count,evaluation_count,risk_evaluation_count,signal_coverage_ratio,evaluation_coverage_ratio,flat_price_contamination_ratio,signal_unique_value_count,largest_tie_group_count,largest_tie_group_ratio,readiness_pass,ic_valid,quantile_valid,risk_ic_valid,risk_quantile_valid,primary_period_valid,period_phase,main_period_member,research_only,primary_factor,underlying_measure,primary_lookback_return_intervals,required_price_observations,target_rebalance_step,forward_horizon_trading_days_approx,signal_construction_point_in_time,universe_point_in_time,current_universe_historical_research,suspension_status_available,execution_sim_ready,formal_performance_conclusion_allowed,no_investment_conclusion
0,2021-03-31,2021-04-29,47,1,1,1,0.02127659574468085,0.02127659574468085,0.9787234042553191,1,1,1.0,False,False,False,False,False,False,pre_start_diagnostic,False,True,LOWVOL20,VOL20,20,21,20_baseline_calendar_entries,20,True,False,True,False,False,False,True
1,2021-04-29,2021-06-01,48,47,47,47,0.9791666666666666,0.9791666666666666,0.020833333333333332,47,1,0.02127659574468085,True,True,True,True,True,True,main,True,True,LOWVOL20,VOL20,20,21,20_baseline_calendar_entries,20,True,False,True,False,False,False,True
2,2021-06-01,2021-06-30,48,48,48,47,1.0,1.0,0.0,48,1,0.020833333333333332,True,True,True,True,True,True,main,True,True,LOWVOL20,VOL20,20,21,20_baseline_calendar_entries,20,True,False,True,False,False,False,True
3,2021-06-30,2021-07-28,50,47,47,47,0.94,0.94,0.06,47,1,0.02127659574468085,True,True,True,True,True,True,main,True,True,LOWVOL20,VOL20,20,21,20_baseline_calendar_entries,20,True,False,True,False,False,False,True
4,2021-07-28,2021-08-25,50,50,50,50,1.0,1.0,0.0,50,1,0.02,True,True,True,True,True,True,main,True,True,LOWVOL20,VOL20,20,21,20_baseline_calendar_entries,20,True,False,True,False,False,False,True
5,2021-08-25,2021-09-24,51,50,50,50,0.9803921568627451,0.9803921568627451,0.0196078431372549,50,1,0.02,True,True,True,True,True,True,main,True,True,LOWVOL20,VOL20,20,21,20_baseline_calendar_entries,20,True,False,True,False,False,False,True
6,2021-09-24,2021-10-29,51,51,51,51,1.0,1.0,0.0,51,1,0.0196078431372549,True,True,True,True,True,True,main,True,True,LOWVOL20,VOL20,20,21,20_baseline_calendar_entries,20,True,False,True,False,False,False,True
7,2021-10-29,2021-11-26,51,51,51,51,1.0,1.0,0.0,51,1,0.0196078431372549,True,True,True,True,True,True,main,True,True,LOWVOL20,VOL20,20,21,20_baseline_calendar_entries,20,True,False,True,False,False,False,True
8,2021-11-26,2021-12-24,51,51,51,51,1.0,1.0,0.0,51,1,0.0196078431372549,True,True,True,True,True,True,main,True,True,LOWVOL20,VOL20,20,21,20_baseline_calendar_entries,20,True,False,True,False,False,False,True
9,2021-12-24,2022-01-24,51,51,51,51,1.0,1.0,0.0,51,1,0.0196078431372549,True,True,True,True,True,True,main,True,True,LOWVOL20,VOL20,20,21,20_baseline_calendar_entries,20,True,False,True,False,False,False,True
10,2022-01-24,2022-02-28,51,51,51,51,1.0,1.0,0.0,51,1,0.0196078431372549,True,True,True,True,True,True,main,True,True,LOWVOL20,VOL20,20,21,20_baseline_calendar_entries,20,True,False,True,False,False,False,True
11,2022-02-28,2022-03-28,51,51,51,51,1.0,1.0,0.0,51,1,0.0196078431372549,True,True,True,True,True,True,main,True,True,LOWVOL20,VOL20,20,21,20_baseline_calendar_entries,20,True,False,True,False,False,False,True
12,2022-03-28,2022-04-27,52,51,51,51,0.9807692307692307,0.9807692307692307,0.019230769230769232,51,1,0.0196078431372549,True,True,True,True,True,True,main,True,True,LOWVOL20,VOL20,20,21,20_baseline_calendar_entries,20,True,False,True,False,False,False,True
13,2022-04-27,2022-05-30,52,52,52,52,1.0,1.0,0.0,52,1,0.019230769230769232,True,True,True,True,True,True,main,True,True,LOWVOL20,VOL20,20,21,20_baseline_calendar_entries,20,True,False,True,False,False,False,True
14,2022-05-30,2022-06-28,52,52,52,52,1.0,1.0,0.0,52,1,0.019230769230769232,True,True,True,True,True,True,main,True,True,LOWVOL20,VOL20,20,21,20_baseline_calendar_entries,20,True,False,True,False,False,False,True
15,2022-06-28,2022-07-26,52,52,52,52,1.0,1.0,0.0,52,1,0.019230769230769232,True,True,True,True,True,True,main,True,True,LOWVOL20,VOL20,20,21,20_baseline_calendar_entries,20,True,False,True,False,False,False,True
16,2022-07-26,2022-08-23,52,52,52,52,1.0,1.0,0.0,52,1,0.019230769230769232,True,True,True,True,True,True,main,True,True,LOWVOL20,VOL20,20,21,20_baseline_calendar_entries,20,True,False,True,False,False,False,True
17,2022-08-23,2022-09-21,53,52,52,52,0.9811320754716981,0.9811320754716981,0.018867924528301886,52,1,0.019230769230769232,True,True,True,True,True,True,main,True,True,LOWVOL20,VOL20,20,21,20_baseline_calendar_entries,20,True,False,True,False,False,False,True
18,2022-09-21,2022-10-26,53,53,53,53,1.0,1.0,0.0,53,1,0.018867924528301886,True,True,True,True,True,True,main,True,True,LOWVOL20,VOL20,20,21,20_baseline_calendar_entries,20,True,False,True,False,False,False,True
19,2022-10-26,2022-11-23,53,53,53,53,1.0,1.0,0.0,53,1,0.018867924528301886,True,True,True,True,True,True,main,True,True,LOWVOL20,VOL20,20,21,20_baseline_calendar_entries,20,True,False,True,False,False,False,True
20,2022-11-23,2022-12-21,54,53,53,53,0.9814814814814815,0.9814814814814815,0.018518518518518517,53,1,0.018867924528301886,True,True,True,True,True,True,main,True,True,LOWVOL20,VOL20,20,21,20_baseline_calendar_entries,20,True,False,True,False,False,False,True
21,2022-12-21,2023-01-19,54,54,54,54,1.0,1.0,0.0,54,1,0.018518518518518517,True,True,True,True,True,True,main,True,True,LOWVOL20,VOL20,20,21,20_baseline_calendar_entries,20,True,False,True,False,False,False,True
22,2023-01-19,2023-02-23,54,54,54,54,1.0,1.0,0.0,54,1,0.018518518518518517,True,True,True,True,True,True,main,True,True,LOWVOL20,VOL20,20,21,20_baseline_calendar_entries,20,True,False,True,False,False,False,True
23,2023-02-23,2023-03-23,54,54,54,54,1.0,1.0,0.0,54,1,0.018518518518518517,True,True,True,True,True,True,main,True,True,LOWVOL20,VOL20,20,21,20_baseline_calendar_entries,20,True,False,True,False,False,False,True
24,2023-03-23,2023-04-21,54,54,54,54,1.0,1.0,0.0,54,1,0.018518518518518517,True,True,True,True,True,True,main,True,True,LOWVOL20,VOL20,20,21,20_baseline_calendar_entries,20,True,False,True,False,False,False,True
25,2023-04-21,2023-05-24,54,54,54,54,1.0,1.0,0.0,54,1,0.018518518518518517,True,True,True,True,True,True,main,True,True,LOWVOL20,VOL20,20,21,20_baseline_calendar_entries,20,True,False,True,False,False,False,True
26,2023-05-24,2023-06-21,54,54,54,54,1.0,1.0,0.0,54,1,0.018518518518518517,True,True,True,True,True,True,main,True,True,LOWVOL20,VOL20,20,21,20_baseline_calendar_entries,20,True,False,True,False,False,False,True
27,2023-06-21,2023-07-21,54,54,54,54,1.0,1.0,0.0,54,1,0.018518518518518517,True,True,True,True,True,True,main,True,True,LOWVOL20,VOL20,20,21,20_baseline_calendar_entries,20,True,False,True,False,False,False,True
28,2023-07-21,2023-08-18,54,54,54,54,1.0,1.0,0.0,54,1,0.018518518518518517,True,True,True,True,True,True,main,True,True,LOWVOL20,VOL20,20,21,20_baseline_calendar_entries,20,True,False,True,False,False,False,True
29,2023-08-18,2023-09-15,54,54,54,54,1.0,1.0,0.0,54,1,0.018518518518518517,True,True,True,True,True,True,main,True,True,LOWVOL20,VOL20,20,21,20_baseline_calendar_entries,20,True,False,True,False,False,False,True
30,2023-09-15,2023-10-23,54,54,54,54,1.0,1.0,0.0,54,1,0.018518518518518517,True,True,True,True,True,True,main,True,True,LOWVOL20,VOL20,20,21,20_baseline_calendar_entries,20,True,False,True,False,False,False,True
31,2023-10-23,2023-11-20,54,54,54,54,1.0,1.0,0.0,54,1,0.018518518518518517,True,True,True,True,True,True,main,True,True,LOWVOL20,VOL20,20,21,20_baseline_calendar_entries,20,True,False,True,False,False,False,True
32,2023-11-20,2023-12-18,54,54,54,54,1.0,1.0,0.0,54,1,0.018518518518518517,True,True,True,True,True,True,main,True,True,LOWVOL20,VOL20,20,21,20_baseline_calendar_entries,20,True,False,True,False,False,False,True
33,2023-12-18,2024-01-16,54,54,54,54,1.0,1.0,0.0,54,1,0.018518518518518517,True,True,True,True,True,True,main,True,True,LOWVOL20,VOL20,20,21,20_baseline_calendar_entries,20,True,False,True,False,False,False,True
34,2024-01-16,2024-02-21,54,54,54,54,1.0,1.0,0.0,54,1,0.018518518518518517,True,True,True,True,True,True,main,True,True,LOWVOL20,VOL20,20,21,20_baseline_calendar_entries,20,True,False,True,False,False,False,True
35,2024-02-21,2024-03-20,54,54,54,54,1.0,1.0,0.0,54,1,0.018518518518518517,True,True,True,True,True,True,main,True,True,LOWVOL20,VOL20,20,21,20_baseline_calendar_entries,20,True,False,True,False,False,False,True
36,2024-03-20,2024-04-19,54,54,54,54,1.0,1.0,0.0,54,1,0.018518518518518517,True,True,True,True,True,True,main,True,True,LOWVOL20,VOL20,20,21,20_baseline_calendar_entries,20,True,False,True,False,False,False,True
37,2024-04-19,2024-05-22,54,54,54,54,1.0,1.0,0.0,54,1,0.018518518518518517,True,True,True,True,True,True,main,True,True,LOWVOL20,VOL20,20,21,20_baseline_calendar_entries,20,True,False,True,False,False,False,True
38,2024-05-22,2024-06-20,54,54,54,54,1.0,1.0,0.0,54,1,0.018518518518518517,True,True,True,True,True,True,main,True,True,LOWVOL20,VOL20,20,21,20_baseline_calendar_entries,20,True,False,True,False,False,False,True
39,2024-06-20,2024-07-18,54,54,54,54,1.0,1.0,0.0,54,1,0.018518518518518517,True,True,True,True,True,True,main,True,True,LOWVOL20,VOL20,20,21,20_baseline_calendar_entries,20,True,False,True,False,False,False,True
40,2024-07-18,2024-08-15,54,54,54,54,1.0,1.0,0.0,54,1,0.018518518518518517,True,True,True,True,True,True,main,True,True,LOWVOL20,VOL20,20,21,20_baseline_calendar_entries,20,True,False,True,False,False,False,True
41,2024-08-15,2024-09-12,54,54,54,54,1.0,1.0,0.0,54,1,0.018518518518518517,True,True,True,True,True,True,main,True,True,LOWVOL20,VOL20,20,21,20_baseline_calendar_entries,20,True,False,True,False,False,False,True
42,2024-09-12,2024-10-21,54,54,54,54,1.0,1.0,0.0,54,1,0.018518518518518517,True,True,True,True,True,True,main,True,True,LOWVOL20,VOL20,20,21,20_baseline_calendar_entries,20,True,False,True,False,False,False,True
43,2024-10-21,2024-11-18,54,54,54,54,1.0,1.0,0.0,54,1,0.018518518518518517,True,True,True,True,True,True,main,True,True,LOWVOL20,VOL20,20,21,20_baseline_calendar_entries,20,True,False,True,False,False,False,True
44,2024-11-18,2024-12-16,54,54,54,54,1.0,1.0,0.0,54,1,0.018518518518518517,True,True,True,True,True,True,main,True,True,LOWVOL20,VOL20,20,21,20_baseline_calendar_entries,20,True,False,True,False,False,False,True
45,2024-12-16,2025-01-14,54,54,54,54,1.0,1.0,0.0,54,1,0.018518518518518517,True,True,True,True,True,True,main,True,True,LOWVOL20,VOL20,20,21,20_baseline_calendar_entries,20,True,False,True,False,False,False,True
46,2025-01-14,2025-02-19,54,54,54,54,1.0,1.0,0.0,54,1,0.018518518518518517,True,True,True,True,True,True,main,True,True,LOWVOL20,VOL20,20,21,20_baseline_calendar_entries,20,True,False,True,False,False,False,True
47,2025-02-19,2025-03-19,54,54,54,54,1.0,1.0,0.0,54,1,0.018518518518518517,True,True,True,True,True,True,main,True,True,LOWVOL20,VOL20,20,21,20_baseline_calendar_entries,20,True,False,True,False,False,False,True
48,2025-03-19,2025-04-17,54,54,54,54,1.0,1.0,0.0,54,1,0.018518518518518517,True,True,True,True,True,True,main,True,True,LOWVOL20,VOL20,20,21,20_baseline_calendar_entries,20,True,False,True,False,False,False,True
49,2025-04-17,2025-05-20,54,54,54,54,1.0,1.0,0.0,54,1,0.018518518518518517,True,True,True,True,True,True,main,True,True,LOWVOL20,VOL20,20,21,20_baseline_calendar_entries,20,True,False,True,False,False,False,True
50,2025-05-20,2025-06-18,54,54,54,54,1.0,1.0,0.0,54,1,0.018518518518518517,True,True,True,True,True,True,main,True,True,LOWVOL20,VOL20,20,21,20_baseline_calendar_entries,20,True,False,True,False,False,False,True
51,2025-06-18,2025-07-16,54,54,54,54,1.0,1.0,0.0,54,1,0.018518518518518517,True,True,True,True,True,True,main,True,True,LOWVOL20,VOL20,20,21,20_baseline_calendar_entries,20,True,False,True,False,False,False,True
52,2025-07-16,2025-08-13,54,54,54,54,1.0,1.0,0.0,54,1,0.018518518518518517,True,True,True,True,True,True,main,True,True,LOWVOL20,VOL20,20,21,20_baseline_calendar_entries,20,True,False,True,False,False,False,True
53,2025-08-13,2025-09-10,54,54,54,54,1.0,1.0,0.0,54,1,0.018518518518518517,True,True,True,True,True,True,main,True,True,LOWVOL20,VOL20,20,21,20_baseline_calendar_entries,20,True,False,True,False,False,False,True
54,2025-09-10,2025-10-16,54,54,54,54,1.0,1.0,0.0,54,1,0.018518518518518517,True,True,True,True,True,True,main,True,True,LOWVOL20,VOL20,20,21,20_baseline_calendar_entries,20,True,False,True,False,False,False,True
55,2025-10-16,2025-11-13,54,54,54,54,1.0,1.0,0.0,54,1,0.018518518518518517,True,True,True,True,True,True,main,True,True,LOWVOL20,VOL20,20,21,20_baseline_calendar_entries,20,True,False,True,False,False,False,True
56,2025-11-13,2025-12-11,54,54,54,54,1.0,1.0,0.0,54,1,0.018518518518518517,True,True,True,True,True,True,main,True,True,LOWVOL20,VOL20,20,21,20_baseline_calendar_entries,20,True,False,True,False,False,False,True
