check,pass,critical,actual,expected,formal_performance_conclusion_allowed,execution_sim_ready,no_investment_conclusion
frozen_period_count,True,True,1,1,False,False,True
period_grid_equal,True,True,1,1,False,False,True
six_digit_codes,True,True,1,1,False,False,True
no_duplicate_period_stock,True,True,1,1,False,False,True
no_duplicate_holding_key,True,True,1,1,False,False,True
q5_only_reliable_signal,True,True,1,1,False,False,True
target_weights_sum_one,True,True,1,1,False,False,True
gross_contribution_reconciliation,True,True,1,1,False,False,True
cost_reconciliation,True,True,1,1,False,False,True
net_return_reconciliation,True,True,1,1,False,False,True
first_turnover_one,True,True,1,1,False,False,True
drifted_turnover_reconciliation,True,True,1,1,False,False,True
nav_compounding_reconciliation,True,True,1,1,False,False,True
q5_universe_same_endpoints,True,True,1,1,False,False,True
benchmark_endpoint_alignment,True,True,1,1,False,False,True
selected_end_missing_not_removed,True,True,1,1,False,False,True
frozen_hash_differences_zero,True,True,1,1,False,False,True
