run_id,fetched_at,stock_code,source_endpoint,attempts,elapsed_seconds,error_type,error_message,final_status
qfq_v1_2_20260707_155524,2026-07-07T07:55:24.968369+00:00,000063,ak.stock_zh_a_hist,5,34.15,RuntimeError,"qfq price 000063 AkShare request failed after 5 attempts: HTTPSConnectionPool(host='push2his.eastmoney.com', port=443): Max retries exceeded with url: /api/qt/stock/kline/get?fields1=f1%2Cf2%2Cf3%2Cf4%2Cf5%2Cf6&fields2=f51%2Cf52%2Cf53%2Cf54%2Cf55%2Cf56%2Cf57%2Cf58%2Cf59%2Cf60%2Cf61%2Cf116&ut=7eea3edcaed734bea9cbfc24409ed989&klt=101&fqt=1&secid=0.000063&beg=20200102&end=20260616 (Caused by SSLError(SSLEOFError(8, '[SSL: UNEXPECTED_EOF_WHILE_READING] EOF occurred in violation of protocol (_ssl.c:1028)')))",error
qfq_v1_2_20260707_155524,2026-07-07T07:55:24.968369+00:00,300378,ak.stock_zh_a_hist,5,29.675,RuntimeError,"qfq price 300378 AkShare request failed after 5 attempts: HTTPSConnectionPool(host='push2his.eastmoney.com', port=443): Max retries exceeded with url: /api/qt/stock/kline/get?fields1=f1%2Cf2%2Cf3%2Cf4%2Cf5%2Cf6&fields2=f51%2Cf52%2Cf53%2Cf54%2Cf55%2Cf56%2Cf57%2Cf58%2Cf59%2Cf60%2Cf61%2Cf116&ut=7eea3edcaed734bea9cbfc24409ed989&klt=101&fqt=1&secid=0.300378&beg=20200102&end=20260616 (Caused by ProxyError('Unable to connect to proxy', RemoteDisconnected('Remote end closed connection without response')))",error
qfq_v1_2_20260707_155814,2026-07-07T07:58:14.759378+00:00,000063,ak.stock_zh_a_hist,5,9.602,RuntimeError,"qfq price 000063 AkShare request failed after 5 attempts: ('Connection aborted.', RemoteDisconnected('Remote end closed connection without response'))",error
qfq_v1_2_20260707_155814,2026-07-07T07:58:14.759378+00:00,300378,ak.stock_zh_a_hist,5,9.581,RuntimeError,"qfq price 300378 AkShare request failed after 5 attempts: ('Connection aborted.', RemoteDisconnected('Remote end closed connection without response'))",error
qfq_v1_2_20260707_161438,2026-07-07T08:14:38.554868+00:00,000063,ak.stock_zh_a_hist,5,30.434,RuntimeError,"qfq price 000063 AkShare request failed after 5 attempts: HTTPSConnectionPool(host='push2his.eastmoney.com', port=443): Max retries exceeded with url: /api/qt/stock/kline/get?fields1=f1%2Cf2%2Cf3%2Cf4%2Cf5%2Cf6&fields2=f51%2Cf52%2Cf53%2Cf54%2Cf55%2Cf56%2Cf57%2Cf58%2Cf59%2Cf60%2Cf61%2Cf116&ut=7eea3edcaed734bea9cbfc24409ed989&klt=101&fqt=1&secid=0.000063&beg=20200102&end=20260616 (Caused by ProxyError('Unable to connect to proxy', RemoteDisconnected('Remote end closed connection without response')))",error
qfq_v1_2_20260707_161438,2026-07-07T08:14:38.554868+00:00,300378,ak.stock_zh_a_hist,5,30.061,RuntimeError,"qfq price 300378 AkShare request failed after 5 attempts: HTTPSConnectionPool(host='push2his.eastmoney.com', port=443): Max retries exceeded with url: /api/qt/stock/kline/get?fields1=f1%2Cf2%2Cf3%2Cf4%2Cf5%2Cf6&fields2=f51%2Cf52%2Cf53%2Cf54%2Cf55%2Cf56%2Cf57%2Cf58%2Cf59%2Cf60%2Cf61%2Cf116&ut=7eea3edcaed734bea9cbfc24409ed989&klt=101&fqt=1&secid=0.300378&beg=20200102&end=20260616 (Caused by ProxyError('Unable to connect to proxy', RemoteDisconnected('Remote end closed connection without response')))",error
qfq_v1_2_20260707_173631,2026-07-07T09:36:31.832851+00:00,002544,"ak.stock_zh_a_daily,ak.stock_zh_a_hist",3,28.335,RuntimeError,"ak.stock_zh_a_daily: RuntimeError: sina qfq price 002544 AkShare request failed after 3 attempts: HTTPSConnectionPool(host='finance.sina.com.cn', port=443): Max retries exceeded with url: /realstock/company/sz002544/hisdata_klc2/klc_kl.js (Caused by SSLError(SSLEOFError(8, '[SSL: UNEXPECTED_EOF_WHILE_READING] EOF occurred in violation of protocol (_ssl.c:1028)'))); ak.stock_zh_a_hist: RuntimeError: eastmoney qfq price 002544 AkShare request failed after 3 attempts: HTTPSConnectionPool(host='push2his.eastmoney.com', port=443): Max retries exceeded with url: /api/qt/stock/kline/get?fields1=f1%2Cf2%2Cf3%2Cf4%2Cf5%2Cf6&fields2=f51%2Cf52%2Cf53%2Cf54%2Cf55%2Cf56%2Cf57%2Cf58%2Cf59%2Cf60%2Cf61%2Cf116&ut=7eea3edcaed734bea9cbfc24409ed989&klt=101&fqt=1&secid=0.002544&beg=20200102&end=20260616 (Caused by ProxyError('Unable to connect to proxy', RemoteDisconnected('Remote end closed connection without response')))",error
qfq_v1_2_20260707_173631,2026-07-07T09:36:31.832851+00:00,300133,"ak.stock_zh_a_daily,ak.stock_zh_a_hist",3,39.101,RuntimeError,"ak.stock_zh_a_daily: RuntimeError: sina qfq price 300133 AkShare request failed after 3 attempts: HTTPSConnectionPool(host='finance.sina.com.cn', port=443): Max retries exceeded with url: /realstock/company/sz300133/hisdata_klc2/klc_kl.js (Caused by SSLError(SSLEOFError(8, '[SSL: UNEXPECTED_EOF_WHILE_READING] EOF occurred in violation of protocol (_ssl.c:1028)'))); ak.stock_zh_a_hist: RuntimeError: eastmoney qfq price 300133 AkShare request failed after 3 attempts: HTTPSConnectionPool(host='push2his.eastmoney.com', port=443): Max retries exceeded with url: /api/qt/stock/kline/get?fields1=f1%2Cf2%2Cf3%2Cf4%2Cf5%2Cf6&fields2=f51%2Cf52%2Cf53%2Cf54%2Cf55%2Cf56%2Cf57%2Cf58%2Cf59%2Cf60%2Cf61%2Cf116&ut=7eea3edcaed734bea9cbfc24409ed989&klt=101&fqt=1&secid=0.300133&beg=20200102&end=20260616 (Caused by SSLError(SSLEOFError(8, '[SSL: UNEXPECTED_EOF_WHILE_READING] EOF occurred in violation of protocol (_ssl.c:1028)')))",error
qfq_v1_2_20260707_192009,2026-07-07T11:20:09.574599+00:00,002544,"ak.stock_zh_a_daily,ak.stock_zh_a_hist",3,47.297,RuntimeError,"ak.stock_zh_a_daily: RuntimeError: sina qfq price 002544 AkShare request failed after 3 attempts: HTTPSConnectionPool(host='stock.finance.sina.com.cn', port=443): Max retries exceeded with url: /stock/api/jsonp.php/var%20KKE_ShareAmount_sz002544=/StockService.getAmountBySymbol?_=20&symbol=sz002544 (Caused by SSLError(SSLEOFError(8, '[SSL: UNEXPECTED_EOF_WHILE_READING] EOF occurred in violation of protocol (_ssl.c:1028)'))); ak.stock_zh_a_hist: RuntimeError: eastmoney qfq price 002544 AkShare request failed after 3 attempts: HTTPSConnectionPool(host='push2his.eastmoney.com', port=443): Max retries exceeded with url: /api/qt/stock/kline/get?fields1=f1%2Cf2%2Cf3%2Cf4%2Cf5%2Cf6&fields2=f51%2Cf52%2Cf53%2Cf54%2Cf55%2Cf56%2Cf57%2Cf58%2Cf59%2Cf60%2Cf61%2Cf116&ut=7eea3edcaed734bea9cbfc24409ed989&klt=101&fqt=1&secid=0.002544&beg=20200102&end=20260616 (Caused by SSLError(SSLEOFError(8, '[SSL: UNEXPECTED_EOF_WHILE_READING] EOF occurred in violation of protocol (_ssl.c:1028)')))",error
qfq_v1_2_20260707_192009,2026-07-07T11:20:09.574599+00:00,300133,"ak.stock_zh_a_daily,ak.stock_zh_a_hist",3,51.315,RuntimeError,"ak.stock_zh_a_daily: RuntimeError: sina qfq price 300133 AkShare request failed after 3 attempts: HTTPSConnectionPool(host='stock.finance.sina.com.cn', port=443): Max retries exceeded with url: /stock/api/jsonp.php/var%20KKE_ShareAmount_sz300133=/StockService.getAmountBySymbol?_=20&symbol=sz300133 (Caused by SSLError(SSLEOFError(8, '[SSL: UNEXPECTED_EOF_WHILE_READING] EOF occurred in violation of protocol (_ssl.c:1028)'))); ak.stock_zh_a_hist: RuntimeError: eastmoney qfq price 300133 AkShare request failed after 3 attempts: HTTPSConnectionPool(host='push2his.eastmoney.com', port=443): Max retries exceeded with url: /api/qt/stock/kline/get?fields1=f1%2Cf2%2Cf3%2Cf4%2Cf5%2Cf6&fields2=f51%2Cf52%2Cf53%2Cf54%2Cf55%2Cf56%2Cf57%2Cf58%2Cf59%2Cf60%2Cf61%2Cf116&ut=7eea3edcaed734bea9cbfc24409ed989&klt=101&fqt=1&secid=0.300133&beg=20200102&end=20260616 (Caused by SSLError(SSLEOFError(8, '[SSL: UNEXPECTED_EOF_WHILE_READING] EOF occurred in violation of protocol (_ssl.c:1028)')))",error
