stock_code,gap_type,missing_start_date,missing_end_date,missing_row_count,missing_baseline_endpoint_count,missing_factor_endpoint_count,existing_source,existing_cache_path,current_status,proposed_repair_source,repair_priority,notes
002544,full_failure,2021-03-22,2026-06-16,1269,80,114,"ak.stock_zh_a_daily,ak.stock_zh_a_hist",data/cache/qfq_enrichment_v1_2/002544.csv,cache_missing,network required: ak.stock_zh_a_daily then ak.stock_zh_a_hist,P0,pre_repair_sha256=absent; cache_valid_rows=0; manifest_status=error; network_required=true; no legal qfq cache rows
300133,full_failure,2021-03-22,2026-06-16,1269,80,114,"ak.stock_zh_a_daily,ak.stock_zh_a_hist",data/cache/qfq_enrichment_v1_2/300133.csv,cache_missing,network required: ak.stock_zh_a_daily then ak.stock_zh_a_hist,P0,pre_repair_sha256=absent; cache_valid_rows=0; manifest_status=error; network_required=true; no legal qfq cache rows
002049,baseline_endpoint_gap,2026-01-12,2026-01-12,1,1,0,ak.stock_zh_a_daily,data/cache/qfq_enrichment_v1_2/002049.csv,partial_ok,network required: ak.stock_zh_a_daily then ak.stock_zh_a_hist,P1,pre_repair_sha256=e78945b29c1f5095bcd23c067981bc97ee2f3cc8491d896cd10c81b2c42d22b8; cache_valid_rows=1551; manifest_status=partial_ok; network_required=true; expected endpoint is an adjusted-panel stock trading date
002049,partial_cache_gap,2025-12-30,2026-01-14,10,0,0,ak.stock_zh_a_daily,data/cache/qfq_enrichment_v1_2/002049.csv,partial_ok,network required: ak.stock_zh_a_daily then ak.stock_zh_a_hist,P1,pre_repair_sha256=e78945b29c1f5095bcd23c067981bc97ee2f3cc8491d896cd10c81b2c42d22b8; cache_valid_rows=1551; manifest_status=partial_ok; network_required=true; missing QFQ rows on adjusted-panel stock trading dates
002131,partial_cache_gap,2026-01-16,2026-01-20,3,0,0,ak.stock_zh_a_daily,data/cache/qfq_enrichment_v1_2/002131.csv,partial_ok,network required: ak.stock_zh_a_daily then ak.stock_zh_a_hist,P1,pre_repair_sha256=6406de3ee1e249a51bbcfad68d573397f49dfbe1425231759fd4b895b737032f; cache_valid_rows=1559; manifest_status=partial_ok; network_required=true; missing QFQ rows on adjusted-panel stock trading dates
002544,baseline_endpoint_gap,2021-03-31,2026-06-16,65,65,0,"ak.stock_zh_a_daily,ak.stock_zh_a_hist",data/cache/qfq_enrichment_v1_2/002544.csv,cache_missing,network required: ak.stock_zh_a_daily then ak.stock_zh_a_hist,P1,pre_repair_sha256=absent; cache_valid_rows=0; manifest_status=error; network_required=true; expected endpoint is an adjusted-panel stock trading date
002544,factor_endpoint_gap,2021-03-31,2025-11-13,57,0,57,"ak.stock_zh_a_daily,ak.stock_zh_a_hist",data/cache/qfq_enrichment_v1_2/002544.csv,cache_missing,network required: ak.stock_zh_a_daily then ak.stock_zh_a_hist,P1,pre_repair_sha256=absent; cache_valid_rows=0; manifest_status=error; network_required=true; expected endpoint is an adjusted-panel stock trading date
002544,factor_lookback_gap,2021-03-30,2025-08-12,54,0,54,"ak.stock_zh_a_daily,ak.stock_zh_a_hist",data/cache/qfq_enrichment_v1_2/002544.csv,cache_missing,network required: ak.stock_zh_a_daily then ak.stock_zh_a_hist,P1,pre_repair_sha256=absent; cache_valid_rows=0; manifest_status=error; network_required=true; expected endpoint is an adjusted-panel stock trading date
300133,baseline_endpoint_gap,2021-03-31,2026-06-16,65,65,0,"ak.stock_zh_a_daily,ak.stock_zh_a_hist",data/cache/qfq_enrichment_v1_2/300133.csv,cache_missing,network required: ak.stock_zh_a_daily then ak.stock_zh_a_hist,P1,pre_repair_sha256=absent; cache_valid_rows=0; manifest_status=error; network_required=true; expected endpoint is an adjusted-panel stock trading date
300133,factor_endpoint_gap,2021-03-31,2025-11-13,57,0,57,"ak.stock_zh_a_daily,ak.stock_zh_a_hist",data/cache/qfq_enrichment_v1_2/300133.csv,cache_missing,network required: ak.stock_zh_a_daily then ak.stock_zh_a_hist,P1,pre_repair_sha256=absent; cache_valid_rows=0; manifest_status=error; network_required=true; expected endpoint is an adjusted-panel stock trading date
300133,factor_lookback_gap,2021-03-30,2025-08-12,54,0,54,"ak.stock_zh_a_daily,ak.stock_zh_a_hist",data/cache/qfq_enrichment_v1_2/300133.csv,cache_missing,network required: ak.stock_zh_a_daily then ak.stock_zh_a_hist,P1,pre_repair_sha256=absent; cache_valid_rows=0; manifest_status=error; network_required=true; expected endpoint is an adjusted-panel stock trading date
301171,partial_cache_gap,2026-01-15,2026-01-19,3,0,0,ak.stock_zh_a_daily,data/cache/qfq_enrichment_v1_2/301171.csv,partial_ok,network required: ak.stock_zh_a_daily then ak.stock_zh_a_hist,P1,pre_repair_sha256=e156a50da9c6a2256fba4bcbb0390cd0294ead22191314b3dc3a71b54c89ad4a; cache_valid_rows=921; manifest_status=partial_ok; network_required=true; missing QFQ rows on adjusted-panel stock trading dates
000063,baseline_endpoint_cache_only_reconciliation_gap,2020-01-02,2021-03-03,15,15,0,"ak.stock_zh_a_daily,cached:qfq_enrichment_v1_2",data/cache/qfq_enrichment_v1_2/000063.csv,cached_ok,cache-only: reconcile adjusted panel from existing QFQ cache,P2,pre_repair_sha256=b007f693f212ddc363127a264a882bd709db786579d882af47cbd8ac75a81d01; cache_valid_rows=1561; manifest_status=cached_ok; cache_only=true; network_required=false
000063,factor_lookback_cache_only_reconciliation_gap,2020-12-28,2021-03-02,3,0,3,"ak.stock_zh_a_daily,cached:qfq_enrichment_v1_2",data/cache/qfq_enrichment_v1_2/000063.csv,cached_ok,cache-only: reconcile adjusted panel from existing QFQ cache,P2,pre_repair_sha256=b007f693f212ddc363127a264a882bd709db786579d882af47cbd8ac75a81d01; cache_valid_rows=1561; manifest_status=cached_ok; cache_only=true; network_required=false
000681,baseline_endpoint_cache_only_reconciliation_gap,2020-01-02,2021-03-03,15,15,0,"ak.stock_zh_a_daily,cached:qfq_enrichment_v1_2",data/cache/qfq_enrichment_v1_2/000681.csv,cached_ok,cache-only: reconcile adjusted panel from existing QFQ cache,P2,pre_repair_sha256=fd60d5deee5662d4656ac6b6e6e1358598a4b49473330aba34e13a3695bb889c; cache_valid_rows=1562; manifest_status=cached_ok; cache_only=true; network_required=false
000681,factor_lookback_cache_only_reconciliation_gap,2020-12-28,2021-03-02,3,0,3,"ak.stock_zh_a_daily,cached:qfq_enrichment_v1_2",data/cache/qfq_enrichment_v1_2/000681.csv,cached_ok,cache-only: reconcile adjusted panel from existing QFQ cache,P2,pre_repair_sha256=fd60d5deee5662d4656ac6b6e6e1358598a4b49473330aba34e13a3695bb889c; cache_valid_rows=1562; manifest_status=cached_ok; cache_only=true; network_required=false
000901,baseline_endpoint_cache_only_reconciliation_gap,2020-01-02,2021-03-03,15,15,0,"ak.stock_zh_a_daily,cached:qfq_enrichment_v1_2",data/cache/qfq_enrichment_v1_2/000901.csv,cached_ok,cache-only: reconcile adjusted panel from existing QFQ cache,P2,pre_repair_sha256=0aacc1efecb5045841a2bfe2660d44cbd30501720ff712abde889b36d28fc644; cache_valid_rows=1556; manifest_status=cached_ok; cache_only=true; network_required=false
000901,factor_lookback_cache_only_reconciliation_gap,2020-12-28,2021-03-02,3,0,3,"ak.stock_zh_a_daily,cached:qfq_enrichment_v1_2",data/cache/qfq_enrichment_v1_2/000901.csv,cached_ok,cache-only: reconcile adjusted panel from existing QFQ cache,P2,pre_repair_sha256=0aacc1efecb5045841a2bfe2660d44cbd30501720ff712abde889b36d28fc644; cache_valid_rows=1556; manifest_status=cached_ok; cache_only=true; network_required=false
000938,baseline_endpoint_cache_only_reconciliation_gap,2020-01-02,2021-03-03,15,15,0,"ak.stock_zh_a_daily,cached:qfq_enrichment_v1_2",data/cache/qfq_enrichment_v1_2/000938.csv,cached_ok,cache-only: reconcile adjusted panel from existing QFQ cache,P2,pre_repair_sha256=839835872bb0c7b077d0cac9414b7fcd68901be670053ae8267320e8dee0ae28; cache_valid_rows=1562; manifest_status=cached_ok; cache_only=true; network_required=false
000938,factor_lookback_cache_only_reconciliation_gap,2020-12-28,2021-03-02,3,0,3,"ak.stock_zh_a_daily,cached:qfq_enrichment_v1_2",data/cache/qfq_enrichment_v1_2/000938.csv,cached_ok,cache-only: reconcile adjusted panel from existing QFQ cache,P2,pre_repair_sha256=839835872bb0c7b077d0cac9414b7fcd68901be670053ae8267320e8dee0ae28; cache_valid_rows=1562; manifest_status=cached_ok; cache_only=true; network_required=false
000977,baseline_endpoint_cache_only_reconciliation_gap,2020-01-02,2021-03-03,15,15,0,"ak.stock_zh_a_daily,cached:qfq_enrichment_v1_2",data/cache/qfq_enrichment_v1_2/000977.csv,cached_ok,cache-only: reconcile adjusted panel from existing QFQ cache,P2,pre_repair_sha256=6151b627fcebb1ad189e927fb3d68ab253892cfb488beaeb22666a743a920fd0; cache_valid_rows=1556; manifest_status=cached_ok; cache_only=true; network_required=false
000977,factor_lookback_cache_only_reconciliation_gap,2020-12-28,2021-03-02,3,0,3,"ak.stock_zh_a_daily,cached:qfq_enrichment_v1_2",data/cache/qfq_enrichment_v1_2/000977.csv,cached_ok,cache-only: reconcile adjusted panel from existing QFQ cache,P2,pre_repair_sha256=6151b627fcebb1ad189e927fb3d68ab253892cfb488beaeb22666a743a920fd0; cache_valid_rows=1556; manifest_status=cached_ok; cache_only=true; network_required=false
002015,baseline_endpoint_cache_only_reconciliation_gap,2020-01-02,2021-03-03,15,15,0,ak.stock_zh_a_daily,data/cache/qfq_enrichment_v1_2/002015.csv,ok,cache-only: reconcile adjusted panel from existing QFQ cache,P2,pre_repair_sha256=1b634e7af1d7fb57aad11ab7cb6ee623ea84beab65f56ebbb6d030c97ab95e71; cache_valid_rows=1562; manifest_status=ok; cache_only=true; network_required=false
002015,factor_lookback_cache_only_reconciliation_gap,2020-12-28,2021-03-02,3,0,3,ak.stock_zh_a_daily,data/cache/qfq_enrichment_v1_2/002015.csv,ok,cache-only: reconcile adjusted panel from existing QFQ cache,P2,pre_repair_sha256=1b634e7af1d7fb57aad11ab7cb6ee623ea84beab65f56ebbb6d030c97ab95e71; cache_valid_rows=1562; manifest_status=ok; cache_only=true; network_required=false
002044,baseline_endpoint_cache_only_reconciliation_gap,2020-01-02,2021-03-03,15,15,0,ak.stock_zh_a_daily,data/cache/qfq_enrichment_v1_2/002044.csv,ok,cache-only: reconcile adjusted panel from existing QFQ cache,P2,pre_repair_sha256=fd2300423a5301d037599e0fc924e12d22d80972a8d679723594f5ce3a9cd15d; cache_valid_rows=1562; manifest_status=ok; cache_only=true; network_required=false
002044,factor_lookback_cache_only_reconciliation_gap,2020-12-28,2021-03-02,3,0,3,ak.stock_zh_a_daily,data/cache/qfq_enrichment_v1_2/002044.csv,ok,cache-only: reconcile adjusted panel from existing QFQ cache,P2,pre_repair_sha256=fd2300423a5301d037599e0fc924e12d22d80972a8d679723594f5ce3a9cd15d; cache_valid_rows=1562; manifest_status=ok; cache_only=true; network_required=false
002049,baseline_endpoint_cache_only_reconciliation_gap,2020-01-02,2021-03-03,15,15,0,ak.stock_zh_a_daily,data/cache/qfq_enrichment_v1_2/002049.csv,partial_ok,cache-only: reconcile adjusted panel from existing QFQ cache,P2,pre_repair_sha256=e78945b29c1f5095bcd23c067981bc97ee2f3cc8491d896cd10c81b2c42d22b8; cache_valid_rows=1551; manifest_status=partial_ok; cache_only=true; network_required=false
002049,factor_lookback_cache_only_reconciliation_gap,2020-12-28,2021-03-02,3,0,3,ak.stock_zh_a_daily,data/cache/qfq_enrichment_v1_2/002049.csv,partial_ok,cache-only: reconcile adjusted panel from existing QFQ cache,P2,pre_repair_sha256=e78945b29c1f5095bcd23c067981bc97ee2f3cc8491d896cd10c81b2c42d22b8; cache_valid_rows=1551; manifest_status=partial_ok; cache_only=true; network_required=false
002065,baseline_endpoint_cache_only_reconciliation_gap,2020-01-02,2021-03-03,15,15,0,ak.stock_zh_a_daily,data/cache/qfq_enrichment_v1_2/002065.csv,ok,cache-only: reconcile adjusted panel from existing QFQ cache,P2,pre_repair_sha256=91278bd58fab7398dd77cf0658f4e77a907610392b04f0e19aa7ceec7cae610e; cache_valid_rows=1562; manifest_status=ok; cache_only=true; network_required=false
002065,factor_lookback_cache_only_reconciliation_gap,2020-12-28,2021-03-02,3,0,3,ak.stock_zh_a_daily,data/cache/qfq_enrichment_v1_2/002065.csv,ok,cache-only: reconcile adjusted panel from existing QFQ cache,P2,pre_repair_sha256=91278bd58fab7398dd77cf0658f4e77a907610392b04f0e19aa7ceec7cae610e; cache_valid_rows=1562; manifest_status=ok; cache_only=true; network_required=false
002131,baseline_endpoint_cache_only_reconciliation_gap,2020-01-02,2021-03-03,15,15,0,ak.stock_zh_a_daily,data/cache/qfq_enrichment_v1_2/002131.csv,partial_ok,cache-only: reconcile adjusted panel from existing QFQ cache,P2,pre_repair_sha256=6406de3ee1e249a51bbcfad68d573397f49dfbe1425231759fd4b895b737032f; cache_valid_rows=1559; manifest_status=partial_ok; cache_only=true; network_required=false
002131,factor_lookback_cache_only_reconciliation_gap,2020-12-28,2021-03-02,3,0,3,ak.stock_zh_a_daily,data/cache/qfq_enrichment_v1_2/002131.csv,partial_ok,cache-only: reconcile adjusted panel from existing QFQ cache,P2,pre_repair_sha256=6406de3ee1e249a51bbcfad68d573397f49dfbe1425231759fd4b895b737032f; cache_valid_rows=1559; manifest_status=partial_ok; cache_only=true; network_required=false
002212,baseline_endpoint_cache_only_reconciliation_gap,2020-01-02,2021-03-03,15,15,0,ak.stock_zh_a_daily,data/cache/qfq_enrichment_v1_2/002212.csv,ok,cache-only: reconcile adjusted panel from existing QFQ cache,P2,pre_repair_sha256=19c0a6a7a3e8d8bf7ac2e0b8e06a5dbf50496d0ad775ebbf58cb726381577614; cache_valid_rows=1562; manifest_status=ok; cache_only=true; network_required=false
002212,factor_lookback_cache_only_reconciliation_gap,2020-12-28,2021-03-02,3,0,3,ak.stock_zh_a_daily,data/cache/qfq_enrichment_v1_2/002212.csv,ok,cache-only: reconcile adjusted panel from existing QFQ cache,P2,pre_repair_sha256=19c0a6a7a3e8d8bf7ac2e0b8e06a5dbf50496d0ad775ebbf58cb726381577614; cache_valid_rows=1562; manifest_status=ok; cache_only=true; network_required=false
002230,baseline_endpoint_cache_only_reconciliation_gap,2020-01-02,2021-03-03,15,15,0,ak.stock_zh_a_daily,data/cache/qfq_enrichment_v1_2/002230.csv,ok,cache-only: reconcile adjusted panel from existing QFQ cache,P2,pre_repair_sha256=3f0a76993ee6b72504e204375211a70c9427cee968bd5a525288d45beebc229c; cache_valid_rows=1562; manifest_status=ok; cache_only=true; network_required=false
002230,factor_lookback_cache_only_reconciliation_gap,2020-12-28,2021-03-02,3,0,3,ak.stock_zh_a_daily,data/cache/qfq_enrichment_v1_2/002230.csv,ok,cache-only: reconcile adjusted panel from existing QFQ cache,P2,pre_repair_sha256=3f0a76993ee6b72504e204375211a70c9427cee968bd5a525288d45beebc229c; cache_valid_rows=1562; manifest_status=ok; cache_only=true; network_required=false
002236,baseline_endpoint_cache_only_reconciliation_gap,2020-01-02,2021-03-03,15,15,0,ak.stock_zh_a_daily,data/cache/qfq_enrichment_v1_2/002236.csv,ok,cache-only: reconcile adjusted panel from existing QFQ cache,P2,pre_repair_sha256=19471ac2b7ba18ed03260e548fc98976d59da368e0f92bf76429d825f545e520; cache_valid_rows=1562; manifest_status=ok; cache_only=true; network_required=false
002236,factor_lookback_cache_only_reconciliation_gap,2020-12-28,2021-03-02,3,0,3,ak.stock_zh_a_daily,data/cache/qfq_enrichment_v1_2/002236.csv,ok,cache-only: reconcile adjusted panel from existing QFQ cache,P2,pre_repair_sha256=19471ac2b7ba18ed03260e548fc98976d59da368e0f92bf76429d825f545e520; cache_valid_rows=1562; manifest_status=ok; cache_only=true; network_required=false
002279,baseline_endpoint_cache_only_reconciliation_gap,2020-01-02,2021-03-03,15,15,0,ak.stock_zh_a_daily,data/cache/qfq_enrichment_v1_2/002279.csv,ok,cache-only: reconcile adjusted panel from existing QFQ cache,P2,pre_repair_sha256=d55f8331528397e9aee410acfb53666a85e288d0ec4aeef61ab758bd8cf8b3ef; cache_valid_rows=1562; manifest_status=ok; cache_only=true; network_required=false
002279,factor_lookback_cache_only_reconciliation_gap,2020-12-28,2021-03-02,3,0,3,ak.stock_zh_a_daily,data/cache/qfq_enrichment_v1_2/002279.csv,ok,cache-only: reconcile adjusted panel from existing QFQ cache,P2,pre_repair_sha256=d55f8331528397e9aee410acfb53666a85e288d0ec4aeef61ab758bd8cf8b3ef; cache_valid_rows=1562; manifest_status=ok; cache_only=true; network_required=false
002315,baseline_endpoint_cache_only_reconciliation_gap,2020-01-02,2021-03-03,15,15,0,ak.stock_zh_a_daily,data/cache/qfq_enrichment_v1_2/002315.csv,ok,cache-only: reconcile adjusted panel from existing QFQ cache,P2,pre_repair_sha256=f311450bd9361785419750f57d49807a5adcd76197c2003a14109c9a93a1fb94; cache_valid_rows=1562; manifest_status=ok; cache_only=true; network_required=false
002315,factor_lookback_cache_only_reconciliation_gap,2020-12-28,2021-03-02,3,0,3,ak.stock_zh_a_daily,data/cache/qfq_enrichment_v1_2/002315.csv,ok,cache-only: reconcile adjusted panel from existing QFQ cache,P2,pre_repair_sha256=f311450bd9361785419750f57d49807a5adcd76197c2003a14109c9a93a1fb94; cache_valid_rows=1562; manifest_status=ok; cache_only=true; network_required=false
002361,baseline_endpoint_cache_only_reconciliation_gap,2020-01-02,2021-03-03,15,15,0,ak.stock_zh_a_daily,data/cache/qfq_enrichment_v1_2/002361.csv,ok,cache-only: reconcile adjusted panel from existing QFQ cache,P2,pre_repair_sha256=369680cf933837856b34ae4faa47f38f3bfbe9795bde1b104676009a9eb6e1b5; cache_valid_rows=1562; manifest_status=ok; cache_only=true; network_required=false
002361,factor_lookback_cache_only_reconciliation_gap,2020-12-28,2021-03-02,3,0,3,ak.stock_zh_a_daily,data/cache/qfq_enrichment_v1_2/002361.csv,ok,cache-only: reconcile adjusted panel from existing QFQ cache,P2,pre_repair_sha256=369680cf933837856b34ae4faa47f38f3bfbe9795bde1b104676009a9eb6e1b5; cache_valid_rows=1562; manifest_status=ok; cache_only=true; network_required=false
002373,baseline_endpoint_cache_only_reconciliation_gap,2020-01-02,2021-03-03,15,15,0,ak.stock_zh_a_daily,data/cache/qfq_enrichment_v1_2/002373.csv,ok,cache-only: reconcile adjusted panel from existing QFQ cache,P2,pre_repair_sha256=1146eb5659bf4474cff77b12ac7e65cc185002e3306c431c6d0e6e6f239be46f; cache_valid_rows=1562; manifest_status=ok; cache_only=true; network_required=false
002373,factor_lookback_cache_only_reconciliation_gap,2020-12-28,2021-03-02,3,0,3,ak.stock_zh_a_daily,data/cache/qfq_enrichment_v1_2/002373.csv,ok,cache-only: reconcile adjusted panel from existing QFQ cache,P2,pre_repair_sha256=1146eb5659bf4474cff77b12ac7e65cc185002e3306c431c6d0e6e6f239be46f; cache_valid_rows=1562; manifest_status=ok; cache_only=true; network_required=false
002396,baseline_endpoint_cache_only_reconciliation_gap,2020-01-02,2021-03-03,15,15,0,ak.stock_zh_a_daily,data/cache/qfq_enrichment_v1_2/002396.csv,ok,cache-only: reconcile adjusted panel from existing QFQ cache,P2,pre_repair_sha256=c71a764da43adf9a62b7003b69612457b41c9174c1dd679a8078f3dcef67a4fe; cache_valid_rows=1562; manifest_status=ok; cache_only=true; network_required=false
002396,factor_lookback_cache_only_reconciliation_gap,2020-12-28,2021-03-02,3,0,3,ak.stock_zh_a_daily,data/cache/qfq_enrichment_v1_2/002396.csv,ok,cache-only: reconcile adjusted panel from existing QFQ cache,P2,pre_repair_sha256=c71a764da43adf9a62b7003b69612457b41c9174c1dd679a8078f3dcef67a4fe; cache_valid_rows=1562; manifest_status=ok; cache_only=true; network_required=false
002410,baseline_endpoint_cache_only_reconciliation_gap,2020-01-02,2021-03-03,15,15,0,ak.stock_zh_a_daily,data/cache/qfq_enrichment_v1_2/002410.csv,ok,cache-only: reconcile adjusted panel from existing QFQ cache,P2,pre_repair_sha256=51d5cb94e1610dd58f3889202d44dbad5b143e05aa4f6d6c7b577b2e01c099a0; cache_valid_rows=1562; manifest_status=ok; cache_only=true; network_required=false
002410,factor_lookback_cache_only_reconciliation_gap,2020-12-28,2021-03-02,3,0,3,ak.stock_zh_a_daily,data/cache/qfq_enrichment_v1_2/002410.csv,ok,cache-only: reconcile adjusted panel from existing QFQ cache,P2,pre_repair_sha256=51d5cb94e1610dd58f3889202d44dbad5b143e05aa4f6d6c7b577b2e01c099a0; cache_valid_rows=1562; manifest_status=ok; cache_only=true; network_required=false
002446,baseline_endpoint_cache_only_reconciliation_gap,2020-01-02,2021-03-03,15,15,0,ak.stock_zh_a_daily,data/cache/qfq_enrichment_v1_2/002446.csv,ok,cache-only: reconcile adjusted panel from existing QFQ cache,P2,pre_repair_sha256=e6698eff12c71fb285e57b7e7234a29253567607fcb07876a98787485945cb61; cache_valid_rows=1562; manifest_status=ok; cache_only=true; network_required=false
002446,factor_lookback_cache_only_reconciliation_gap,2020-12-28,2021-03-02,3,0,3,ak.stock_zh_a_daily,data/cache/qfq_enrichment_v1_2/002446.csv,ok,cache-only: reconcile adjusted panel from existing QFQ cache,P2,pre_repair_sha256=e6698eff12c71fb285e57b7e7234a29253567607fcb07876a98787485945cb61; cache_valid_rows=1562; manifest_status=ok; cache_only=true; network_required=false
002558,baseline_endpoint_cache_only_reconciliation_gap,2020-01-02,2021-03-03,15,15,0,ak.stock_zh_a_daily,data/cache/qfq_enrichment_v1_2/002558.csv,ok,cache-only: reconcile adjusted panel from existing QFQ cache,P2,pre_repair_sha256=412a44072d596d5aba1b68d3cd49908e8dab7aa6c0d64f584abcfd12bf715a0b; cache_valid_rows=1562; manifest_status=ok; cache_only=true; network_required=false
002558,factor_lookback_cache_only_reconciliation_gap,2020-12-28,2021-03-02,3,0,3,ak.stock_zh_a_daily,data/cache/qfq_enrichment_v1_2/002558.csv,ok,cache-only: reconcile adjusted panel from existing QFQ cache,P2,pre_repair_sha256=412a44072d596d5aba1b68d3cd49908e8dab7aa6c0d64f584abcfd12bf715a0b; cache_valid_rows=1562; manifest_status=ok; cache_only=true; network_required=false
002757,baseline_endpoint_cache_only_reconciliation_gap,2020-01-02,2021-03-03,15,15,0,ak.stock_zh_a_daily,data/cache/qfq_enrichment_v1_2/002757.csv,ok,cache-only: reconcile adjusted panel from existing QFQ cache,P2,pre_repair_sha256=876b69bc69616d5563ab6dcd476d4e5eda2a83bc013e2fdaf02d70d8aab1115d; cache_valid_rows=1562; manifest_status=ok; cache_only=true; network_required=false
002757,factor_lookback_cache_only_reconciliation_gap,2020-12-28,2021-03-02,3,0,3,ak.stock_zh_a_daily,data/cache/qfq_enrichment_v1_2/002757.csv,ok,cache-only: reconcile adjusted panel from existing QFQ cache,P2,pre_repair_sha256=876b69bc69616d5563ab6dcd476d4e5eda2a83bc013e2fdaf02d70d8aab1115d; cache_valid_rows=1562; manifest_status=ok; cache_only=true; network_required=false
002792,baseline_endpoint_cache_only_reconciliation_gap,2020-01-02,2021-03-03,15,15,0,ak.stock_zh_a_daily,data/cache/qfq_enrichment_v1_2/002792.csv,ok,cache-only: reconcile adjusted panel from existing QFQ cache,P2,pre_repair_sha256=3ac260df248831f7404a99988b5b356a1831f184cbf4c9e81f53c18eff030655; cache_valid_rows=1562; manifest_status=ok; cache_only=true; network_required=false
002792,factor_lookback_cache_only_reconciliation_gap,2020-12-28,2021-03-02,3,0,3,ak.stock_zh_a_daily,data/cache/qfq_enrichment_v1_2/002792.csv,ok,cache-only: reconcile adjusted panel from existing QFQ cache,P2,pre_repair_sha256=3ac260df248831f7404a99988b5b356a1831f184cbf4c9e81f53c18eff030655; cache_valid_rows=1562; manifest_status=ok; cache_only=true; network_required=false
002881,baseline_endpoint_cache_only_reconciliation_gap,2020-01-02,2021-03-03,15,15,0,ak.stock_zh_a_daily,data/cache/qfq_enrichment_v1_2/002881.csv,ok,cache-only: reconcile adjusted panel from existing QFQ cache,P2,pre_repair_sha256=ac9cdfe780d06154171a3d297a5011e5d47e218d080ceaef37512d0e08532437; cache_valid_rows=1562; manifest_status=ok; cache_only=true; network_required=false
002881,factor_lookback_cache_only_reconciliation_gap,2020-12-28,2021-03-02,3,0,3,ak.stock_zh_a_daily,data/cache/qfq_enrichment_v1_2/002881.csv,ok,cache-only: reconcile adjusted panel from existing QFQ cache,P2,pre_repair_sha256=ac9cdfe780d06154171a3d297a5011e5d47e218d080ceaef37512d0e08532437; cache_valid_rows=1562; manifest_status=ok; cache_only=true; network_required=false
002929,baseline_endpoint_cache_only_reconciliation_gap,2020-01-02,2021-03-03,15,15,0,ak.stock_zh_a_daily,data/cache/qfq_enrichment_v1_2/002929.csv,ok,cache-only: reconcile adjusted panel from existing QFQ cache,P2,pre_repair_sha256=9becd6e2aab287b7bf8ba4f8f1483a9111a38415a5f041840ae6d283ce66c95e; cache_valid_rows=1562; manifest_status=ok; cache_only=true; network_required=false
002929,factor_lookback_cache_only_reconciliation_gap,2020-12-28,2021-03-02,3,0,3,ak.stock_zh_a_daily,data/cache/qfq_enrichment_v1_2/002929.csv,ok,cache-only: reconcile adjusted panel from existing QFQ cache,P2,pre_repair_sha256=9becd6e2aab287b7bf8ba4f8f1483a9111a38415a5f041840ae6d283ce66c95e; cache_valid_rows=1562; manifest_status=ok; cache_only=true; network_required=false
002935,baseline_endpoint_cache_only_reconciliation_gap,2020-01-02,2021-03-03,15,15,0,ak.stock_zh_a_daily,data/cache/qfq_enrichment_v1_2/002935.csv,ok,cache-only: reconcile adjusted panel from existing QFQ cache,P2,pre_repair_sha256=971235bc05cf36e5c485f477d8ef878cec9a6bddeeaa58453706b5fc5a777e54; cache_valid_rows=1562; manifest_status=ok; cache_only=true; network_required=false
002935,factor_lookback_cache_only_reconciliation_gap,2020-12-28,2021-03-02,3,0,3,ak.stock_zh_a_daily,data/cache/qfq_enrichment_v1_2/002935.csv,ok,cache-only: reconcile adjusted panel from existing QFQ cache,P2,pre_repair_sha256=971235bc05cf36e5c485f477d8ef878cec9a6bddeeaa58453706b5fc5a777e54; cache_valid_rows=1562; manifest_status=ok; cache_only=true; network_required=false
002987,baseline_endpoint_cache_only_reconciliation_gap,2020-05-07,2021-03-03,11,11,0,ak.stock_zh_a_daily,data/cache/qfq_enrichment_v1_2/002987.csv,ok,cache-only: reconcile adjusted panel from existing QFQ cache,P2,pre_repair_sha256=b1210133d3c4595f3e1dba2c1bcdd0636451f9c80a009070f826ae4c3337f85d; cache_valid_rows=1482; manifest_status=ok; cache_only=true; network_required=false
002987,factor_lookback_cache_only_reconciliation_gap,2020-12-28,2021-03-02,3,0,3,ak.stock_zh_a_daily,data/cache/qfq_enrichment_v1_2/002987.csv,ok,cache-only: reconcile adjusted panel from existing QFQ cache,P2,pre_repair_sha256=b1210133d3c4595f3e1dba2c1bcdd0636451f9c80a009070f826ae4c3337f85d; cache_valid_rows=1482; manifest_status=ok; cache_only=true; network_required=false
300002,baseline_endpoint_cache_only_reconciliation_gap,2020-01-02,2021-03-03,15,15,0,ak.stock_zh_a_daily,data/cache/qfq_enrichment_v1_2/300002.csv,ok,cache-only: reconcile adjusted panel from existing QFQ cache,P2,pre_repair_sha256=4f2607ef57c6e1327a0e7750b6986c071d85ff57e7a204cc8b0beb31bee0e4a2; cache_valid_rows=1562; manifest_status=ok; cache_only=true; network_required=false
300002,factor_lookback_cache_only_reconciliation_gap,2020-12-28,2021-03-02,3,0,3,ak.stock_zh_a_daily,data/cache/qfq_enrichment_v1_2/300002.csv,ok,cache-only: reconcile adjusted panel from existing QFQ cache,P2,pre_repair_sha256=4f2607ef57c6e1327a0e7750b6986c071d85ff57e7a204cc8b0beb31bee0e4a2; cache_valid_rows=1562; manifest_status=ok; cache_only=true; network_required=false
300017,baseline_endpoint_cache_only_reconciliation_gap,2020-01-02,2021-03-03,15,15,0,ak.stock_zh_a_daily,data/cache/qfq_enrichment_v1_2/300017.csv,ok,cache-only: reconcile adjusted panel from existing QFQ cache,P2,pre_repair_sha256=4000d16248635c1cbe10b9aabf9e9583e704cb0d14b7d57f37a87675ce676205; cache_valid_rows=1562; manifest_status=ok; cache_only=true; network_required=false
300017,factor_lookback_cache_only_reconciliation_gap,2020-12-28,2021-03-02,3,0,3,ak.stock_zh_a_daily,data/cache/qfq_enrichment_v1_2/300017.csv,ok,cache-only: reconcile adjusted panel from existing QFQ cache,P2,pre_repair_sha256=4000d16248635c1cbe10b9aabf9e9583e704cb0d14b7d57f37a87675ce676205; cache_valid_rows=1562; manifest_status=ok; cache_only=true; network_required=false
300033,baseline_endpoint_cache_only_reconciliation_gap,2020-01-02,2021-03-03,15,15,0,ak.stock_zh_a_daily,data/cache/qfq_enrichment_v1_2/300033.csv,ok,cache-only: reconcile adjusted panel from existing QFQ cache,P2,pre_repair_sha256=63dbd21ab63800917a7403d552e06039ca9bd96e7880c2771e396a7d5f15ce2a; cache_valid_rows=1562; manifest_status=ok; cache_only=true; network_required=false
300033,factor_lookback_cache_only_reconciliation_gap,2020-12-28,2021-03-02,3,0,3,ak.stock_zh_a_daily,data/cache/qfq_enrichment_v1_2/300033.csv,ok,cache-only: reconcile adjusted panel from existing QFQ cache,P2,pre_repair_sha256=63dbd21ab63800917a7403d552e06039ca9bd96e7880c2771e396a7d5f15ce2a; cache_valid_rows=1562; manifest_status=ok; cache_only=true; network_required=false
300047,baseline_endpoint_cache_only_reconciliation_gap,2020-01-02,2021-03-03,15,15,0,ak.stock_zh_a_daily,data/cache/qfq_enrichment_v1_2/300047.csv,ok,cache-only: reconcile adjusted panel from existing QFQ cache,P2,pre_repair_sha256=4a192e1d0e45ffe9a612b60fa3a7800352d698e902d66c81e2991769912b35fa; cache_valid_rows=1562; manifest_status=ok; cache_only=true; network_required=false
300047,factor_lookback_cache_only_reconciliation_gap,2020-12-28,2021-03-02,3,0,3,ak.stock_zh_a_daily,data/cache/qfq_enrichment_v1_2/300047.csv,ok,cache-only: reconcile adjusted panel from existing QFQ cache,P2,pre_repair_sha256=4a192e1d0e45ffe9a612b60fa3a7800352d698e902d66c81e2991769912b35fa; cache_valid_rows=1562; manifest_status=ok; cache_only=true; network_required=false
300058,baseline_endpoint_cache_only_reconciliation_gap,2020-01-02,2021-03-03,15,15,0,ak.stock_zh_a_daily,data/cache/qfq_enrichment_v1_2/300058.csv,ok,cache-only: reconcile adjusted panel from existing QFQ cache,P2,pre_repair_sha256=bfb09e002947411656039b19c163266322202ddb28cd4bce9d3fcf08a964df10; cache_valid_rows=1562; manifest_status=ok; cache_only=true; network_required=false
300058,factor_lookback_cache_only_reconciliation_gap,2020-12-28,2021-03-02,3,0,3,ak.stock_zh_a_daily,data/cache/qfq_enrichment_v1_2/300058.csv,ok,cache-only: reconcile adjusted panel from existing QFQ cache,P2,pre_repair_sha256=bfb09e002947411656039b19c163266322202ddb28cd4bce9d3fcf08a964df10; cache_valid_rows=1562; manifest_status=ok; cache_only=true; network_required=false
300101,baseline_endpoint_cache_only_reconciliation_gap,2020-01-02,2021-03-03,15,15,0,ak.stock_zh_a_daily,data/cache/qfq_enrichment_v1_2/300101.csv,ok,cache-only: reconcile adjusted panel from existing QFQ cache,P2,pre_repair_sha256=3fbd4143750033df78665414274144149ec0f39acdb3f74e73d2074fdece5f77; cache_valid_rows=1562; manifest_status=ok; cache_only=true; network_required=false
300101,factor_lookback_cache_only_reconciliation_gap,2020-12-28,2021-03-02,3,0,3,ak.stock_zh_a_daily,data/cache/qfq_enrichment_v1_2/300101.csv,ok,cache-only: reconcile adjusted panel from existing QFQ cache,P2,pre_repair_sha256=3fbd4143750033df78665414274144149ec0f39acdb3f74e73d2074fdece5f77; cache_valid_rows=1562; manifest_status=ok; cache_only=true; network_required=false
300113,baseline_endpoint_cache_only_reconciliation_gap,2020-01-02,2021-03-03,15,15,0,ak.stock_zh_a_daily,data/cache/qfq_enrichment_v1_2/300113.csv,ok,cache-only: reconcile adjusted panel from existing QFQ cache,P2,pre_repair_sha256=b686ce095d81b3ab1d5f3b7ee7b7b46b9e516af4487e7beb8d4f5e2cabfbb6c8; cache_valid_rows=1562; manifest_status=ok; cache_only=true; network_required=false
300113,factor_lookback_cache_only_reconciliation_gap,2020-12-28,2021-03-02,3,0,3,ak.stock_zh_a_daily,data/cache/qfq_enrichment_v1_2/300113.csv,ok,cache-only: reconcile adjusted panel from existing QFQ cache,P2,pre_repair_sha256=b686ce095d81b3ab1d5f3b7ee7b7b46b9e516af4487e7beb8d4f5e2cabfbb6c8; cache_valid_rows=1562; manifest_status=ok; cache_only=true; network_required=false
300170,baseline_endpoint_cache_only_reconciliation_gap,2020-01-02,2021-03-03,15,15,0,ak.stock_zh_a_daily,data/cache/qfq_enrichment_v1_2/300170.csv,ok,cache-only: reconcile adjusted panel from existing QFQ cache,P2,pre_repair_sha256=4b6f3382dc90102a7c48edb17b0d8efc1e32552abe4fc50e7282f0fcddd90ba4; cache_valid_rows=1562; manifest_status=ok; cache_only=true; network_required=false
300170,factor_lookback_cache_only_reconciliation_gap,2020-12-28,2021-03-02,3,0,3,ak.stock_zh_a_daily,data/cache/qfq_enrichment_v1_2/300170.csv,ok,cache-only: reconcile adjusted panel from existing QFQ cache,P2,pre_repair_sha256=4b6f3382dc90102a7c48edb17b0d8efc1e32552abe4fc50e7282f0fcddd90ba4; cache_valid_rows=1562; manifest_status=ok; cache_only=true; network_required=false
300182,baseline_endpoint_cache_only_reconciliation_gap,2020-01-02,2021-03-03,15,15,0,ak.stock_zh_a_daily,data/cache/qfq_enrichment_v1_2/300182.csv,ok,cache-only: reconcile adjusted panel from existing QFQ cache,P2,pre_repair_sha256=bdb45757fac389f081032329223a951093509fc3167541931a5ff86bab8085a6; cache_valid_rows=1557; manifest_status=ok; cache_only=true; network_required=false
300182,factor_lookback_cache_only_reconciliation_gap,2020-12-28,2021-03-02,3,0,3,ak.stock_zh_a_daily,data/cache/qfq_enrichment_v1_2/300182.csv,ok,cache-only: reconcile adjusted panel from existing QFQ cache,P2,pre_repair_sha256=bdb45757fac389f081032329223a951093509fc3167541931a5ff86bab8085a6; cache_valid_rows=1557; manifest_status=ok; cache_only=true; network_required=false
300339,baseline_endpoint_cache_only_reconciliation_gap,2020-01-02,2021-03-03,15,15,0,ak.stock_zh_a_daily,data/cache/qfq_enrichment_v1_2/300339.csv,ok,cache-only: reconcile adjusted panel from existing QFQ cache,P2,pre_repair_sha256=e8d81b3cf0dd5b2b351fa012bc3905cb8a695bdd2b77d2585e75013e80ad46c9; cache_valid_rows=1557; manifest_status=ok; cache_only=true; network_required=false
300339,factor_lookback_cache_only_reconciliation_gap,2020-12-28,2021-03-02,3,0,3,ak.stock_zh_a_daily,data/cache/qfq_enrichment_v1_2/300339.csv,ok,cache-only: reconcile adjusted panel from existing QFQ cache,P2,pre_repair_sha256=e8d81b3cf0dd5b2b351fa012bc3905cb8a695bdd2b77d2585e75013e80ad46c9; cache_valid_rows=1557; manifest_status=ok; cache_only=true; network_required=false
300348,baseline_endpoint_cache_only_reconciliation_gap,2020-01-02,2021-03-03,15,15,0,ak.stock_zh_a_daily,data/cache/qfq_enrichment_v1_2/300348.csv,ok,cache-only: reconcile adjusted panel from existing QFQ cache,P2,pre_repair_sha256=c1de5ee9848bd9add83d45e970d2e55ab8dc9bbc315ca3fa39ea2c7cc50a5a86; cache_valid_rows=1562; manifest_status=ok; cache_only=true; network_required=false
300348,factor_lookback_cache_only_reconciliation_gap,2020-12-28,2021-03-02,3,0,3,ak.stock_zh_a_daily,data/cache/qfq_enrichment_v1_2/300348.csv,ok,cache-only: reconcile adjusted panel from existing QFQ cache,P2,pre_repair_sha256=c1de5ee9848bd9add83d45e970d2e55ab8dc9bbc315ca3fa39ea2c7cc50a5a86; cache_valid_rows=1562; manifest_status=ok; cache_only=true; network_required=false
300378,baseline_endpoint_cache_only_reconciliation_gap,2026-06-15,2026-06-16,2,2,0,"ak.stock_zh_a_daily,cached:qfq_enrichment_v1_2",data/cache/qfq_enrichment_v1_2/300378.csv,cached_ok,cache-only: reconcile adjusted panel from existing QFQ cache,P2,pre_repair_sha256=42ee4c09edf6b84c77fc762f9658cc760350e4cf598cd531bc8781d5930383ff; cache_valid_rows=1562; manifest_status=cached_ok; cache_only=true; network_required=false
300413,baseline_endpoint_cache_only_reconciliation_gap,2020-01-02,2021-03-03,15,15,0,ak.stock_zh_a_daily,data/cache/qfq_enrichment_v1_2/300413.csv,ok,cache-only: reconcile adjusted panel from existing QFQ cache,P2,pre_repair_sha256=9ee947d88bbfd82ab28658093d37a8ec53f632a26a63e09b868e8f452586a8af; cache_valid_rows=1562; manifest_status=ok; cache_only=true; network_required=false
300413,factor_lookback_cache_only_reconciliation_gap,2020-12-28,2021-03-02,3,0,3,ak.stock_zh_a_daily,data/cache/qfq_enrichment_v1_2/300413.csv,ok,cache-only: reconcile adjusted panel from existing QFQ cache,P2,pre_repair_sha256=9ee947d88bbfd82ab28658093d37a8ec53f632a26a63e09b868e8f452586a8af; cache_valid_rows=1562; manifest_status=ok; cache_only=true; network_required=false
300454,baseline_endpoint_cache_only_reconciliation_gap,2020-01-02,2021-03-03,15,15,0,ak.stock_zh_a_daily,data/cache/qfq_enrichment_v1_2/300454.csv,ok,cache-only: reconcile adjusted panel from existing QFQ cache,P2,pre_repair_sha256=15b128c364839f3bb6574d194ba2433d7a72817ffb0dc23fa3c78276bfd4ff76; cache_valid_rows=1562; manifest_status=ok; cache_only=true; network_required=false
300454,factor_lookback_cache_only_reconciliation_gap,2020-12-28,2021-03-02,3,0,3,ak.stock_zh_a_daily,data/cache/qfq_enrichment_v1_2/300454.csv,ok,cache-only: reconcile adjusted panel from existing QFQ cache,P2,pre_repair_sha256=15b128c364839f3bb6574d194ba2433d7a72817ffb0dc23fa3c78276bfd4ff76; cache_valid_rows=1562; manifest_status=ok; cache_only=true; network_required=false
300458,baseline_endpoint_cache_only_reconciliation_gap,2020-01-02,2021-03-03,15,15,0,ak.stock_zh_a_daily,data/cache/qfq_enrichment_v1_2/300458.csv,ok,cache-only: reconcile adjusted panel from existing QFQ cache,P2,pre_repair_sha256=659b184d6ada6950f9fa67e16f25d9218aad8df5665ce774d408a11b6b05e0b4; cache_valid_rows=1562; manifest_status=ok; cache_only=true; network_required=false
300458,factor_lookback_cache_only_reconciliation_gap,2020-12-28,2021-03-02,3,0,3,ak.stock_zh_a_daily,data/cache/qfq_enrichment_v1_2/300458.csv,ok,cache-only: reconcile adjusted panel from existing QFQ cache,P2,pre_repair_sha256=659b184d6ada6950f9fa67e16f25d9218aad8df5665ce774d408a11b6b05e0b4; cache_valid_rows=1562; manifest_status=ok; cache_only=true; network_required=false
300496,baseline_endpoint_cache_only_reconciliation_gap,2020-01-02,2021-03-03,15,15,0,ak.stock_zh_a_daily,data/cache/qfq_enrichment_v1_2/300496.csv,ok,cache-only: reconcile adjusted panel from existing QFQ cache,P2,pre_repair_sha256=c704ed4da765934850380720638d5b37a8e3c13854b367060666d0dba0f1e16a; cache_valid_rows=1562; manifest_status=ok; cache_only=true; network_required=false
300496,factor_lookback_cache_only_reconciliation_gap,2020-12-28,2021-03-02,3,0,3,ak.stock_zh_a_daily,data/cache/qfq_enrichment_v1_2/300496.csv,ok,cache-only: reconcile adjusted panel from existing QFQ cache,P2,pre_repair_sha256=c704ed4da765934850380720638d5b37a8e3c13854b367060666d0dba0f1e16a; cache_valid_rows=1562; manifest_status=ok; cache_only=true; network_required=false
300627,baseline_endpoint_cache_only_reconciliation_gap,2020-01-02,2021-03-03,15,15,0,ak.stock_zh_a_daily,data/cache/qfq_enrichment_v1_2/300627.csv,ok,cache-only: reconcile adjusted panel from existing QFQ cache,P2,pre_repair_sha256=7a6a4ef1bcfabcfd0f67eb0c093bb4d89fad45e2230c784d08226037f020de50; cache_valid_rows=1562; manifest_status=ok; cache_only=true; network_required=false
300627,factor_lookback_cache_only_reconciliation_gap,2020-12-28,2021-03-02,3,0,3,ak.stock_zh_a_daily,data/cache/qfq_enrichment_v1_2/300627.csv,ok,cache-only: reconcile adjusted panel from existing QFQ cache,P2,pre_repair_sha256=7a6a4ef1bcfabcfd0f67eb0c093bb4d89fad45e2230c784d08226037f020de50; cache_valid_rows=1562; manifest_status=ok; cache_only=true; network_required=false
300629,baseline_endpoint_cache_only_reconciliation_gap,2020-01-02,2021-03-03,15,15,0,ak.stock_zh_a_daily,data/cache/qfq_enrichment_v1_2/300629.csv,ok,cache-only: reconcile adjusted panel from existing QFQ cache,P2,pre_repair_sha256=7d504dcb3740a086607dd62083e782e360ed0432af4828b0ef2da8e648269813; cache_valid_rows=1562; manifest_status=ok; cache_only=true; network_required=false
300629,factor_lookback_cache_only_reconciliation_gap,2020-12-28,2021-03-02,3,0,3,ak.stock_zh_a_daily,data/cache/qfq_enrichment_v1_2/300629.csv,ok,cache-only: reconcile adjusted panel from existing QFQ cache,P2,pre_repair_sha256=7d504dcb3740a086607dd62083e782e360ed0432af4828b0ef2da8e648269813; cache_valid_rows=1562; manifest_status=ok; cache_only=true; network_required=false
300634,baseline_endpoint_cache_only_reconciliation_gap,2020-01-02,2021-03-03,15,15,0,ak.stock_zh_a_daily,data/cache/qfq_enrichment_v1_2/300634.csv,ok,cache-only: reconcile adjusted panel from existing QFQ cache,P2,pre_repair_sha256=166a9efc832564ce5876332665485599fbd6560d48f488b1c23e458592a04456; cache_valid_rows=1562; manifest_status=ok; cache_only=true; network_required=false
300634,factor_lookback_cache_only_reconciliation_gap,2020-12-28,2021-03-02,3,0,3,ak.stock_zh_a_daily,data/cache/qfq_enrichment_v1_2/300634.csv,ok,cache-only: reconcile adjusted panel from existing QFQ cache,P2,pre_repair_sha256=166a9efc832564ce5876332665485599fbd6560d48f488b1c23e458592a04456; cache_valid_rows=1562; manifest_status=ok; cache_only=true; network_required=false
300674,baseline_endpoint_cache_only_reconciliation_gap,2020-01-02,2021-03-03,15,15,0,ak.stock_zh_a_daily,data/cache/qfq_enrichment_v1_2/300674.csv,ok,cache-only: reconcile adjusted panel from existing QFQ cache,P2,pre_repair_sha256=6e934647bdcea46e3393d8f0ce060da720631b23d70708672610942744b07f38; cache_valid_rows=1562; manifest_status=ok; cache_only=true; network_required=false
300674,factor_lookback_cache_only_reconciliation_gap,2020-12-28,2021-03-02,3,0,3,ak.stock_zh_a_daily,data/cache/qfq_enrichment_v1_2/300674.csv,ok,cache-only: reconcile adjusted panel from existing QFQ cache,P2,pre_repair_sha256=6e934647bdcea46e3393d8f0ce060da720631b23d70708672610942744b07f38; cache_valid_rows=1562; manifest_status=ok; cache_only=true; network_required=false
300857,baseline_endpoint_cache_only_reconciliation_gap,2020-08-03,2021-03-03,8,8,0,"ak.stock_zh_a_hist,cached:qfq_enrichment_v1_2",data/cache/qfq_enrichment_v1_2/300857.csv,cached_ok,cache-only: reconcile adjusted panel from existing QFQ cache,P2,pre_repair_sha256=b3f7917b93305c4d03424636cd45c7e638f5cd2b36763c17942188d4682b41e1; cache_valid_rows=1427; manifest_status=cached_ok; cache_only=true; network_required=false
300857,factor_lookback_cache_only_reconciliation_gap,2020-12-28,2021-03-02,3,0,3,"ak.stock_zh_a_hist,cached:qfq_enrichment_v1_2",data/cache/qfq_enrichment_v1_2/300857.csv,cached_ok,cache-only: reconcile adjusted panel from existing QFQ cache,P2,pre_repair_sha256=b3f7917b93305c4d03424636cd45c7e638f5cd2b36763c17942188d4682b41e1; cache_valid_rows=1427; manifest_status=cached_ok; cache_only=true; network_required=false
000063,baseline_endpoint_non_trading_day_difference,2021-03-31,2021-03-31,1,1,0,"ak.stock_zh_a_daily,cached:qfq_enrichment_v1_2",data/cache/qfq_enrichment_v1_2/000063.csv,cached_ok,no fetch: stock non-trading-date difference,P3,pre_repair_sha256=b007f693f212ddc363127a264a882bd709db786579d882af47cbd8ac75a81d01; cache_valid_rows=1561; manifest_status=cached_ok; cache_only=false; network_required=false; expected calendar endpoint is absent from both this stock cache and adjusted panel
000063,factor_endpoint_non_trading_day_difference,2021-03-31,2021-03-31,1,0,1,"ak.stock_zh_a_daily,cached:qfq_enrichment_v1_2",data/cache/qfq_enrichment_v1_2/000063.csv,cached_ok,no fetch: stock non-trading-date difference,P3,pre_repair_sha256=b007f693f212ddc363127a264a882bd709db786579d882af47cbd8ac75a81d01; cache_valid_rows=1561; manifest_status=cached_ok; cache_only=false; network_required=false; expected calendar endpoint is absent from both this stock cache and adjusted panel
001208,baseline_endpoint_non_trading_day_difference,2020-01-02,2021-06-01,18,18,0,ak.stock_zh_a_daily,data/cache/qfq_enrichment_v1_2/001208.csv,ok,no fetch: stock non-trading-date difference,P3,pre_repair_sha256=0f31b323ab1f616f4051a53211f59f2c574db64e709e62cba7bbcf450d98b717; cache_valid_rows=1206; manifest_status=ok; cache_only=false; network_required=false; expected calendar endpoint is absent from both this stock cache and adjusted panel
001208,factor_endpoint_non_trading_day_difference,2021-03-31,2021-06-01,3,0,3,ak.stock_zh_a_daily,data/cache/qfq_enrichment_v1_2/001208.csv,ok,no fetch: stock non-trading-date difference,P3,pre_repair_sha256=0f31b323ab1f616f4051a53211f59f2c574db64e709e62cba7bbcf450d98b717; cache_valid_rows=1206; manifest_status=ok; cache_only=false; network_required=false; expected calendar endpoint is absent from both this stock cache and adjusted panel
001208,factor_lookback_non_trading_day_difference,2020-12-28,2021-05-31,6,0,6,ak.stock_zh_a_daily,data/cache/qfq_enrichment_v1_2/001208.csv,ok,no fetch: stock non-trading-date difference,P3,pre_repair_sha256=0f31b323ab1f616f4051a53211f59f2c574db64e709e62cba7bbcf450d98b717; cache_valid_rows=1206; manifest_status=ok; cache_only=false; network_required=false; expected calendar endpoint is absent from both this stock cache and adjusted panel
002544,baseline_endpoint_non_trading_day_difference,2020-01-02,2021-03-03,15,15,0,"ak.stock_zh_a_daily,ak.stock_zh_a_hist",data/cache/qfq_enrichment_v1_2/002544.csv,cache_missing,no fetch: stock non-trading-date difference,P3,pre_repair_sha256=absent; cache_valid_rows=0; manifest_status=error; cache_only=false; network_required=false; expected calendar endpoint is absent from both this stock cache and adjusted panel
002544,factor_lookback_non_trading_day_difference,2020-12-28,2021-03-02,3,0,3,"ak.stock_zh_a_daily,ak.stock_zh_a_hist",data/cache/qfq_enrichment_v1_2/002544.csv,cache_missing,no fetch: stock non-trading-date difference,P3,pre_repair_sha256=absent; cache_valid_rows=0; manifest_status=error; cache_only=false; network_required=false; expected calendar endpoint is absent from both this stock cache and adjusted panel
002987,baseline_endpoint_non_trading_day_difference,2020-01-02,2020-04-03,4,4,0,ak.stock_zh_a_daily,data/cache/qfq_enrichment_v1_2/002987.csv,ok,no fetch: stock non-trading-date difference,P3,pre_repair_sha256=b1210133d3c4595f3e1dba2c1bcdd0636451f9c80a009070f826ae4c3337f85d; cache_valid_rows=1482; manifest_status=ok; cache_only=false; network_required=false; expected calendar endpoint is absent from both this stock cache and adjusted panel
300133,baseline_endpoint_non_trading_day_difference,2020-01-02,2021-03-03,15,15,0,"ak.stock_zh_a_daily,ak.stock_zh_a_hist",data/cache/qfq_enrichment_v1_2/300133.csv,cache_missing,no fetch: stock non-trading-date difference,P3,pre_repair_sha256=absent; cache_valid_rows=0; manifest_status=error; cache_only=false; network_required=false; expected calendar endpoint is absent from both this stock cache and adjusted panel
300133,factor_lookback_non_trading_day_difference,2020-12-28,2021-03-02,3,0,3,"ak.stock_zh_a_daily,ak.stock_zh_a_hist",data/cache/qfq_enrichment_v1_2/300133.csv,cache_missing,no fetch: stock non-trading-date difference,P3,pre_repair_sha256=absent; cache_valid_rows=0; manifest_status=error; cache_only=false; network_required=false; expected calendar endpoint is absent from both this stock cache and adjusted panel
300857,baseline_endpoint_non_trading_day_difference,2020-01-02,2020-07-06,7,7,0,"ak.stock_zh_a_hist,cached:qfq_enrichment_v1_2",data/cache/qfq_enrichment_v1_2/300857.csv,cached_ok,no fetch: stock non-trading-date difference,P3,pre_repair_sha256=b3f7917b93305c4d03424636cd45c7e638f5cd2b36763c17942188d4682b41e1; cache_valid_rows=1427; manifest_status=cached_ok; cache_only=false; network_required=false; expected calendar endpoint is absent from both this stock cache and adjusted panel
300996,baseline_endpoint_non_trading_day_difference,2020-01-02,2021-06-01,18,18,0,ak.stock_zh_a_daily,data/cache/qfq_enrichment_v1_2/300996.csv,ok,no fetch: stock non-trading-date difference,P3,pre_repair_sha256=3d41496335b3ba7313c6f9d3fd1e5e137c4fa041eab931a40f675f0f4a959e40; cache_valid_rows=1220; manifest_status=ok; cache_only=false; network_required=false; expected calendar endpoint is absent from both this stock cache and adjusted panel
300996,factor_endpoint_non_trading_day_difference,2021-03-31,2021-06-01,3,0,3,ak.stock_zh_a_daily,data/cache/qfq_enrichment_v1_2/300996.csv,ok,no fetch: stock non-trading-date difference,P3,pre_repair_sha256=3d41496335b3ba7313c6f9d3fd1e5e137c4fa041eab931a40f675f0f4a959e40; cache_valid_rows=1220; manifest_status=ok; cache_only=false; network_required=false; expected calendar endpoint is absent from both this stock cache and adjusted panel
300996,factor_lookback_non_trading_day_difference,2020-12-28,2021-05-31,6,0,6,ak.stock_zh_a_daily,data/cache/qfq_enrichment_v1_2/300996.csv,ok,no fetch: stock non-trading-date difference,P3,pre_repair_sha256=3d41496335b3ba7313c6f9d3fd1e5e137c4fa041eab931a40f675f0f4a959e40; cache_valid_rows=1220; manifest_status=ok; cache_only=false; network_required=false; expected calendar endpoint is absent from both this stock cache and adjusted panel
301050,baseline_endpoint_non_trading_day_difference,2020-01-02,2021-07-28,20,20,0,ak.stock_zh_a_daily,data/cache/qfq_enrichment_v1_2/301050.csv,ok,no fetch: stock non-trading-date difference,P3,pre_repair_sha256=862b137384abbebd7fc35a00f9ad871b9d2d3f13f74590dba554c9b32b4f1628; cache_valid_rows=1163; manifest_status=ok; cache_only=false; network_required=false; expected calendar endpoint is absent from both this stock cache and adjusted panel
301050,factor_endpoint_non_trading_day_difference,2021-03-31,2021-07-28,5,0,5,ak.stock_zh_a_daily,data/cache/qfq_enrichment_v1_2/301050.csv,ok,no fetch: stock non-trading-date difference,P3,pre_repair_sha256=862b137384abbebd7fc35a00f9ad871b9d2d3f13f74590dba554c9b32b4f1628; cache_valid_rows=1163; manifest_status=ok; cache_only=false; network_required=false; expected calendar endpoint is absent from both this stock cache and adjusted panel
301050,factor_lookback_non_trading_day_difference,2020-12-28,2021-07-27,8,0,8,ak.stock_zh_a_daily,data/cache/qfq_enrichment_v1_2/301050.csv,ok,no fetch: stock non-trading-date difference,P3,pre_repair_sha256=862b137384abbebd7fc35a00f9ad871b9d2d3f13f74590dba554c9b32b4f1628; cache_valid_rows=1163; manifest_status=ok; cache_only=false; network_required=false; expected calendar endpoint is absent from both this stock cache and adjusted panel
301110,baseline_endpoint_non_trading_day_difference,2020-01-02,2022-02-28,27,27,0,ak.stock_zh_a_daily,data/cache/qfq_enrichment_v1_2/301110.csv,ok,no fetch: stock non-trading-date difference,P3,pre_repair_sha256=b7d8b00070abc265ea872ea83fa00a65b90ba6a149ff195b5c7aaa2ee0cecc9e; cache_valid_rows=1033; manifest_status=ok; cache_only=false; network_required=false; expected calendar endpoint is absent from both this stock cache and adjusted panel
301110,factor_endpoint_non_trading_day_difference,2021-03-31,2022-02-28,12,0,12,ak.stock_zh_a_daily,data/cache/qfq_enrichment_v1_2/301110.csv,ok,no fetch: stock non-trading-date difference,P3,pre_repair_sha256=b7d8b00070abc265ea872ea83fa00a65b90ba6a149ff195b5c7aaa2ee0cecc9e; cache_valid_rows=1033; manifest_status=ok; cache_only=false; network_required=false; expected calendar endpoint is absent from both this stock cache and adjusted panel
301110,factor_lookback_non_trading_day_difference,2020-12-28,2022-02-25,15,0,15,ak.stock_zh_a_daily,data/cache/qfq_enrichment_v1_2/301110.csv,ok,no fetch: stock non-trading-date difference,P3,pre_repair_sha256=b7d8b00070abc265ea872ea83fa00a65b90ba6a149ff195b5c7aaa2ee0cecc9e; cache_valid_rows=1033; manifest_status=ok; cache_only=false; network_required=false; expected calendar endpoint is absent from both this stock cache and adjusted panel
301165,baseline_endpoint_non_trading_day_difference,2020-01-02,2022-10-26,35,35,0,ak.stock_zh_a_daily,data/cache/qfq_enrichment_v1_2/301165.csv,ok,no fetch: stock non-trading-date difference,P3,pre_repair_sha256=4f400b2ebe947d6a7b0eba6fe70c87fc5dd44d54baafb08f1af06a5907ae9637; cache_valid_rows=864; manifest_status=ok; cache_only=false; network_required=false; expected calendar endpoint is absent from both this stock cache and adjusted panel
301165,factor_endpoint_non_trading_day_difference,2021-03-31,2022-10-26,20,0,20,ak.stock_zh_a_daily,data/cache/qfq_enrichment_v1_2/301165.csv,ok,no fetch: stock non-trading-date difference,P3,pre_repair_sha256=4f400b2ebe947d6a7b0eba6fe70c87fc5dd44d54baafb08f1af06a5907ae9637; cache_valid_rows=864; manifest_status=ok; cache_only=false; network_required=false; expected calendar endpoint is absent from both this stock cache and adjusted panel
301165,factor_lookback_non_trading_day_difference,2020-12-28,2022-10-25,23,0,23,ak.stock_zh_a_daily,data/cache/qfq_enrichment_v1_2/301165.csv,ok,no fetch: stock non-trading-date difference,P3,pre_repair_sha256=4f400b2ebe947d6a7b0eba6fe70c87fc5dd44d54baafb08f1af06a5907ae9637; cache_valid_rows=864; manifest_status=ok; cache_only=false; network_required=false; expected calendar endpoint is absent from both this stock cache and adjusted panel
301171,baseline_endpoint_non_trading_day_difference,2020-01-02,2022-07-26,32,32,0,ak.stock_zh_a_daily,data/cache/qfq_enrichment_v1_2/301171.csv,partial_ok,no fetch: stock non-trading-date difference,P3,pre_repair_sha256=e156a50da9c6a2256fba4bcbb0390cd0294ead22191314b3dc3a71b54c89ad4a; cache_valid_rows=921; manifest_status=partial_ok; cache_only=false; network_required=false; expected calendar endpoint is absent from both this stock cache and adjusted panel
301171,factor_endpoint_non_trading_day_difference,2021-03-31,2022-07-26,17,0,17,ak.stock_zh_a_daily,data/cache/qfq_enrichment_v1_2/301171.csv,partial_ok,no fetch: stock non-trading-date difference,P3,pre_repair_sha256=e156a50da9c6a2256fba4bcbb0390cd0294ead22191314b3dc3a71b54c89ad4a; cache_valid_rows=921; manifest_status=partial_ok; cache_only=false; network_required=false; expected calendar endpoint is absent from both this stock cache and adjusted panel
301171,factor_lookback_non_trading_day_difference,2020-12-28,2022-07-25,20,0,20,ak.stock_zh_a_daily,data/cache/qfq_enrichment_v1_2/301171.csv,partial_ok,no fetch: stock non-trading-date difference,P3,pre_repair_sha256=e156a50da9c6a2256fba4bcbb0390cd0294ead22191314b3dc3a71b54c89ad4a; cache_valid_rows=921; manifest_status=partial_ok; cache_only=false; network_required=false; expected calendar endpoint is absent from both this stock cache and adjusted panel
