universe_name,transaction_cost,rebalance_date,next_rebalance_date,turnover,cost_drag,previous_count,target_count,smoke_only,performance_conclusion_allowed
expanded_only_v1_2,0.0,2020-01-02,2020-02-07,1.0,0.0,0,1,true,false
expanded_only_v1_2,0.0,2020-02-07,2020-03-06,0.0,0.0,1,1,true,false
expanded_only_v1_2,0.0,2020-03-06,2020-04-03,0.0,0.0,1,1,true,false
expanded_only_v1_2,0.0,2020-04-03,2020-05-07,0.0,0.0,1,1,true,false
expanded_only_v1_2,0.0,2020-05-07,2020-06-04,0.0,0.0,1,1,true,false
expanded_only_v1_2,0.0,2020-06-04,2020-07-06,0.0,0.0,1,1,true,false
expanded_only_v1_2,0.0,2020-07-06,2020-08-03,0.0,0.0,1,1,true,false
expanded_only_v1_2,0.0,2020-08-03,2020-08-31,0.0,0.0,1,1,true,false
expanded_only_v1_2,0.0,2020-08-31,2020-09-28,0.0,0.0,1,1,true,false
expanded_only_v1_2,0.0,2020-09-28,2020-11-03,0.0,0.0,1,1,true,false
expanded_only_v1_2,0.0,2020-11-03,2020-12-01,0.0,0.0,1,1,true,false
expanded_only_v1_2,0.0,2020-12-01,2020-12-29,0.0,0.0,1,1,true,false
expanded_only_v1_2,0.0,2020-12-29,2021-01-27,0.0,0.0,1,1,true,false
expanded_only_v1_2,0.0,2021-01-27,2021-03-03,0.0,0.0,1,1,true,false
expanded_only_v1_2,0.0,2021-03-03,2021-03-31,0.0,0.0,1,1,true,false
expanded_only_v1_2,0.0,2021-03-31,2021-04-29,0.9791666666666666,0.0,1,48,true,false
expanded_only_v1_2,0.0,2021-04-29,2021-06-01,0.05097283071748436,0.0,48,49,true,false
expanded_only_v1_2,0.0,2021-06-01,2021-06-30,0.052129250184029384,0.0,49,49,true,false
expanded_only_v1_2,0.0,2021-06-30,2021-07-28,0.07349768276783686,0.0,49,51,true,false
expanded_only_v1_2,0.0,2021-07-28,2021-08-25,0.06455283573203775,0.0,51,51,true,false
expanded_only_v1_2,0.0,2021-08-25,2021-09-24,0.047977443777367686,0.0,51,52,true,false
expanded_only_v1_2,0.0,2021-09-24,2021-10-29,0.04964068013041245,0.0,52,52,true,false
expanded_only_v1_2,0.0,2021-10-29,2021-11-26,0.04128828139095851,0.0,52,52,true,false
expanded_only_v1_2,0.0,2021-11-26,2021-12-24,0.046911234761831275,0.0,52,52,true,false
expanded_only_v1_2,0.0,2021-12-24,2022-01-24,0.05499816877129702,0.0,52,52,true,false
expanded_only_v1_2,0.0,2022-01-24,2022-02-28,0.041606978535854544,0.0,52,52,true,false
expanded_only_v1_2,0.0,2022-02-28,2022-03-28,0.033240825032764834,0.0,52,52,true,false
expanded_only_v1_2,0.0,2022-03-28,2022-04-27,0.05756209802216844,0.0,52,53,true,false
expanded_only_v1_2,0.0,2022-04-27,2022-05-30,0.03427347425242475,0.0,53,53,true,false
expanded_only_v1_2,0.0,2022-05-30,2022-06-28,0.029737488273830694,0.0,53,53,true,false
expanded_only_v1_2,0.0,2022-06-28,2022-07-26,0.027689310083047397,0.0,53,53,true,false
expanded_only_v1_2,0.0,2022-07-26,2022-08-23,0.030162265782704735,0.0,53,53,true,false
expanded_only_v1_2,0.0,2022-08-23,2022-09-21,0.04028589057634298,0.0,53,54,true,false
expanded_only_v1_2,0.0,2022-09-21,2022-10-26,0.03895167968521214,0.0,54,54,true,false
expanded_only_v1_2,0.0,2022-10-26,2022-11-23,0.03137417789718957,0.0,54,54,true,false
expanded_only_v1_2,0.0,2022-11-23,2022-12-21,0.03857718781670154,0.0,54,55,true,false
expanded_only_v1_2,0.0,2022-12-21,2023-01-19,0.035476837127928124,0.0,55,55,true,false
expanded_only_v1_2,0.0,2023-01-19,2023-02-23,0.036189042359667675,0.0,55,55,true,false
expanded_only_v1_2,0.0,2023-02-23,2023-03-23,0.05897952668258646,0.0,55,55,true,false
expanded_only_v1_2,0.0,2023-03-23,2023-04-21,0.05585141610281721,0.0,55,55,true,false
expanded_only_v1_2,0.0,2023-04-21,2023-05-24,0.04693141469619361,0.0,55,55,true,false
expanded_only_v1_2,0.0,2023-05-24,2023-06-21,0.05359677011415935,0.0,55,55,true,false
expanded_only_v1_2,0.0,2023-06-21,2023-07-21,0.03672699597854501,0.0,55,55,true,false
expanded_only_v1_2,0.0,2023-07-21,2023-08-18,0.029356103941291973,0.0,55,55,true,false
expanded_only_v1_2,0.0,2023-08-18,2023-09-15,0.028746581475049472,0.0,55,55,true,false
expanded_only_v1_2,0.0,2023-09-15,2023-10-23,0.03034251065046694,0.0,55,55,true,false
expanded_only_v1_2,0.0,2023-10-23,2023-11-20,0.03924137076806977,0.0,55,55,true,false
expanded_only_v1_2,0.0,2023-11-20,2023-12-18,0.029405498168526632,0.0,55,55,true,false
expanded_only_v1_2,0.0,2023-12-18,2024-01-16,0.029146260063824665,0.0,55,55,true,false
expanded_only_v1_2,0.0,2024-01-16,2024-02-21,0.046222254401755807,0.0,55,55,true,false
expanded_only_v1_2,0.0,2024-02-21,2024-03-20,0.03634945209213659,0.0,55,55,true,false
expanded_only_v1_2,0.0,2024-03-20,2024-04-19,0.032427708983777545,0.0,55,55,true,false
expanded_only_v1_2,0.0,2024-04-19,2024-05-22,0.027513746638367483,0.0,55,55,true,false
expanded_only_v1_2,0.0,2024-05-22,2024-06-20,0.02967130800932642,0.0,55,55,true,false
expanded_only_v1_2,0.0,2024-06-20,2024-07-18,0.032791175457881135,0.0,55,55,true,false
expanded_only_v1_2,0.0,2024-07-18,2024-08-15,0.030147125791793804,0.0,55,55,true,false
expanded_only_v1_2,0.0,2024-08-15,2024-09-12,0.03357543029488801,0.0,55,55,true,false
expanded_only_v1_2,0.0,2024-09-12,2024-10-21,0.08845256156747841,0.0,55,55,true,false
expanded_only_v1_2,0.0,2024-10-21,2024-11-18,0.05652775794155151,0.0,55,55,true,false
expanded_only_v1_2,0.0,2024-11-18,2024-12-16,0.05779960012743342,0.0,55,55,true,false
expanded_only_v1_2,0.0,2024-12-16,2025-01-14,0.04587055682939548,0.0,55,55,true,false
expanded_only_v1_2,0.0,2025-01-14,2025-02-19,0.08175441072520727,0.0,55,55,true,false
expanded_only_v1_2,0.0,2025-02-19,2025-03-19,0.03541213616691487,0.0,55,55,true,false
expanded_only_v1_2,0.0,2025-03-19,2025-04-17,0.02830051589381775,0.0,55,55,true,false
expanded_only_v1_2,0.0,2025-04-17,2025-05-20,0.026898196517962467,0.0,55,55,true,false
expanded_only_v1_2,0.0,2025-05-20,2025-06-18,0.041635740389917075,0.0,55,55,true,false
expanded_only_v1_2,0.0,2025-06-18,2025-07-16,0.03537355989445276,0.0,55,55,true,false
expanded_only_v1_2,0.0,2025-07-16,2025-08-13,0.03296543552501817,0.0,55,55,true,false
expanded_only_v1_2,0.0,2025-08-13,2025-09-10,0.05394904088722728,0.0,55,55,true,false
expanded_only_v1_2,0.0,2025-09-10,2025-10-16,0.032307759102736866,0.0,55,55,true,false
expanded_only_v1_2,0.0,2025-10-16,2025-11-13,0.03516369176309819,0.0,55,55,true,false
expanded_only_v1_2,0.0,2025-11-13,2025-12-11,0.03990631321278011,0.0,55,55,true,false
expanded_only_v1_2,0.0,2025-12-11,2026-01-12,0.08263257055737694,0.0,55,55,true,false
expanded_only_v1_2,0.0,2026-01-12,2026-02-09,0.04406081311263936,0.0,55,55,true,false
expanded_only_v1_2,0.0,2026-02-09,2026-03-17,0.03892190713108999,0.0,55,55,true,false
expanded_only_v1_2,0.0,2026-03-17,2026-04-15,0.03804806752920209,0.0,55,55,true,false
expanded_only_v1_2,0.0,2026-04-15,2026-05-18,0.05232889070763365,0.0,55,55,true,false
expanded_only_v1_2,0.0,2026-05-18,2026-06-15,0.0468381412668123,0.0,55,54,true,false
expanded_only_v1_2,0.0,2026-06-15,2026-06-16,0.006918154026687632,0.0,54,54,true,false
expanded_only_v1_2,0.001,2020-01-02,2020-02-07,1.0,0.001,0,1,true,false
expanded_only_v1_2,0.001,2020-02-07,2020-03-06,0.0,0.0,1,1,true,false
expanded_only_v1_2,0.001,2020-03-06,2020-04-03,0.0,0.0,1,1,true,false
expanded_only_v1_2,0.001,2020-04-03,2020-05-07,0.0,0.0,1,1,true,false
expanded_only_v1_2,0.001,2020-05-07,2020-06-04,0.0,0.0,1,1,true,false
expanded_only_v1_2,0.001,2020-06-04,2020-07-06,0.0,0.0,1,1,true,false
expanded_only_v1_2,0.001,2020-07-06,2020-08-03,0.0,0.0,1,1,true,false
expanded_only_v1_2,0.001,2020-08-03,2020-08-31,0.0,0.0,1,1,true,false
expanded_only_v1_2,0.001,2020-08-31,2020-09-28,0.0,0.0,1,1,true,false
expanded_only_v1_2,0.001,2020-09-28,2020-11-03,0.0,0.0,1,1,true,false
expanded_only_v1_2,0.001,2020-11-03,2020-12-01,0.0,0.0,1,1,true,false
expanded_only_v1_2,0.001,2020-12-01,2020-12-29,0.0,0.0,1,1,true,false
expanded_only_v1_2,0.001,2020-12-29,2021-01-27,0.0,0.0,1,1,true,false
expanded_only_v1_2,0.001,2021-01-27,2021-03-03,0.0,0.0,1,1,true,false
expanded_only_v1_2,0.001,2021-03-03,2021-03-31,0.0,0.0,1,1,true,false
expanded_only_v1_2,0.001,2021-03-31,2021-04-29,0.9791666666666666,0.0009791666666666666,1,48,true,false
expanded_only_v1_2,0.001,2021-04-29,2021-06-01,0.05097283071748436,5.0972830717484364e-05,48,49,true,false
expanded_only_v1_2,0.001,2021-06-01,2021-06-30,0.052129250184029384,5.2129250184029386e-05,49,49,true,false
expanded_only_v1_2,0.001,2021-06-30,2021-07-28,0.07349768276783686,7.349768276783686e-05,49,51,true,false
expanded_only_v1_2,0.001,2021-07-28,2021-08-25,0.06455283573203775,6.455283573203775e-05,51,51,true,false
expanded_only_v1_2,0.001,2021-08-25,2021-09-24,0.047977443777367686,4.797744377736769e-05,51,52,true,false
expanded_only_v1_2,0.001,2021-09-24,2021-10-29,0.04964068013041245,4.964068013041245e-05,52,52,true,false
expanded_only_v1_2,0.001,2021-10-29,2021-11-26,0.04128828139095851,4.128828139095851e-05,52,52,true,false
expanded_only_v1_2,0.001,2021-11-26,2021-12-24,0.046911234761831275,4.691123476183128e-05,52,52,true,false
expanded_only_v1_2,0.001,2021-12-24,2022-01-24,0.05499816877129702,5.499816877129702e-05,52,52,true,false
expanded_only_v1_2,0.001,2022-01-24,2022-02-28,0.041606978535854544,4.160697853585455e-05,52,52,true,false
expanded_only_v1_2,0.001,2022-02-28,2022-03-28,0.033240825032764834,3.324082503276484e-05,52,52,true,false
expanded_only_v1_2,0.001,2022-03-28,2022-04-27,0.05756209802216844,5.756209802216844e-05,52,53,true,false
expanded_only_v1_2,0.001,2022-04-27,2022-05-30,0.03427347425242475,3.4273474252424755e-05,53,53,true,false
expanded_only_v1_2,0.001,2022-05-30,2022-06-28,0.029737488273830694,2.9737488273830693e-05,53,53,true,false
expanded_only_v1_2,0.001,2022-06-28,2022-07-26,0.027689310083047397,2.7689310083047396e-05,53,53,true,false
expanded_only_v1_2,0.001,2022-07-26,2022-08-23,0.030162265782704735,3.0162265782704737e-05,53,53,true,false
expanded_only_v1_2,0.001,2022-08-23,2022-09-21,0.04028589057634298,4.028589057634298e-05,53,54,true,false
expanded_only_v1_2,0.001,2022-09-21,2022-10-26,0.03895167968521214,3.895167968521214e-05,54,54,true,false
expanded_only_v1_2,0.001,2022-10-26,2022-11-23,0.03137417789718957,3.137417789718957e-05,54,54,true,false
expanded_only_v1_2,0.001,2022-11-23,2022-12-21,0.03857718781670154,3.857718781670154e-05,54,55,true,false
expanded_only_v1_2,0.001,2022-12-21,2023-01-19,0.035476837127928124,3.5476837127928125e-05,55,55,true,false
expanded_only_v1_2,0.001,2023-01-19,2023-02-23,0.036189042359667675,3.6189042359667676e-05,55,55,true,false
expanded_only_v1_2,0.001,2023-02-23,2023-03-23,0.05897952668258646,5.897952668258646e-05,55,55,true,false
expanded_only_v1_2,0.001,2023-03-23,2023-04-21,0.05585141610281721,5.5851416102817205e-05,55,55,true,false
expanded_only_v1_2,0.001,2023-04-21,2023-05-24,0.04693141469619361,4.6931414696193606e-05,55,55,true,false
expanded_only_v1_2,0.001,2023-05-24,2023-06-21,0.05359677011415935,5.359677011415935e-05,55,55,true,false
expanded_only_v1_2,0.001,2023-06-21,2023-07-21,0.03672699597854501,3.6726995978545006e-05,55,55,true,false
expanded_only_v1_2,0.001,2023-07-21,2023-08-18,0.029356103941291973,2.9356103941291973e-05,55,55,true,false
expanded_only_v1_2,0.001,2023-08-18,2023-09-15,0.028746581475049472,2.8746581475049472e-05,55,55,true,false
expanded_only_v1_2,0.001,2023-09-15,2023-10-23,0.03034251065046694,3.034251065046694e-05,55,55,true,false
expanded_only_v1_2,0.001,2023-10-23,2023-11-20,0.03924137076806977,3.9241370768069776e-05,55,55,true,false
expanded_only_v1_2,0.001,2023-11-20,2023-12-18,0.029405498168526632,2.9405498168526633e-05,55,55,true,false
expanded_only_v1_2,0.001,2023-12-18,2024-01-16,0.029146260063824665,2.9146260063824664e-05,55,55,true,false
expanded_only_v1_2,0.001,2024-01-16,2024-02-21,0.046222254401755807,4.6222254401755805e-05,55,55,true,false
expanded_only_v1_2,0.001,2024-02-21,2024-03-20,0.03634945209213659,3.634945209213659e-05,55,55,true,false
expanded_only_v1_2,0.001,2024-03-20,2024-04-19,0.032427708983777545,3.242770898377754e-05,55,55,true,false
expanded_only_v1_2,0.001,2024-04-19,2024-05-22,0.027513746638367483,2.751374663836748e-05,55,55,true,false
expanded_only_v1_2,0.001,2024-05-22,2024-06-20,0.02967130800932642,2.967130800932642e-05,55,55,true,false
expanded_only_v1_2,0.001,2024-06-20,2024-07-18,0.032791175457881135,3.279117545788113e-05,55,55,true,false
expanded_only_v1_2,0.001,2024-07-18,2024-08-15,0.030147125791793804,3.0147125791793805e-05,55,55,true,false
expanded_only_v1_2,0.001,2024-08-15,2024-09-12,0.03357543029488801,3.3575430294888015e-05,55,55,true,false
expanded_only_v1_2,0.001,2024-09-12,2024-10-21,0.08845256156747841,8.845256156747842e-05,55,55,true,false
expanded_only_v1_2,0.001,2024-10-21,2024-11-18,0.05652775794155151,5.652775794155151e-05,55,55,true,false
expanded_only_v1_2,0.001,2024-11-18,2024-12-16,0.05779960012743342,5.779960012743342e-05,55,55,true,false
expanded_only_v1_2,0.001,2024-12-16,2025-01-14,0.04587055682939548,4.5870556829395486e-05,55,55,true,false
expanded_only_v1_2,0.001,2025-01-14,2025-02-19,0.08175441072520727,8.175441072520727e-05,55,55,true,false
expanded_only_v1_2,0.001,2025-02-19,2025-03-19,0.03541213616691487,3.541213616691487e-05,55,55,true,false
expanded_only_v1_2,0.001,2025-03-19,2025-04-17,0.02830051589381775,2.830051589381775e-05,55,55,true,false
expanded_only_v1_2,0.001,2025-04-17,2025-05-20,0.026898196517962467,2.689819651796247e-05,55,55,true,false
expanded_only_v1_2,0.001,2025-05-20,2025-06-18,0.041635740389917075,4.163574038991708e-05,55,55,true,false
expanded_only_v1_2,0.001,2025-06-18,2025-07-16,0.03537355989445276,3.537355989445276e-05,55,55,true,false
expanded_only_v1_2,0.001,2025-07-16,2025-08-13,0.03296543552501817,3.296543552501817e-05,55,55,true,false
expanded_only_v1_2,0.001,2025-08-13,2025-09-10,0.05394904088722728,5.394904088722728e-05,55,55,true,false
expanded_only_v1_2,0.001,2025-09-10,2025-10-16,0.032307759102736866,3.230775910273687e-05,55,55,true,false
expanded_only_v1_2,0.001,2025-10-16,2025-11-13,0.03516369176309819,3.5163691763098195e-05,55,55,true,false
expanded_only_v1_2,0.001,2025-11-13,2025-12-11,0.03990631321278011,3.9906313212780114e-05,55,55,true,false
expanded_only_v1_2,0.001,2025-12-11,2026-01-12,0.08263257055737694,8.263257055737694e-05,55,55,true,false
expanded_only_v1_2,0.001,2026-01-12,2026-02-09,0.04406081311263936,4.406081311263936e-05,55,55,true,false
expanded_only_v1_2,0.001,2026-02-09,2026-03-17,0.03892190713108999,3.8921907131089994e-05,55,55,true,false
expanded_only_v1_2,0.001,2026-03-17,2026-04-15,0.03804806752920209,3.804806752920209e-05,55,55,true,false
expanded_only_v1_2,0.001,2026-04-15,2026-05-18,0.05232889070763365,5.232889070763365e-05,55,55,true,false
expanded_only_v1_2,0.001,2026-05-18,2026-06-15,0.0468381412668123,4.68381412668123e-05,55,54,true,false
expanded_only_v1_2,0.001,2026-06-15,2026-06-16,0.006918154026687632,6.918154026687632e-06,54,54,true,false
research_universe_v1_2,0.0,2020-01-02,2020-02-07,1.0,0.0,0,1,true,false
research_universe_v1_2,0.0,2020-02-07,2020-03-06,0.0,0.0,1,1,true,false
research_universe_v1_2,0.0,2020-03-06,2020-04-03,0.0,0.0,1,1,true,false
research_universe_v1_2,0.0,2020-04-03,2020-05-07,0.0,0.0,1,1,true,false
research_universe_v1_2,0.0,2020-05-07,2020-06-04,0.0,0.0,1,1,true,false
research_universe_v1_2,0.0,2020-06-04,2020-07-06,0.0,0.0,1,1,true,false
research_universe_v1_2,0.0,2020-07-06,2020-08-03,0.0,0.0,1,1,true,false
research_universe_v1_2,0.0,2020-08-03,2020-08-31,0.0,0.0,1,1,true,false
research_universe_v1_2,0.0,2020-08-31,2020-09-28,0.0,0.0,1,1,true,false
research_universe_v1_2,0.0,2020-09-28,2020-11-03,0.0,0.0,1,1,true,false
research_universe_v1_2,0.0,2020-11-03,2020-12-01,0.0,0.0,1,1,true,false
research_universe_v1_2,0.0,2020-12-01,2020-12-29,0.0,0.0,1,1,true,false
research_universe_v1_2,0.0,2020-12-29,2021-01-27,0.0,0.0,1,1,true,false
research_universe_v1_2,0.0,2021-01-27,2021-03-03,0.0,0.0,1,1,true,false
research_universe_v1_2,0.0,2021-03-03,2021-03-31,0.0,0.0,1,1,true,false
research_universe_v1_2,0.0,2021-03-31,2021-04-29,0.9795918367346939,0.0,1,49,true,false
research_universe_v1_2,0.0,2021-04-29,2021-06-01,0.051575838509761024,0.0,49,50,true,false
research_universe_v1_2,0.0,2021-06-01,2021-06-30,0.05169392878918312,0.0,50,50,true,false
research_universe_v1_2,0.0,2021-06-30,2021-07-28,0.07243620560808357,0.0,50,52,true,false
research_universe_v1_2,0.0,2021-07-28,2021-08-25,0.06715405256441925,0.0,52,52,true,false
research_universe_v1_2,0.0,2021-08-25,2021-09-24,0.04846031384037642,0.0,52,53,true,false
research_universe_v1_2,0.0,2021-09-24,2021-10-29,0.04871240865296146,0.0,53,53,true,false
research_universe_v1_2,0.0,2021-10-29,2021-11-26,0.041166579287419416,0.0,53,53,true,false
research_universe_v1_2,0.0,2021-11-26,2021-12-24,0.04633750036085035,0.0,53,53,true,false
research_universe_v1_2,0.0,2021-12-24,2022-01-24,0.05484916564688245,0.0,53,53,true,false
research_universe_v1_2,0.0,2022-01-24,2022-02-28,0.041514810259645984,0.0,53,53,true,false
research_universe_v1_2,0.0,2022-02-28,2022-03-28,0.03267228872589338,0.0,53,53,true,false
research_universe_v1_2,0.0,2022-03-28,2022-04-27,0.05706391420875976,0.0,53,54,true,false
research_universe_v1_2,0.0,2022-04-27,2022-05-30,0.03395541490120574,0.0,54,54,true,false
research_universe_v1_2,0.0,2022-05-30,2022-06-28,0.031309175935723334,0.0,54,54,true,false
research_universe_v1_2,0.0,2022-06-28,2022-07-26,0.02720259185094693,0.0,54,54,true,false
research_universe_v1_2,0.0,2022-07-26,2022-08-23,0.03002770918600205,0.0,54,54,true,false
research_universe_v1_2,0.0,2022-08-23,2022-09-21,0.040611348282241486,0.0,54,55,true,false
research_universe_v1_2,0.0,2022-09-21,2022-10-26,0.03843928025599436,0.0,55,55,true,false
research_universe_v1_2,0.0,2022-10-26,2022-11-23,0.031938223076417784,0.0,55,55,true,false
research_universe_v1_2,0.0,2022-11-23,2022-12-21,0.03849252405167918,0.0,55,56,true,false
research_universe_v1_2,0.0,2022-12-21,2023-01-19,0.03563049019482895,0.0,56,56,true,false
research_universe_v1_2,0.0,2023-01-19,2023-02-23,0.036167505557825275,0.0,56,56,true,false
research_universe_v1_2,0.0,2023-02-23,2023-03-23,0.059076573177785696,0.0,56,56,true,false
research_universe_v1_2,0.0,2023-03-23,2023-04-21,0.055898975485821796,0.0,56,56,true,false
research_universe_v1_2,0.0,2023-04-21,2023-05-24,0.04755485868211319,0.0,56,56,true,false
research_universe_v1_2,0.0,2023-05-24,2023-06-21,0.053000723301188844,0.0,56,56,true,false
research_universe_v1_2,0.0,2023-06-21,2023-07-21,0.037253291718516435,0.0,56,56,true,false
research_universe_v1_2,0.0,2023-07-21,2023-08-18,0.029080404511956214,0.0,56,56,true,false
research_universe_v1_2,0.0,2023-08-18,2023-09-15,0.028413400361154712,0.0,56,56,true,false
research_universe_v1_2,0.0,2023-09-15,2023-10-23,0.02986759978945911,0.0,56,56,true,false
research_universe_v1_2,0.0,2023-10-23,2023-11-20,0.03863378651621966,0.0,56,56,true,false
research_universe_v1_2,0.0,2023-11-20,2023-12-18,0.028952293128326055,0.0,56,56,true,false
research_universe_v1_2,0.0,2023-12-18,2024-01-16,0.028797077779401745,0.0,56,56,true,false
research_universe_v1_2,0.0,2024-01-16,2024-02-21,0.04583885024063944,0.0,56,56,true,false
research_universe_v1_2,0.0,2024-02-21,2024-03-20,0.03699012109288172,0.0,56,56,true,false
research_universe_v1_2,0.0,2024-03-20,2024-04-19,0.03404528129865856,0.0,56,56,true,false
research_universe_v1_2,0.0,2024-04-19,2024-05-22,0.027155523481179892,0.0,56,56,true,false
research_universe_v1_2,0.0,2024-05-22,2024-06-20,0.02963754143648632,0.0,56,56,true,false
research_universe_v1_2,0.0,2024-06-20,2024-07-18,0.03332901145148063,0.0,56,56,true,false
research_universe_v1_2,0.0,2024-07-18,2024-08-15,0.030256777454350785,0.0,56,56,true,false
research_universe_v1_2,0.0,2024-08-15,2024-09-12,0.03339762556959886,0.0,56,56,true,false
research_universe_v1_2,0.0,2024-09-12,2024-10-21,0.08782093926808772,0.0,56,56,true,false
research_universe_v1_2,0.0,2024-10-21,2024-11-18,0.05567340924204871,0.0,56,56,true,false
research_universe_v1_2,0.0,2024-11-18,2024-12-16,0.057021672134380454,0.0,56,56,true,false
research_universe_v1_2,0.0,2024-12-16,2025-01-14,0.045339138877525574,0.0,56,56,true,false
research_universe_v1_2,0.0,2025-01-14,2025-02-19,0.08103548414298029,0.0,56,56,true,false
research_universe_v1_2,0.0,2025-02-19,2025-03-19,0.035270470172947314,0.0,56,56,true,false
research_universe_v1_2,0.0,2025-03-19,2025-04-17,0.029009762966711424,0.0,56,56,true,false
research_universe_v1_2,0.0,2025-04-17,2025-05-20,0.026586794256516694,0.0,56,56,true,false
research_universe_v1_2,0.0,2025-05-20,2025-06-18,0.04147222234884728,0.0,56,56,true,false
research_universe_v1_2,0.0,2025-06-18,2025-07-16,0.03501558897469194,0.0,56,56,true,false
research_universe_v1_2,0.0,2025-07-16,2025-08-13,0.03254451917157315,0.0,56,56,true,false
research_universe_v1_2,0.0,2025-08-13,2025-09-10,0.05365131960320936,0.0,56,56,true,false
research_universe_v1_2,0.0,2025-09-10,2025-10-16,0.032506484702031185,0.0,56,56,true,false
research_universe_v1_2,0.0,2025-10-16,2025-11-13,0.03469963708626091,0.0,56,56,true,false
research_universe_v1_2,0.0,2025-11-13,2025-12-11,0.03946022237833573,0.0,56,56,true,false
research_universe_v1_2,0.0,2025-12-11,2026-01-12,0.08223235126786882,0.0,56,56,true,false
research_universe_v1_2,0.0,2026-01-12,2026-02-09,0.04408565159375872,0.0,56,56,true,false
research_universe_v1_2,0.0,2026-02-09,2026-03-17,0.0382791021852361,0.0,56,56,true,false
research_universe_v1_2,0.0,2026-03-17,2026-04-15,0.03747917311205172,0.0,56,56,true,false
research_universe_v1_2,0.0,2026-04-15,2026-05-18,0.05247936061766731,0.0,56,56,true,false
research_universe_v1_2,0.0,2026-05-18,2026-06-15,0.04740669715368272,0.0,56,55,true,false
research_universe_v1_2,0.0,2026-06-15,2026-06-16,0.007023775864128537,0.0,55,55,true,false
research_universe_v1_2,0.001,2020-01-02,2020-02-07,1.0,0.001,0,1,true,false
research_universe_v1_2,0.001,2020-02-07,2020-03-06,0.0,0.0,1,1,true,false
research_universe_v1_2,0.001,2020-03-06,2020-04-03,0.0,0.0,1,1,true,false
research_universe_v1_2,0.001,2020-04-03,2020-05-07,0.0,0.0,1,1,true,false
research_universe_v1_2,0.001,2020-05-07,2020-06-04,0.0,0.0,1,1,true,false
research_universe_v1_2,0.001,2020-06-04,2020-07-06,0.0,0.0,1,1,true,false
research_universe_v1_2,0.001,2020-07-06,2020-08-03,0.0,0.0,1,1,true,false
research_universe_v1_2,0.001,2020-08-03,2020-08-31,0.0,0.0,1,1,true,false
research_universe_v1_2,0.001,2020-08-31,2020-09-28,0.0,0.0,1,1,true,false
research_universe_v1_2,0.001,2020-09-28,2020-11-03,0.0,0.0,1,1,true,false
research_universe_v1_2,0.001,2020-11-03,2020-12-01,0.0,0.0,1,1,true,false
research_universe_v1_2,0.001,2020-12-01,2020-12-29,0.0,0.0,1,1,true,false
research_universe_v1_2,0.001,2020-12-29,2021-01-27,0.0,0.0,1,1,true,false
research_universe_v1_2,0.001,2021-01-27,2021-03-03,0.0,0.0,1,1,true,false
research_universe_v1_2,0.001,2021-03-03,2021-03-31,0.0,0.0,1,1,true,false
research_universe_v1_2,0.001,2021-03-31,2021-04-29,0.9795918367346939,0.0009795918367346938,1,49,true,false
research_universe_v1_2,0.001,2021-04-29,2021-06-01,0.051575838509761024,5.157583850976102e-05,49,50,true,false
research_universe_v1_2,0.001,2021-06-01,2021-06-30,0.05169392878918312,5.1693928789183124e-05,50,50,true,false
research_universe_v1_2,0.001,2021-06-30,2021-07-28,0.07243620560808357,7.243620560808357e-05,50,52,true,false
research_universe_v1_2,0.001,2021-07-28,2021-08-25,0.06715405256441925,6.715405256441925e-05,52,52,true,false
research_universe_v1_2,0.001,2021-08-25,2021-09-24,0.04846031384037642,4.846031384037642e-05,52,53,true,false
research_universe_v1_2,0.001,2021-09-24,2021-10-29,0.04871240865296146,4.871240865296146e-05,53,53,true,false
research_universe_v1_2,0.001,2021-10-29,2021-11-26,0.041166579287419416,4.116657928741942e-05,53,53,true,false
research_universe_v1_2,0.001,2021-11-26,2021-12-24,0.04633750036085035,4.6337500360850355e-05,53,53,true,false
research_universe_v1_2,0.001,2021-12-24,2022-01-24,0.05484916564688245,5.484916564688245e-05,53,53,true,false
research_universe_v1_2,0.001,2022-01-24,2022-02-28,0.041514810259645984,4.151481025964599e-05,53,53,true,false
research_universe_v1_2,0.001,2022-02-28,2022-03-28,0.03267228872589338,3.267228872589338e-05,53,53,true,false
research_universe_v1_2,0.001,2022-03-28,2022-04-27,0.05706391420875976,5.706391420875976e-05,53,54,true,false
research_universe_v1_2,0.001,2022-04-27,2022-05-30,0.03395541490120574,3.395541490120574e-05,54,54,true,false
research_universe_v1_2,0.001,2022-05-30,2022-06-28,0.031309175935723334,3.1309175935723334e-05,54,54,true,false
research_universe_v1_2,0.001,2022-06-28,2022-07-26,0.02720259185094693,2.720259185094693e-05,54,54,true,false
research_universe_v1_2,0.001,2022-07-26,2022-08-23,0.03002770918600205,3.002770918600205e-05,54,54,true,false
research_universe_v1_2,0.001,2022-08-23,2022-09-21,0.040611348282241486,4.061134828224149e-05,54,55,true,false
research_universe_v1_2,0.001,2022-09-21,2022-10-26,0.03843928025599436,3.843928025599436e-05,55,55,true,false
research_universe_v1_2,0.001,2022-10-26,2022-11-23,0.031938223076417784,3.193822307641778e-05,55,55,true,false
research_universe_v1_2,0.001,2022-11-23,2022-12-21,0.03849252405167918,3.8492524051679184e-05,55,56,true,false
research_universe_v1_2,0.001,2022-12-21,2023-01-19,0.03563049019482895,3.563049019482895e-05,56,56,true,false
research_universe_v1_2,0.001,2023-01-19,2023-02-23,0.036167505557825275,3.616750555782527e-05,56,56,true,false
research_universe_v1_2,0.001,2023-02-23,2023-03-23,0.059076573177785696,5.90765731777857e-05,56,56,true,false
research_universe_v1_2,0.001,2023-03-23,2023-04-21,0.055898975485821796,5.58989754858218e-05,56,56,true,false
research_universe_v1_2,0.001,2023-04-21,2023-05-24,0.04755485868211319,4.755485868211319e-05,56,56,true,false
research_universe_v1_2,0.001,2023-05-24,2023-06-21,0.053000723301188844,5.300072330118885e-05,56,56,true,false
research_universe_v1_2,0.001,2023-06-21,2023-07-21,0.037253291718516435,3.725329171851643e-05,56,56,true,false
research_universe_v1_2,0.001,2023-07-21,2023-08-18,0.029080404511956214,2.9080404511956215e-05,56,56,true,false
research_universe_v1_2,0.001,2023-08-18,2023-09-15,0.028413400361154712,2.841340036115471e-05,56,56,true,false
research_universe_v1_2,0.001,2023-09-15,2023-10-23,0.02986759978945911,2.986759978945911e-05,56,56,true,false
research_universe_v1_2,0.001,2023-10-23,2023-11-20,0.03863378651621966,3.863378651621966e-05,56,56,true,false
research_universe_v1_2,0.001,2023-11-20,2023-12-18,0.028952293128326055,2.8952293128326055e-05,56,56,true,false
research_universe_v1_2,0.001,2023-12-18,2024-01-16,0.028797077779401745,2.8797077779401747e-05,56,56,true,false
research_universe_v1_2,0.001,2024-01-16,2024-02-21,0.04583885024063944,4.583885024063944e-05,56,56,true,false
research_universe_v1_2,0.001,2024-02-21,2024-03-20,0.03699012109288172,3.699012109288172e-05,56,56,true,false
research_universe_v1_2,0.001,2024-03-20,2024-04-19,0.03404528129865856,3.404528129865856e-05,56,56,true,false
research_universe_v1_2,0.001,2024-04-19,2024-05-22,0.027155523481179892,2.7155523481179892e-05,56,56,true,false
research_universe_v1_2,0.001,2024-05-22,2024-06-20,0.02963754143648632,2.963754143648632e-05,56,56,true,false
research_universe_v1_2,0.001,2024-06-20,2024-07-18,0.03332901145148063,3.332901145148063e-05,56,56,true,false
research_universe_v1_2,0.001,2024-07-18,2024-08-15,0.030256777454350785,3.0256777454350785e-05,56,56,true,false
research_universe_v1_2,0.001,2024-08-15,2024-09-12,0.03339762556959886,3.339762556959886e-05,56,56,true,false
research_universe_v1_2,0.001,2024-09-12,2024-10-21,0.08782093926808772,8.782093926808771e-05,56,56,true,false
research_universe_v1_2,0.001,2024-10-21,2024-11-18,0.05567340924204871,5.567340924204871e-05,56,56,true,false
research_universe_v1_2,0.001,2024-11-18,2024-12-16,0.057021672134380454,5.7021672134380456e-05,56,56,true,false
research_universe_v1_2,0.001,2024-12-16,2025-01-14,0.045339138877525574,4.5339138877525576e-05,56,56,true,false
research_universe_v1_2,0.001,2025-01-14,2025-02-19,0.08103548414298029,8.103548414298029e-05,56,56,true,false
research_universe_v1_2,0.001,2025-02-19,2025-03-19,0.035270470172947314,3.5270470172947314e-05,56,56,true,false
research_universe_v1_2,0.001,2025-03-19,2025-04-17,0.029009762966711424,2.9009762966711426e-05,56,56,true,false
research_universe_v1_2,0.001,2025-04-17,2025-05-20,0.026586794256516694,2.6586794256516696e-05,56,56,true,false
research_universe_v1_2,0.001,2025-05-20,2025-06-18,0.04147222234884728,4.147222234884728e-05,56,56,true,false
research_universe_v1_2,0.001,2025-06-18,2025-07-16,0.03501558897469194,3.501558897469194e-05,56,56,true,false
research_universe_v1_2,0.001,2025-07-16,2025-08-13,0.03254451917157315,3.2544519171573156e-05,56,56,true,false
research_universe_v1_2,0.001,2025-08-13,2025-09-10,0.05365131960320936,5.365131960320936e-05,56,56,true,false
research_universe_v1_2,0.001,2025-09-10,2025-10-16,0.032506484702031185,3.250648470203119e-05,56,56,true,false
research_universe_v1_2,0.001,2025-10-16,2025-11-13,0.03469963708626091,3.469963708626091e-05,56,56,true,false
research_universe_v1_2,0.001,2025-11-13,2025-12-11,0.03946022237833573,3.946022237833573e-05,56,56,true,false
research_universe_v1_2,0.001,2025-12-11,2026-01-12,0.08223235126786882,8.223235126786882e-05,56,56,true,false
research_universe_v1_2,0.001,2026-01-12,2026-02-09,0.04408565159375872,4.408565159375872e-05,56,56,true,false
research_universe_v1_2,0.001,2026-02-09,2026-03-17,0.0382791021852361,3.82791021852361e-05,56,56,true,false
research_universe_v1_2,0.001,2026-03-17,2026-04-15,0.03747917311205172,3.747917311205172e-05,56,56,true,false
research_universe_v1_2,0.001,2026-04-15,2026-05-18,0.05247936061766731,5.247936061766731e-05,56,56,true,false
research_universe_v1_2,0.001,2026-05-18,2026-06-15,0.04740669715368272,4.740669715368272e-05,56,55,true,false
research_universe_v1_2,0.001,2026-06-15,2026-06-16,0.007023775864128537,7.023775864128537e-06,55,55,true,false
