PAPER_COMPONENT,PAPER_DEFINITION,LOCAL_DATA_AVAILABLE,LOCAL_FIELD,LOCAL_PATH,DEFINITION_MATCH,TIME_COVERAGE,STOCK_COVERAGE,KNOWN_DIFFERENCE,REPLICATION_STATUS,NOTES
A close-to-close return,"simple return; regression percentage points (p4,p6)",yes_presence_only,close,data\cache\h7_turnover\baostock,ADAPTED,2020-01-02..2026-05-11 formation; next endpoint 2026-05-12,5191/5195 potential stocks; no minimum chosen,raw corporate actions; CSMAR adjustment unspecified,ADAPTED_REPLICATION_FEASIBLE,Feasibility only; no H8 results; see h8_equation_mapping.md for source pages
B open price,CSMAR opening price (p4),yes,open,data\cache\h7_turnover\baostock,ADAPTED,2020-01-02..2026-05-11 formation; next endpoint 2026-05-12,5195 caches,different vendor,ADAPTED_REPLICATION_FEASIBLE,Feasibility only; no H8 results; see h8_equation_mapping.md for source pages
C close price,CSMAR closing price (p4),yes,close; qfq_close,data\cache\h7_turnover\baostock;data\cache\h5a_broader_a_qfq_v1,ADAPTED,2020-01-02..2026-05-11 formation; next endpoint 2026-05-12,5195 raw; 5180 QFQ,QFQ canonical has no open,ADAPTED_REPLICATION_FEASIBLE,Feasibility only; no H8 results; see h8_equation_mapping.md for source pages
D daily trading volume,daily trading volume (p5),yes,volume_shares,data\cache\h7_turnover\baostock,CLOSE_ECONOMIC_MATCH,2020-01-02..2026-05-11 formation; next endpoint 2026-05-12,5195 caches,vendor differences,ADAPTED_REPLICATION_FEASIBLE,Feasibility only; no H8 results; see h8_equation_mapping.md for source pages
E float-adjusted shares,float-adjusted shares outstanding (p5),partial,CNINFO circulating_shares; vendor implicit denominator,data/cache/h7_turnover/cninfo,UNKNOWN,2020-01-02..2026-05-11 formation; next endpoint 2026-05-12,"5195 event caches, not exact free-float lineage",circulating is not proven free-float-adjusted,DATA_SUPPLEMENT_REQUIRED,Feasibility only; no H8 results; see h8_equation_mapping.md for source pages
F raw turnover,volume / float-adjusted shares (p5),yes_candidate,baostock_circulating_turnover,data\cache\h7_turnover\baostock,CLOSE_ECONOMIC_MATCH,2020-01-02..2026-05-11 formation; next endpoint 2026-05-12,5191/5195 potential stocks; no minimum chosen,detailed float adjustment UNKNOWN; total_share_turnover is AVAILABLE_BUT_NOT_PAPER_PRIMARY,ADAPTED_REPLICATION_FEASIBLE,Feasibility only; no H8 results; see h8_equation_mapping.md for source pages
G 22-day lagged history,"strict t-1..t-22 log mean, then max(detrended,0) (p5 Eq7)",yes_availability_only,baostock_circulating_turnover; trading_status,data\cache\h7_turnover\baostock,ADAPTED,2020-01-02..2026-05-11 formation; next endpoint 2026-05-12,5191/5195 potential stocks; no minimum chosen,suspension rule unstated; 21-day Table2 warmup note conflicts with Eq7,ADAPTED_REPLICATION_FEASIBLE,Feasibility only; no H8 results; see h8_equation_mapping.md for source pages
H negative dummy,1{r_t<0} (p5),yes_formula,close_t vs close_t-1,data\cache\h7_turnover\baostock,EXACT_FORMULA,2020-01-02..2026-05-11 formation; next endpoint 2026-05-12,5191/5195 potential stocks; no minimum chosen,only equality counts computed,ADAPTED_REPLICATION_FEASIBLE,Feasibility only; no H8 results; see h8_equation_mapping.md for source pages
I positive dummy,"1{r_t>=0}, includes zero (p5)",yes_formula,close_t vs close_t-1,data\cache\h7_turnover\baostock,EXACT_FORMULA,2020-01-02..2026-05-11 formation; next endpoint 2026-05-12,5191/5195 potential stocks; no minimum chosen,prompt strict-positive candidate differs from paper,ADAPTED_REPLICATION_FEASIBLE,Feasibility only; no H8 results; see h8_equation_mapping.md for source pages
J conditional variance,"zero-mean GARCH(1,1), variance control scaled 1000 (p5)",False,not estimated,Python environment: arch,UNRESOLVED,not generated,0 real models,arch absent; innovation/initialization/code scaling unresolved,DATA_SUPPLEMENT_REQUIRED,Feasibility only; no H8 results; see h8_equation_mapping.md for source pages
K weekday interaction,"five weekday indicators each multiply r_t (p5,p6)",yes,trade_date.weekday,data\cache\h7_turnover\baostock,EXACT_ALGEBRA,2020-01-02..2026-05-11 formation; next endpoint 2026-05-12,5191/5195 potential stocks; no minimum chosen,conditioning-date convention should be explicit,ADAPTED_REPLICATION_FEASIBLE,Feasibility only; no H8 results; see h8_equation_mapping.md for source pages
L overnight return,close_t -> open_t+1 (p4 Eq6),yes_endpoints,close; open,data\cache\h7_turnover\baostock,PARTIAL,2020-01-02..2026-05-11 formation; next endpoint 2026-05-12,5191/5195 potential stocks; no minimum chosen,raw action gaps; additive decomposition unresolved,ADAPTED_REPLICATION_FEASIBLE,Feasibility only; no H8 results; see h8_equation_mapping.md for source pages
M intraday return,open_t+1 -> close_t+1 (p4 Eq6),yes_endpoints,open; close,data\cache\h7_turnover\baostock,PARTIAL,2020-01-02..2026-05-11 formation; next endpoint 2026-05-12,5191/5195 potential stocks; no minimum chosen,same source raw; exact author implementation absent,ADAPTED_REPLICATION_FEASIBLE,Feasibility only; no H8 results; see h8_equation_mapping.md for source pages
N price-limit status,exclude conditioning limit-down days (p11-12),no,not available,reports/hypothesis_7/final_contract/h7_final_contract_readiness.md,MISSING,none,0 authoritative stock-days,no exact historical rule and listing/reform/limit-price set,DATA_SUPPLEMENT_REQUIRED,Feasibility only; no H8 results; see h8_equation_mapping.md for source pages
O A/H matched sample,"same dual-listed firms; A/H prices and turnover (p5,p8-9)",no,not available,local data inventory,MISSING,none,0 matched pairs,no H-share panel or A/H mapping; no substitute,NOT_FEASIBLE,Feasibility only; no H8 results; see h8_equation_mapping.md for source pages
P stock size,average circulating cap; stock quintiles (p10),partial,circulating_market_cap,data/cache/price,ADAPTED,2021 onward mostly; cutoff bounded,5192,Table12 median wording vs prose/Table13 mean; no latest-size fill,ADAPTED_REPLICATION_FEASIBLE,Feasibility only; no H8 results; see h8_equation_mapping.md for source pages
Q ST status,ever ST/*ST during 2002-2021 excluded (p9),partial,is_st,data\cache\h7_turnover\baostock,MATERIAL_DEFINITION_DIFFERENCE,2020-01-02..2026-05-11 formation; next endpoint 2026-05-12,5195 recent histories,cannot establish ever-ST before 2020,DATA_SUPPLEMENT_REQUIRED,Feasibility only; no H8 results; see h8_equation_mapping.md for source pages
R main-board membership,main-board only; no ChiNext/STAR/B shares (p9),yes_current_codes,stock_code,data\processed\h5a_broader_a_universe_v1.csv,ADAPTED,current-universe,5195 codes,300 and 301 both ChiNext; no historical universe,ADAPTED_REPLICATION_FEASIBLE,Feasibility only; no H8 results; see h8_equation_mapping.md for source pages
S listing/history length,">=2400 trading days, roughly ten years (p9-10)",insufficient,observed active OHLC rows,data\cache\h7_turnover\baostock,MATERIAL_DEFINITION_DIFFERENCE,2020-01-02..2026-05-11 formation; next endpoint 2026-05-12,0 meeting 2400,first cache date is not listing date,NOT_FEASIBLE,Feasibility only; no H8 results; see h8_equation_mapping.md for source pages
