metric,value,row_type,board,stock_count,bao_success,cninfo_event_stocks,median_primary_coverage,median_valid_200d_primary_days
tradestatus_coverage,1.0,metric,,,,,,
isST_coverage,1.0,metric,,,,,,
suspended_stock_days,12307,metric,,,,,,
ST_stock_days,198062,metric,,,,,,
secondary_zero_rate,1.3792011907728495e-05,metric,,,,,,
suspended_days_with_price_observation,12307,metric,,,,,,
consecutive_unchanged_close_rate,0.02744044292128344,metric,,,,,,
within_stock_positive_volume_p1_day_rate,0.010491848674636328,metric,,,,,,
historical_limit_status_ready,False,metric,,,,,,
zero_semantics_A_suspended_volume_zero_count,4441,metric,,,,,,
zero_semantics_A_suspended_volume_zero_stock_count,580,metric,,,,,,
zero_semantics_A_suspended_volume_zero_stock_day_rate,0.0005936933219059735,metric,,,,,,
zero_semantics_B_trading_volume_zero_count,0,metric,,,,,,
zero_semantics_B_trading_volume_zero_stock_count,0,metric,,,,,,
zero_semantics_B_trading_volume_zero_stock_day_rate,0.0,metric,,,,,,
zero_semantics_C_volume_positive_turn_zero_count,0,metric,,,,,,
zero_semantics_C_volume_positive_turn_zero_stock_count,0,metric,,,,,,
zero_semantics_C_volume_positive_turn_zero_stock_day_rate,0.0,metric,,,,,,
zero_semantics_D_volume_zero_turn_positive_count,0,metric,,,,,,
zero_semantics_D_volume_zero_turn_positive_stock_count,0,metric,,,,,,
zero_semantics_D_volume_zero_turn_positive_stock_day_rate,0.0,metric,,,,,,
zero_semantics_E_turn_missing_suspended_count,12202,metric,,,,,,
zero_semantics_E_turn_missing_suspended_stock_count,1367,metric,,,,,,
zero_semantics_E_turn_missing_suspended_stock_day_rate,0.0016312195257592182,metric,,,,,,
zero_semantics_F_turn_missing_trading_count,0,metric,,,,,,
zero_semantics_F_turn_missing_trading_stock_count,0,metric,,,,,,
zero_semantics_F_turn_missing_trading_stock_day_rate,0.0,metric,,,,,,
,,board,CHINEXT,938.0,938.0,936.0,1.0,1408.0
,,board,SH_MAIN,1704.0,1704.0,1696.0,1.0,1408.0
,,board,STAR,606.0,606.0,605.0,1.0,1022.5
,,board,SZ_MAIN,1947.0,1947.0,1943.0,1.0,1330.0
