scope,covariate,periods,mean_spearman,median_spearman,p10_spearman,p90_spearman,positive_period_ratio,median_valid_count
ALL,log_amount_mean_20,56,1.0,1.0,0.9999999999999998,1.0,1.0,4815.0
ALL,log_qfq_signal_price,56,0.227051921114976,0.2185031177643341,0.13568374074022102,0.30678404332729486,1.0,4815.0
ALL,log_raw_signal_price,56,0.22204630311587834,0.2124069110954162,0.13034577275986542,0.30328466139921667,1.0,4815.0
ALL,vol20,56,0.4360382202640737,0.46630759675554234,0.20643601986542665,0.5882531444472033,0.9821428571428571,4813.0
ALL,log_total_market_cap,56,0.6638843659585802,0.6654318670629413,0.5974973360121959,0.7289550934952088,1.0,4813.0
ALL,log_circulating_market_cap,56,0.6515987669784341,0.6601039822405359,0.5754930214820906,0.7056330620687268,1.0,4813.0
ALL,return_60,56,0.2435493095194722,0.23741566642039175,0.07692088199960789,0.39618719225946586,0.9821428571428571,4815.0
LOW_RETURN,log_amount_mean_20,56,1.0,1.0,0.9999999999999999,1.0,1.0,1605.0
LOW_RETURN,log_qfq_signal_price,56,0.21739750382319326,0.22528463384555247,0.08891010140889888,0.34087659184199604,1.0,1605.0
LOW_RETURN,log_raw_signal_price,56,0.2122614085117521,0.21836071266929166,0.08174281353251499,0.33619868019922217,0.9821428571428571,1605.0
LOW_RETURN,vol20,56,0.3410963618231471,0.3730213336582744,0.07856661972238188,0.5256397726749247,0.9464285714285714,1605.0
LOW_RETURN,log_total_market_cap,56,0.7062260192895069,0.7189777750427643,0.63579644233329,0.7699520063674923,1.0,1603.0
LOW_RETURN,log_circulating_market_cap,56,0.6966218325223056,0.7013063240688342,0.6301102245556851,0.7735449508835877,1.0,1603.0
LOW_RETURN,return_60,56,-0.14329376279816675,-0.15417819422759949,-0.2440887008804875,-0.03890296685362235,0.07142857142857142,1605.0
MID_RETURN,log_amount_mean_20,56,1.0,1.0,0.9999999999999999,1.0,1.0,1605.0
MID_RETURN,log_qfq_signal_price,56,0.16833005976827856,0.16014680200796785,0.08031573882500796,0.25128086239674663,1.0,1605.0
MID_RETURN,log_raw_signal_price,56,0.16326403009139254,0.15326290053653602,0.07324824007000494,0.24878763797704345,1.0,1605.0
MID_RETURN,vol20,56,0.3731503307828902,0.39375793085388955,0.14964249454631529,0.5034794124785882,0.9821428571428571,1604.5
MID_RETURN,log_total_market_cap,56,0.676574419105639,0.6886818115312523,0.6136938322895609,0.7369641204360183,1.0,1605.0
MID_RETURN,log_circulating_market_cap,56,0.6557737879652501,0.6677467537493913,0.5949859120733278,0.7129433939708943,1.0,1605.0
MID_RETURN,return_60,56,0.07558435809346095,0.07167998223849835,-0.014759259964994005,0.16989803545139864,0.8214285714285714,1605.0
HIGH_RETURN,log_amount_mean_20,56,1.0,1.0,0.9999999999999999,1.0,1.0,1605.0
HIGH_RETURN,log_qfq_signal_price,56,0.19892678371309286,0.1966337638933224,0.11670768072932916,0.29647845989337035,1.0,1605.0
HIGH_RETURN,log_raw_signal_price,56,0.19337994580524318,0.19109891853710254,0.1098194624555169,0.2940974566680036,1.0,1605.0
HIGH_RETURN,vol20,56,0.4434690472975568,0.46931124610859726,0.2619759960747677,0.5844409020950729,0.9821428571428571,1603.5
HIGH_RETURN,log_total_market_cap,56,0.6354433295129809,0.6238112621740437,0.5404045820275822,0.7476888275644056,1.0,1605.0
HIGH_RETURN,log_circulating_market_cap,56,0.6281194094280185,0.6151032039545024,0.5342767631069345,0.7408379348604002,1.0,1605.0
HIGH_RETURN,return_60,56,0.3648217614554807,0.3571014418724694,0.293489158100087,0.4397770019979933,1.0,1605.0
