return_state,horizon,original_h5a_contrast,size_controlled_contrast,size_retention_ratio,row_type,valid_periods,median_contrast,direction_consistency,loo_sign_consistency,bootstrap_lower_90,bootstrap_upper_90,high_vol_contrast,low_vol_contrast,mid_vol_contrast,vol20_controlled_contrast,absolute_change,vol_retention_ratio,strata_same_direction,vol_state,mean_contrast,mean_difference,median_difference,standardized_difference,activity_state,periods,median_membership,minimum_membership,p10_membership,invalid_cell_horizons
LOW_RETURN,20.0,0.0186640009376483,0.0093648536704301,0.5017602443182323,original_size_vol20_comparison,56.0,0.019187828313413247,0.7142857142857143,1.0,0.012009781746238742,0.0244484515542397,0.023260797899027373,0.015387711797410341,0.016809387772874034,0.018749016158372076,8.501522072377685e-05,1.0045550373152996,True,,,,,,,,,,,
LOW_RETURN,60.0,0.0430955059907557,0.0174333845504146,0.4045290605046903,original_size_vol20_comparison,56.0,0.047778227244821836,0.8392857142857143,1.0,0.028870943348095437,0.05530081773461388,0.05382086515463537,0.03909313394849869,0.039427587302088306,0.04280657637404451,-0.00028892961671118933,0.9932955975323003,True,,,,,,,,,,,
LOW_RETURN,120.0,0.0788602033536377,0.0246539248037969,0.3126282174703483,original_size_vol20_comparison,56.0,0.09327680138122371,0.8214285714285714,1.0,0.0445456109099418,0.10158352604959407,0.08135965510866801,0.07082464149513312,0.07285256550667836,0.07495536580861538,-0.003904837545022327,0.9504840543269762,True,,,,,,,,,,,
MID_RETURN,20.0,-0.0165356671804417,-0.0078457115246001,0.4744720269817723,original_size_vol20_comparison,56.0,-0.01865248287956269,0.6964285714285714,1.0,-0.022474662638169034,-0.008089115362672272,-0.016944673339334464,-0.01477951457401252,-0.015561168188664985,-0.015712793039306772,0.0008228741411349279,0.950236411258433,True,,,,,,,,,,,
MID_RETURN,60.0,-0.0439586372164778,-0.0169628506334246,0.3858820861504365,original_size_vol20_comparison,56.0,-0.04744359548793314,0.8571428571428571,1.0,-0.05727843517052048,-0.023424073212995687,-0.04511926096130825,-0.03482974318690614,-0.044588911219077265,-0.04140381495539629,0.0025548222610815158,0.9418812223750229,True,,,,,,,,,,,
MID_RETURN,120.0,-0.0760209091959002,-0.0290867308953936,0.3826148779731017,original_size_vol20_comparison,56.0,-0.08629540869829333,0.8392857142857143,1.0,-0.10217343635115746,-0.03916585264492692,-0.0838193576775569,-0.053717760753780396,-0.07802126318138204,-0.0725254268328074,0.0034954823630928,0.9540194612236851,True,,,,,,,,,,,
HIGH_RETURN,20.0,-0.0205653778682583,-0.0203081933205446,0.9874942950544764,original_size_vol20_comparison,56.0,-0.020156989943612858,0.6607142857142857,1.0,-0.023532870746074974,-0.006001174054644853,-0.01518443078293293,-0.014595561261379553,-0.016407345427651484,-0.014897555387622455,0.0056678224806358465,0.7243997889587108,True,,,,,,,,,,,
HIGH_RETURN,60.0,-0.0559637540450014,-0.0518642366157072,0.9267469186216912,original_size_vol20_comparison,56.0,-0.040183470788045114,0.75,1.0,-0.06621474571848505,-0.019293449468868316,-0.060145439492797555,-0.041767517074748746,-0.03900171435616334,-0.043520425181362836,0.012443328863638567,0.7776537854549094,True,,,,,,,,,,,
HIGH_RETURN,120.0,-0.0966716449817025,-0.0794503198074168,0.8218575345692601,original_size_vol20_comparison,56.0,-0.09357681986406136,0.8392857142857143,1.0,-0.11384375111810992,-0.039273239611033184,-0.10657196795108914,-0.04422570901909996,-0.07751875069935832,-0.07802881166173388,0.01864283331996862,0.8071530351687174,True,,,,,,,,,,,
HIGH_RETURN,20.0,,,,vol_stratum_summary,53.0,-0.017498933464944064,0.6981132075471698,1.0,-0.025610664216014357,-0.004177056061030575,,,,,,,,HIGH_VOL,-0.01518443078293293,,,,,,,,,
HIGH_RETURN,60.0,,,,vol_stratum_summary,53.0,-0.04788724597439886,0.8113207547169812,1.0,-0.08273319464820689,-0.03855925311026386,,,,,,,,HIGH_VOL,-0.060145439492797555,,,,,,,,,
HIGH_RETURN,120.0,,,,vol_stratum_summary,53.0,-0.10303804435652586,0.8679245283018868,1.0,-0.14471552289187187,-0.06963009840079512,,,,,,,,HIGH_VOL,-0.10657196795108914,,,,,,,,,
HIGH_RETURN,20.0,,,,vol_stratum_summary,39.0,-0.0213295346541321,0.6666666666666666,1.0,-0.0281009306063148,0.00110391816473311,,,,,,,,LOW_VOL,-0.014595561261379553,,,,,,,,,
HIGH_RETURN,60.0,,,,vol_stratum_summary,39.0,-0.04817201689669809,0.8205128205128205,1.0,-0.079620763171417,0.0005091226750944109,,,,,,,,LOW_VOL,-0.041767517074748746,,,,,,,,,
HIGH_RETURN,120.0,,,,vol_stratum_summary,39.0,-0.09147744640872621,0.717948717948718,1.0,-0.10023871811352592,0.018551584894364787,,,,,,,,LOW_VOL,-0.04422570901909996,,,,,,,,,
HIGH_RETURN,20.0,,,,vol_stratum_summary,56.0,-0.01905291207348281,0.7142857142857143,1.0,-0.025693784963702455,-0.006027562368617881,,,,,,,,MID_VOL,-0.016407345427651484,,,,,,,,,
HIGH_RETURN,60.0,,,,vol_stratum_summary,56.0,-0.05043015523088601,0.7142857142857143,1.0,-0.06078686599050473,-0.01496070763914854,,,,,,,,MID_VOL,-0.03900171435616334,,,,,,,,,
HIGH_RETURN,120.0,,,,vol_stratum_summary,56.0,-0.08989438394006045,0.8214285714285714,1.0,-0.1099620065565867,-0.04179570305714523,,,,,,,,MID_VOL,-0.07751875069935832,,,,,,,,,
LOW_RETURN,20.0,,,,vol_stratum_summary,45.0,0.024400435724245363,0.7333333333333333,1.0,0.01628116000702383,0.03054526153204382,,,,,,,,HIGH_VOL,0.023260797899027373,,,,,,,,,
LOW_RETURN,60.0,,,,vol_stratum_summary,45.0,0.04249649139772159,0.7333333333333333,1.0,0.03840116140499211,0.0695589989123852,,,,,,,,HIGH_VOL,0.05382086515463537,,,,,,,,,
LOW_RETURN,120.0,,,,vol_stratum_summary,45.0,0.09362456427982972,0.7555555555555555,1.0,0.043254196698975685,0.11839212457611807,,,,,,,,HIGH_VOL,0.08135965510866801,,,,,,,,,
LOW_RETURN,20.0,,,,vol_stratum_summary,55.0,0.014803991410195356,0.7090909090909091,1.0,0.004150184608744294,0.023903690894550942,,,,,,,,LOW_VOL,0.015387711797410341,,,,,,,,,
LOW_RETURN,60.0,,,,vol_stratum_summary,55.0,0.04408535998257135,0.7818181818181819,1.0,0.01638863366659529,0.05750857675097294,,,,,,,,LOW_VOL,0.03909313394849869,,,,,,,,,
LOW_RETURN,120.0,,,,vol_stratum_summary,55.0,0.0835763564037878,0.7818181818181819,1.0,0.030208904432303126,0.10518886080565701,,,,,,,,LOW_VOL,0.07082464149513312,,,,,,,,,
LOW_RETURN,20.0,,,,vol_stratum_summary,56.0,0.019080618361562825,0.7142857142857143,1.0,0.00992617866152401,0.023087659516746458,,,,,,,,MID_VOL,0.016809387772874034,,,,,,,,,
LOW_RETURN,60.0,,,,vol_stratum_summary,56.0,0.05248094907185007,0.7857142857142857,1.0,0.024680549749717614,0.05321479065569849,,,,,,,,MID_VOL,0.039427587302088306,,,,,,,,,
LOW_RETURN,120.0,,,,vol_stratum_summary,56.0,0.0867884668511662,0.7857142857142857,1.0,0.0414774367742277,0.10242677587558492,,,,,,,,MID_VOL,0.07285256550667836,,,,,,,,,
MID_RETURN,20.0,,,,vol_stratum_summary,53.0,-0.014995252933393904,0.7358490566037735,1.0,-0.024377718643892834,-0.009423203635812259,,,,,,,,HIGH_VOL,-0.016944673339334464,,,,,,,,,
MID_RETURN,60.0,,,,vol_stratum_summary,53.0,-0.04869017011956937,0.7735849056603774,1.0,-0.061308189787526106,-0.028436131926806288,,,,,,,,HIGH_VOL,-0.04511926096130825,,,,,,,,,
MID_RETURN,120.0,,,,vol_stratum_summary,53.0,-0.09163641516577883,0.8679245283018868,1.0,-0.11254898560891351,-0.05622629132026499,,,,,,,,HIGH_VOL,-0.0838193576775569,,,,,,,,,
MID_RETURN,20.0,,,,vol_stratum_summary,56.0,-0.016832080171351425,0.7142857142857143,1.0,-0.024058028231127185,-0.0037329531703977573,,,,,,,,LOW_VOL,-0.01477951457401252,,,,,,,,,
MID_RETURN,60.0,,,,vol_stratum_summary,56.0,-0.040942509001082816,0.75,1.0,-0.05852729204537647,-0.006605670123430637,,,,,,,,LOW_VOL,-0.03482974318690614,,,,,,,,,
MID_RETURN,120.0,,,,vol_stratum_summary,56.0,-0.06847605985967595,0.8035714285714286,1.0,-0.09801023936673742,-0.0033786239398898754,,,,,,,,LOW_VOL,-0.053717760753780396,,,,,,,,,
MID_RETURN,20.0,,,,vol_stratum_summary,56.0,-0.018294319574071193,0.6964285714285714,1.0,-0.02259503760922244,-0.007539544064817281,,,,,,,,MID_VOL,-0.015561168188664985,,,,,,,,,
MID_RETURN,60.0,,,,vol_stratum_summary,56.0,-0.05134399572006261,0.8214285714285714,1.0,-0.06069581761988285,-0.026028398818457827,,,,,,,,MID_VOL,-0.044588911219077265,,,,,,,,,
MID_RETURN,120.0,,,,vol_stratum_summary,56.0,-0.10030312186650991,0.8392857142857143,1.0,-0.11034212915973049,-0.04128553663825462,,,,,,,,MID_VOL,-0.07802126318138204,,,,,,,,,
HIGH_RETURN,,,,,residual_vol20_imbalance,56.0,,1.0,,,,,,,,,,,HIGH_VOL,,0.16225206684023089,0.14457328711336764,0.9797631754560004,,,,,,
HIGH_RETURN,,,,,residual_vol20_imbalance,56.0,,0.5178571428571429,,,,,,,,,,,LOW_VOL,,-0.0018879156569595794,-0.0029880934340757725,0.0370788056557708,,,,,,
HIGH_RETURN,,,,,residual_vol20_imbalance,56.0,,0.9821428571428571,,,,,,,,,,,MID_VOL,,0.016198772116114955,0.01943694413153671,0.4038796655109687,,,,,,
LOW_RETURN,,,,,residual_vol20_imbalance,56.0,,0.9821428571428571,,,,,,,,,,,HIGH_VOL,,0.05694116717819147,0.048731190666229274,0.54943001985356,,,,,,
LOW_RETURN,,,,,residual_vol20_imbalance,56.0,,0.5714285714285714,,,,,,,,,,,LOW_VOL,,0.003102059037615901,0.008065621079006144,0.09738182247199055,,,,,,
LOW_RETURN,,,,,residual_vol20_imbalance,56.0,,0.8928571428571429,,,,,,,,,,,MID_VOL,,0.014538940226177697,0.02091083672912314,0.3597798675672679,,,,,,
MID_RETURN,,,,,residual_vol20_imbalance,56.0,,1.0,,,,,,,,,,,HIGH_VOL,,0.07535340137248037,0.05814932885659729,0.6791730871311993,,,,,,
MID_RETURN,,,,,residual_vol20_imbalance,56.0,,0.4642857142857143,,,,,,,,,,,LOW_VOL,,-0.0010946526592843693,0.0040222970767869876,-0.010685000483102553,,,,,,
MID_RETURN,,,,,residual_vol20_imbalance,56.0,,0.9464285714285714,,,,,,,,,,,MID_VOL,,0.014687752577606406,0.02016900492476123,0.36649640618687823,,,,,,
HIGH_RETURN,,,,,residual_size_imbalance,56.0,,1.0,,,,,,,,,,,HIGH_VOL,,1.1868993065483953,1.0730170416922906,1.6197587787295513,,,,,,
HIGH_RETURN,,,,,residual_size_imbalance,56.0,,1.0,,,,,,,,,,,LOW_VOL,,2.5113987807903695,2.3675547672545036,2.6663233989188995,,,,,,
HIGH_RETURN,,,,,residual_size_imbalance,56.0,,1.0,,,,,,,,,,,MID_VOL,,1.8841604143038375,1.8629605927843205,2.220555380180457,,,,,,
LOW_RETURN,,,,,residual_size_imbalance,56.0,,1.0,,,,,,,,,,,HIGH_VOL,,1.432528360521157,1.3370318090381978,1.9397401970769879,,,,,,
LOW_RETURN,,,,,residual_size_imbalance,56.0,,1.0,,,,,,,,,,,LOW_VOL,,2.28908259200379,2.1808917009102533,2.758510673612338,,,,,,
LOW_RETURN,,,,,residual_size_imbalance,56.0,,1.0,,,,,,,,,,,MID_VOL,,1.8541948753986806,1.7922457125200193,2.4815681330367556,,,,,,
MID_RETURN,,,,,residual_size_imbalance,56.0,,1.0,,,,,,,,,,,HIGH_VOL,,1.311276049865698,1.2025706755492394,1.77093795824308,,,,,,
MID_RETURN,,,,,residual_size_imbalance,56.0,,1.0,,,,,,,,,,,LOW_VOL,,2.5130127358767687,2.4022779715476528,2.776211450963657,,,,,,
MID_RETURN,,,,,residual_size_imbalance,56.0,,1.0,,,,,,,,,,,MID_VOL,,1.9094850323629993,1.9304159886399823,2.375726578599295,,,,,,
HIGH_RETURN,,,,,cell_size_summary,,,,,,,,,,,,,,HIGH_VOL,,,,,HIGH_ACTIVITY,56.0,538.0,171.0,380.0,0.0
HIGH_RETURN,,,,,cell_size_summary,,,,,,,,,,,,,,HIGH_VOL,,,,,LOW_ACTIVITY,56.0,62.0,13.0,30.0,9.0
HIGH_RETURN,,,,,cell_size_summary,,,,,,,,,,,,,,HIGH_VOL,,,,,MID_ACTIVITY,56.0,259.0,42.0,176.0,0.0
HIGH_RETURN,,,,,cell_size_summary,,,,,,,,,,,,,,LOW_VOL,,,,,HIGH_ACTIVITY,56.0,47.0,6.0,11.0,51.0
HIGH_RETURN,,,,,cell_size_summary,,,,,,,,,,,,,,LOW_VOL,,,,,LOW_ACTIVITY,56.0,95.0,10.0,31.0,6.0
HIGH_RETURN,,,,,cell_size_summary,,,,,,,,,,,,,,LOW_VOL,,,,,MID_ACTIVITY,56.0,68.0,14.0,18.0,24.0
HIGH_RETURN,,,,,cell_size_summary,,,,,,,,,,,,,,MID_VOL,,,,,HIGH_ACTIVITY,56.0,136.5,93.0,108.0,0.0
HIGH_RETURN,,,,,cell_size_summary,,,,,,,,,,,,,,MID_VOL,,,,,LOW_ACTIVITY,56.0,119.0,48.0,78.0,0.0
HIGH_RETURN,,,,,cell_size_summary,,,,,,,,,,,,,,MID_VOL,,,,,MID_ACTIVITY,56.0,166.5,110.0,137.0,0.0
LOW_RETURN,,,,,cell_size_summary,,,,,,,,,,,,,,HIGH_VOL,,,,,HIGH_ACTIVITY,56.0,148.5,31.0,79.0,0.0
LOW_RETURN,,,,,cell_size_summary,,,,,,,,,,,,,,HIGH_VOL,,,,,LOW_ACTIVITY,56.0,42.0,13.0,20.0,33.0
LOW_RETURN,,,,,cell_size_summary,,,,,,,,,,,,,,HIGH_VOL,,,,,MID_ACTIVITY,56.0,122.5,35.0,65.0,0.0
LOW_RETURN,,,,,cell_size_summary,,,,,,,,,,,,,,LOW_VOL,,,,,HIGH_ACTIVITY,56.0,93.0,24.0,53.0,3.0
LOW_RETURN,,,,,cell_size_summary,,,,,,,,,,,,,,LOW_VOL,,,,,LOW_ACTIVITY,56.0,300.5,28.0,171.0,0.0
LOW_RETURN,,,,,cell_size_summary,,,,,,,,,,,,,,LOW_VOL,,,,,MID_ACTIVITY,56.0,172.5,18.0,114.0,3.0
LOW_RETURN,,,,,cell_size_summary,,,,,,,,,,,,,,MID_VOL,,,,,HIGH_ACTIVITY,56.0,158.5,46.0,97.0,0.0
LOW_RETURN,,,,,cell_size_summary,,,,,,,,,,,,,,MID_VOL,,,,,LOW_ACTIVITY,56.0,200.5,133.0,143.0,0.0
LOW_RETURN,,,,,cell_size_summary,,,,,,,,,,,,,,MID_VOL,,,,,MID_ACTIVITY,56.0,216.0,165.0,178.0,0.0
MID_RETURN,,,,,cell_size_summary,,,,,,,,,,,,,,HIGH_VOL,,,,,HIGH_ACTIVITY,56.0,153.5,107.0,120.0,0.0
MID_RETURN,,,,,cell_size_summary,,,,,,,,,,,,,,HIGH_VOL,,,,,LOW_ACTIVITY,56.0,47.5,21.0,29.0,9.0
MID_RETURN,,,,,cell_size_summary,,,,,,,,,,,,,,HIGH_VOL,,,,,MID_ACTIVITY,56.0,132.0,94.0,102.0,0.0
MID_RETURN,,,,,cell_size_summary,,,,,,,,,,,,,,LOW_VOL,,,,,HIGH_ACTIVITY,56.0,94.5,51.0,61.0,0.0
MID_RETURN,,,,,cell_size_summary,,,,,,,,,,,,,,LOW_VOL,,,,,LOW_ACTIVITY,56.0,396.0,187.0,295.0,0.0
MID_RETURN,,,,,cell_size_summary,,,,,,,,,,,,,,LOW_VOL,,,,,MID_ACTIVITY,56.0,192.0,115.0,144.0,0.0
MID_RETURN,,,,,cell_size_summary,,,,,,,,,,,,,,MID_VOL,,,,,HIGH_ACTIVITY,56.0,121.5,81.0,92.0,0.0
MID_RETURN,,,,,cell_size_summary,,,,,,,,,,,,,,MID_VOL,,,,,LOW_ACTIVITY,56.0,210.0,137.0,159.0,0.0
MID_RETURN,,,,,cell_size_summary,,,,,,,,,,,,,,MID_VOL,,,,,MID_ACTIVITY,56.0,198.5,147.0,166.0,0.0
