stock_code,board,size_quartile,raw_p1_upper_bound,request_start,request_end,source,status,api_status,attempts,row_count,earliest_event,latest_event,error,fetch_time,returned_fields,runtime_seconds,cninfo_status,cninfo_error,cninfo_missing_ex_dates,external_known_events
603293,SH_MAIN,Q1_SMALL,0,2020-01-01,2026-05-12,BAOSTOCK_QUERY_ADJUST_FACTOR,SUCCESS_WITH_EVENTS,0,1,1,2026-04-16,2026-04-16,,2026-08-31T18:57:42.404426+08:00,code|dividOperateDate|foreAdjustFactor|backAdjustFactor|adjustFactor,3.111865399994713,SUCCESS,,,0
603216,SH_MAIN,Q1_SMALL,1009,2020-01-01,2026-05-12,BAOSTOCK_QUERY_ADJUST_FACTOR,SUCCESS_WITH_EVENTS,0,1,5,2021-12-15,2025-06-03,,2026-08-31T18:57:42.627897+08:00,code|dividOperateDate|foreAdjustFactor|backAdjustFactor|adjustFactor,0.1097031000026618,SUCCESS,,,4
603045,SH_MAIN,Q1_SMALL,1457,2020-01-01,2026-05-12,BAOSTOCK_QUERY_ADJUST_FACTOR,SUCCESS_WITH_EVENTS,0,1,5,2020-07-20,2025-06-11,,2026-08-31T18:57:43.045202+08:00,code|dividOperateDate|foreAdjustFactor|backAdjustFactor|adjustFactor,0.315431199996965,SUCCESS,,,5
600791,SH_MAIN,Q1_SMALL,1514,2020-01-01,2026-05-12,BAOSTOCK_QUERY_ADJUST_FACTOR,SUCCESS_WITH_EVENTS,0,1,3,2020-06-30,2023-07-21,,2026-08-31T18:57:43.209893+08:00,code|dividOperateDate|foreAdjustFactor|backAdjustFactor|adjustFactor,0.0616836999979568,SUCCESS,,,3
603982,SH_MAIN,Q1_SMALL,1514,2020-01-01,2026-05-12,BAOSTOCK_QUERY_ADJUST_FACTOR,SUCCESS_WITH_EVENTS,0,1,3,2020-07-15,2022-07-21,,2026-08-31T18:57:43.359880+08:00,code|dividOperateDate|foreAdjustFactor|backAdjustFactor|adjustFactor,0.0477866000001085,SUCCESS,,,3
603459,SH_MAIN,Q2,0,2020-01-01,2026-05-12,BAOSTOCK_QUERY_ADJUST_FACTOR,SUCCESS_WITH_EVENTS,0,1,1,2026-04-08,2026-04-08,,2026-08-31T18:57:43.504737+08:00,code|dividOperateDate|foreAdjustFactor|backAdjustFactor|adjustFactor,0.0430775999993784,SUCCESS,,,0
600962,SH_MAIN,Q2,1481,2020-01-01,2026-05-12,BAOSTOCK_QUERY_ADJUST_FACTOR,SUCCESS_NO_EVENTS,0,2,0,,,,2026-08-31T18:59:49.344278+08:00,code|dividOperateDate|foreAdjustFactor|backAdjustFactor|adjustFactor,1.810542200000782,SUCCESS,,,0
600571,SH_MAIN,Q2,1514,2020-01-01,2026-05-12,BAOSTOCK_QUERY_ADJUST_FACTOR,SUCCESS_WITH_EVENTS,0,1,5,2020-07-10,2025-07-24,,2026-08-31T18:57:43.807357+08:00,code|dividOperateDate|foreAdjustFactor|backAdjustFactor|adjustFactor,0.0445527999982005,SUCCESS,,,5
603158,SH_MAIN,Q2,1514,2020-01-01,2026-05-12,BAOSTOCK_QUERY_ADJUST_FACTOR,SUCCESS_WITH_EVENTS,0,1,6,2020-06-19,2025-06-20,,2026-08-31T18:57:44.218142+08:00,code|dividOperateDate|foreAdjustFactor|backAdjustFactor|adjustFactor,0.3080821000039577,SUCCESS,,,6
603999,SH_MAIN,Q2,1514,2020-01-01,2026-05-12,BAOSTOCK_QUERY_ADJUST_FACTOR,SUCCESS_WITH_EVENTS,0,1,6,2020-07-10,2025-06-13,,2026-08-31T18:57:44.360346+08:00,code|dividOperateDate|foreAdjustFactor|backAdjustFactor|adjustFactor,0.0401170999975875,SUCCESS,,,6
603341,SH_MAIN,Q3,507,2020-01-01,2026-05-12,BAOSTOCK_QUERY_ADJUST_FACTOR,SUCCESS_WITH_EVENTS,0,1,3,2024-03-01,2025-06-10,,2026-08-31T18:57:44.520935+08:00,code|dividOperateDate|foreAdjustFactor|backAdjustFactor|adjustFactor,0.0583192999984021,SUCCESS,,,2
600116,SH_MAIN,Q3,1490,2020-01-01,2026-05-12,BAOSTOCK_QUERY_ADJUST_FACTOR,SUCCESS_WITH_EVENTS,0,1,9,2020-05-19,2026-02-09,,2026-08-31T18:57:44.940866+08:00,code|dividOperateDate|foreAdjustFactor|backAdjustFactor|adjustFactor,0.3163974999988568,SUCCESS,,,8
600587,SH_MAIN,Q3,1514,2020-01-01,2026-05-12,BAOSTOCK_QUERY_ADJUST_FACTOR,SUCCESS_WITH_EVENTS,0,1,7,2020-06-30,2025-10-24,,2026-08-31T18:57:45.110020+08:00,code|dividOperateDate|foreAdjustFactor|backAdjustFactor|adjustFactor,0.0663433000008808,SUCCESS,,,7
601882,SH_MAIN,Q3,1514,2020-01-01,2026-05-12,BAOSTOCK_QUERY_ADJUST_FACTOR,SUCCESS_WITH_EVENTS,0,1,8,2020-04-24,2026-04-30,,2026-08-31T18:57:45.518442+08:00,code|dividOperateDate|foreAdjustFactor|backAdjustFactor|adjustFactor,0.3061989999987418,SUCCESS,,,8
603997,SH_MAIN,Q3,1514,2020-01-01,2026-05-12,BAOSTOCK_QUERY_ADJUST_FACTOR,SUCCESS_WITH_EVENTS,0,1,2,2020-05-07,2021-09-13,,2026-08-31T18:57:46.225379+08:00,code|dividOperateDate|foreAdjustFactor|backAdjustFactor|adjustFactor,0.6047810000018217,SUCCESS,,,2
600930,SH_MAIN,Q4_LARGE,174,2020-01-01,2026-05-12,BAOSTOCK_QUERY_ADJUST_FACTOR,SUCCESS_WITH_EVENTS,0,1,2,2025-07-16,2026-02-11,,2026-08-31T18:57:46.395551+08:00,code|dividOperateDate|foreAdjustFactor|backAdjustFactor|adjustFactor,0.0677209000059519,SUCCESS,,,1
600019,SH_MAIN,Q4_LARGE,1514,2020-01-01,2026-05-12,BAOSTOCK_QUERY_ADJUST_FACTOR,SUCCESS_WITH_EVENTS,0,1,11,2020-06-03,2025-09-24,,2026-08-31T18:57:46.550338+08:00,code|dividOperateDate|foreAdjustFactor|backAdjustFactor|adjustFactor,0.0522906999976839,SUCCESS,,,11
600612,SH_MAIN,Q4_LARGE,1514,2020-01-01,2026-05-12,BAOSTOCK_QUERY_ADJUST_FACTOR,SUCCESS_WITH_EVENTS,0,1,7,2020-08-03,2025-09-26,,2026-08-31T18:57:47.244308+08:00,code|dividOperateDate|foreAdjustFactor|backAdjustFactor|adjustFactor,0.5914305999976932,SUCCESS,,,7
601658,SH_MAIN,Q4_LARGE,1514,2020-01-01,2026-05-12,BAOSTOCK_QUERY_ADJUST_FACTOR,SUCCESS_WITH_EVENTS,0,1,8,2020-06-10,2026-01-12,,2026-08-31T18:57:47.449777+08:00,code|dividOperateDate|foreAdjustFactor|backAdjustFactor|adjustFactor,0.1031950999968103,SUCCESS,,,8
603993,SH_MAIN,Q4_LARGE,1514,2020-01-01,2026-05-12,BAOSTOCK_QUERY_ADJUST_FACTOR,SUCCESS_WITH_EVENTS,0,1,6,2020-06-30,2025-06-27,,2026-08-31T18:57:47.881874+08:00,code|dividOperateDate|foreAdjustFactor|backAdjustFactor|adjustFactor,0.3296228999970481,SUCCESS,,,6
001257,SZ_MAIN,Q1_SMALL,4,2020-01-01,2026-05-12,BAOSTOCK_QUERY_ADJUST_FACTOR,SUCCESS_WITH_EVENTS,0,1,1,2026-03-31,2026-03-31,,2026-08-31T18:57:49.158188+08:00,code|dividOperateDate|foreAdjustFactor|backAdjustFactor|adjustFactor,1.1735279999993509,SUCCESS,,,0
001207,SZ_MAIN,Q1_SMALL,1159,2020-01-01,2026-05-12,BAOSTOCK_QUERY_ADJUST_FACTOR,SUCCESS_WITH_EVENTS,0,1,8,2021-06-23,2026-04-08,,2026-08-31T18:57:49.306781+08:00,code|dividOperateDate|foreAdjustFactor|backAdjustFactor|adjustFactor,0.046109000002616,SUCCESS,,,7
002853,SZ_MAIN,Q1_SMALL,1486,2020-01-01,2026-05-12,BAOSTOCK_QUERY_ADJUST_FACTOR,SUCCESS_WITH_EVENTS,0,1,3,2020-06-18,2024-07-09,,2026-08-31T18:57:49.727753+08:00,code|dividOperateDate|foreAdjustFactor|backAdjustFactor|adjustFactor,0.318151300001773,SUCCESS,,,3
002495,SZ_MAIN,Q1_SMALL,1514,2020-01-01,2026-05-12,BAOSTOCK_QUERY_ADJUST_FACTOR,SUCCESS_WITH_EVENTS,0,1,2,2021-06-02,2025-06-05,,2026-08-31T18:57:49.982104+08:00,code|dividOperateDate|foreAdjustFactor|backAdjustFactor|adjustFactor,0.1516676999963238,SUCCESS,,,2
002972,SZ_MAIN,Q1_SMALL,1514,2020-01-01,2026-05-12,BAOSTOCK_QUERY_ADJUST_FACTOR,SUCCESS_WITH_EVENTS,0,1,9,2020-05-19,2026-04-29,,2026-08-31T18:57:50.418615+08:00,code|dividOperateDate|foreAdjustFactor|backAdjustFactor|adjustFactor,0.3338394999955199,SUCCESS,,,9
001330,SZ_MAIN,Q2,877,2020-01-01,2026-05-12,BAOSTOCK_QUERY_ADJUST_FACTOR,SUCCESS_WITH_EVENTS,0,1,1,2022-08-18,2022-08-18,,2026-08-31T18:57:50.580938+08:00,code|dividOperateDate|foreAdjustFactor|backAdjustFactor|adjustFactor,0.0598329999993438,SUCCESS,,,0
002878,SZ_MAIN,Q2,1487,2020-01-01,2026-05-12,BAOSTOCK_QUERY_ADJUST_FACTOR,SUCCESS_WITH_EVENTS,0,1,5,2020-06-19,2024-05-28,,2026-08-31T18:57:50.744017+08:00,code|dividOperateDate|foreAdjustFactor|backAdjustFactor|adjustFactor,0.0603857999958563,SUCCESS,,,5
002095,SZ_MAIN,Q2,1514,2020-01-01,2026-05-12,BAOSTOCK_QUERY_ADJUST_FACTOR,SUCCESS_WITH_EVENTS,0,1,5,2020-07-23,2025-06-06,,2026-08-31T18:57:50.913453+08:00,code|dividOperateDate|foreAdjustFactor|backAdjustFactor|adjustFactor,0.0673554000022704,SUCCESS,,,5
002548,SZ_MAIN,Q2,1514,2020-01-01,2026-05-12,BAOSTOCK_QUERY_ADJUST_FACTOR,SUCCESS_WITH_EVENTS,0,1,2,2020-06-15,2021-06-25,,2026-08-31T18:57:51.377281+08:00,code|dividOperateDate|foreAdjustFactor|backAdjustFactor|adjustFactor,0.3608606999987387,SUCCESS,,,2
002970,SZ_MAIN,Q2,1514,2020-01-01,2026-05-12,BAOSTOCK_QUERY_ADJUST_FACTOR,SUCCESS_WITH_EVENTS,0,1,9,2020-05-21,2026-04-29,,2026-08-31T18:57:51.529272+08:00,code|dividOperateDate|foreAdjustFactor|backAdjustFactor|adjustFactor,0.0497998000064399,SUCCESS,,,9
001280,SZ_MAIN,Q3,80,2020-01-01,2026-05-12,BAOSTOCK_QUERY_ADJUST_FACTOR,SUCCESS_WITH_EVENTS,0,1,1,2025-12-03,2025-12-03,,2026-08-31T18:57:51.975580+08:00,code|dividOperateDate|foreAdjustFactor|backAdjustFactor|adjustFactor,0.3441371000008075,SUCCESS,,,0
000028,SZ_MAIN,Q3,1514,2020-01-01,2026-05-12,BAOSTOCK_QUERY_ADJUST_FACTOR,SUCCESS_WITH_EVENTS,0,1,6,2020-06-18,2025-06-25,,2026-08-31T18:57:52.687937+08:00,code|dividOperateDate|foreAdjustFactor|backAdjustFactor|adjustFactor,0.609928800004127,SUCCESS,,,6
002020,SZ_MAIN,Q3,1514,2020-01-01,2026-05-12,BAOSTOCK_QUERY_ADJUST_FACTOR,SUCCESS_WITH_EVENTS,0,1,6,2020-06-01,2025-05-29,,2026-08-31T18:57:52.833385+08:00,code|dividOperateDate|foreAdjustFactor|backAdjustFactor|adjustFactor,0.0421254000029875,SUCCESS,,,6
002400,SZ_MAIN,Q3,1514,2020-01-01,2026-05-12,BAOSTOCK_QUERY_ADJUST_FACTOR,SUCCESS_WITH_EVENTS,0,1,6,2020-06-16,2025-12-31,,2026-08-31T18:57:52.980199+08:00,code|dividOperateDate|foreAdjustFactor|backAdjustFactor|adjustFactor,0.0444673000019975,SUCCESS,,,6
002967,SZ_MAIN,Q3,1514,2020-01-01,2026-05-12,BAOSTOCK_QUERY_ADJUST_FACTOR,SUCCESS_WITH_EVENTS,0,1,7,2020-04-27,2025-09-26,,2026-08-31T18:57:53.147235+08:00,code|dividOperateDate|foreAdjustFactor|backAdjustFactor|adjustFactor,0.06447389999812,SUCCESS,,,7
001289,SZ_MAIN,Q4_LARGE,1014,2020-01-01,2026-05-12,BAOSTOCK_QUERY_ADJUST_FACTOR,SUCCESS_WITH_EVENTS,0,1,6,2022-01-24,2025-12-29,,2026-08-31T18:57:53.291966+08:00,code|dividOperateDate|foreAdjustFactor|backAdjustFactor|adjustFactor,0.0418637999973725,SUCCESS,,,5
000062,SZ_MAIN,Q4_LARGE,1514,2020-01-01,2026-05-12,BAOSTOCK_QUERY_ADJUST_FACTOR,SUCCESS_WITH_EVENTS,0,1,11,2020-05-08,2026-04-29,,2026-08-31T18:57:53.438000+08:00,code|dividOperateDate|foreAdjustFactor|backAdjustFactor|adjustFactor,0.0435395000022253,SUCCESS,,,11
000967,SZ_MAIN,Q4_LARGE,1514,2020-01-01,2026-05-12,BAOSTOCK_QUERY_ADJUST_FACTOR,SUCCESS_WITH_EVENTS,0,1,6,2020-07-10,2025-07-28,,2026-08-31T18:57:53.590126+08:00,code|dividOperateDate|foreAdjustFactor|backAdjustFactor|adjustFactor,0.049049000001105,SUCCESS,,,6
002407,SZ_MAIN,Q4_LARGE,1514,2020-01-01,2026-05-12,BAOSTOCK_QUERY_ADJUST_FACTOR,SUCCESS_WITH_EVENTS,0,1,6,2020-05-27,2025-07-09,,2026-08-31T18:57:53.738655+08:00,code|dividOperateDate|foreAdjustFactor|backAdjustFactor|adjustFactor,0.0458990000042831,SUCCESS,,,6
003816,SZ_MAIN,Q4_LARGE,1514,2020-01-01,2026-05-12,BAOSTOCK_QUERY_ADJUST_FACTOR,SUCCESS_WITH_EVENTS,0,1,6,2020-07-10,2025-07-03,,2026-08-31T18:57:53.898510+08:00,code|dividOperateDate|foreAdjustFactor|backAdjustFactor|adjustFactor,0.0568619999976363,SUCCESS,,,6
