basis,min_rows,stock_count,share_of_main_board_candidate,median_nobs,p10_nobs,p90_nobs,SH_MAIN,SZ_MAIN,mean_size,median_size,history_p10,history_median,history_p90,start_date_min,start_date_median,start_date_max,size_quartile_inclusion_spread,spearman_rows_log_size,candidate_pool_spearman_rows_log_size,certification,Q1_SMALL_inclusion_rate,Q2_inclusion_rate,Q3_inclusion_rate,Q4_LARGE_inclusion_rate
RAW_FULL_UPPER_BOUND,750,2668,0.9562724014336917,1514.0,1348.7,1514.0,1448,1220,20867406841.07145,6532787880.402788,1373.0,1536.0,1536.0,2020-01-02 00:00:00,2020-01-02 00:00:00,2023-02-27 00:00:00,0.14347202295552364,0.26782268474588145,0.34620701319487945,UPPER_BOUND_ONLY_EXCLUDES_NEITHER_CA_NOR_GARCH_FAILURES,0.8536585365853658,0.9885222381635581,0.9856527977044476,0.9971305595408895
RAW_FULL_UPPER_BOUND,1000,2601,0.932258064516129,1514.0,1429.0,1514.0,1419,1182,21317182737.40048,6693756283.6103945,1504.0,1536.0,1536.0,2020-01-02 00:00:00,2020-01-02 00:00:00,2022-02-18 00:00:00,0.2195121951219513,0.21796961472164028,0.34620701319487945,UPPER_BOUND_ONLY_EXCLUDES_NEITHER_CA_NOR_GARCH_FAILURES,0.776183644189383,0.975609756097561,0.9813486370157819,0.9956958393113343
RAW_FULL_UPPER_BOUND,1250,2481,0.889247311827957,1514.0,1458.0,1514.0,1332,1149,21942402204.39424,6979570182.213709,1525.0,1536.0,1536.0,2020-01-02 00:00:00,2020-01-02 00:00:00,2021-01-29 00:00:00,0.3055954088952654,0.158573222160073,0.34620701319487945,UPPER_BOUND_ONLY_EXCLUDES_NEITHER_CA_NOR_GARCH_FAILURES,0.6771879483500718,0.93974175035868,0.9569583931133429,0.9827833572453372
RAW_FULL_UPPER_BOUND,1500,1822,0.6530465949820788,1514.0,1514.0,1514.0,972,850,24397025113.98378,7609638656.916311,1536.0,1536.0,1536.0,2020-01-02 00:00:00,2020-01-02 00:00:00,2020-01-16 00:00:00,0.3629842180774749,0.012634509010089076,0.34620701319487945,UPPER_BOUND_ONLY_EXCLUDES_NEITHER_CA_NOR_GARCH_FAILURES,0.41606886657101866,0.6743185078909613,0.7417503586800573,0.7790530846484935
OVERLAP_UPPER_BOUND,750,2668,0.9562724014336917,1296.0,1241.0,1296.0,1448,1220,20867406841.07145,6532787880.402788,1373.0,1536.0,1536.0,2020-12-29 00:00:00,2020-12-29 00:00:00,2023-03-29 00:00:00,0.14347202295552364,0.23163923667168537,0.31988571233933777,UPPER_BOUND_ONLY_EXCLUDES_NEITHER_CA_NOR_GARCH_FAILURES,0.8536585365853658,0.9885222381635581,0.9856527977044476,0.9971305595408895
OVERLAP_UPPER_BOUND,1000,2601,0.932258064516129,1296.0,1263.0,1296.0,1419,1182,21317182737.40048,6693756283.6103945,1504.0,1536.0,1536.0,2020-12-29 00:00:00,2020-12-29 00:00:00,2022-03-22 00:00:00,0.2195121951219513,0.1741175293006577,0.31988571233933777,UPPER_BOUND_ONLY_EXCLUDES_NEITHER_CA_NOR_GARCH_FAILURES,0.776183644189383,0.975609756097561,0.9813486370157819,0.9956958393113343
OVERLAP_UPPER_BOUND,1250,2366,0.8480286738351255,1296.0,1269.0,1296.0,1263,1103,22097367163.483646,7054434948.932819,1526.0,1536.0,1536.0,2020-12-29 00:00:00,2020-12-29 00:00:00,2021-03-09 00:00:00,0.30989956958393117,0.10304382352418293,0.31988571233933777,UPPER_BOUND_ONLY_EXCLUDES_NEITHER_CA_NOR_GARCH_FAILURES,0.6370157819225251,0.896700143472023,0.9110473457675753,0.9469153515064562
OVERLAP_UPPER_BOUND,1500,0,0.0,,,,0,0,,,,,,NaT,NaT,NaT,0.0,,0.31988571233933777,UPPER_BOUND_ONLY_EXCLUDES_NEITHER_CA_NOR_GARCH_FAILURES,0.0,0.0,0.0,0.0
FINAL_POTENTIAL_H8_ROWS,750,UNKNOWN,UNKNOWN,UNKNOWN,UNKNOWN,UNKNOWN,UNKNOWN,UNKNOWN,UNKNOWN,UNKNOWN,UNKNOWN,UNKNOWN,UNKNOWN,UNKNOWN,UNKNOWN,UNKNOWN,UNKNOWN,UNKNOWN,UNKNOWN,UNRESOLVED_PRICE_AND_FINAL_GARCH_ROWS,UNKNOWN,UNKNOWN,UNKNOWN,UNKNOWN
FINAL_POTENTIAL_H8_ROWS,1000,UNKNOWN,UNKNOWN,UNKNOWN,UNKNOWN,UNKNOWN,UNKNOWN,UNKNOWN,UNKNOWN,UNKNOWN,UNKNOWN,UNKNOWN,UNKNOWN,UNKNOWN,UNKNOWN,UNKNOWN,UNKNOWN,UNKNOWN,UNKNOWN,UNRESOLVED_PRICE_AND_FINAL_GARCH_ROWS,UNKNOWN,UNKNOWN,UNKNOWN,UNKNOWN
FINAL_POTENTIAL_H8_ROWS,1250,UNKNOWN,UNKNOWN,UNKNOWN,UNKNOWN,UNKNOWN,UNKNOWN,UNKNOWN,UNKNOWN,UNKNOWN,UNKNOWN,UNKNOWN,UNKNOWN,UNKNOWN,UNKNOWN,UNKNOWN,UNKNOWN,UNKNOWN,UNKNOWN,UNRESOLVED_PRICE_AND_FINAL_GARCH_ROWS,UNKNOWN,UNKNOWN,UNKNOWN,UNKNOWN
FINAL_POTENTIAL_H8_ROWS,1500,UNKNOWN,UNKNOWN,UNKNOWN,UNKNOWN,UNKNOWN,UNKNOWN,UNKNOWN,UNKNOWN,UNKNOWN,UNKNOWN,UNKNOWN,UNKNOWN,UNKNOWN,UNKNOWN,UNKNOWN,UNKNOWN,UNKNOWN,UNKNOWN,UNRESOLVED_PRICE_AND_FINAL_GARCH_ROWS,UNKNOWN,UNKNOWN,UNKNOWN,UNKNOWN
