代码	公司	实际产业链位置	当前可确认的业务证据	商业航天证据强度	建议分类
2792	通宇通讯	星载天线、地面站、卫星终端	"已形成“星—地—端”布局；星载相控阵天线已小批量应用于低轨通信卫星；2024年卫星通信业务收入约4,280万元"	强	核心保留
300101	振芯科技	北斗芯片、模块、终端及系统应用	已构建“元器件—终端—系统及应用”完整产业链，覆盖定位、导航、授时和短报文通信	中强	保留，但标注卫星应用型
2049	紫光国微	宇航级特种集成电路	宇航用耐辐照产品已推向市场，并推进高可靠芯片封装及量产导入	中强	保留，关键上游配套
2935	天奥电子	时间频率、原子钟、北斗终端及授时	主营时间频率和北斗卫星应用产品，相关产品面向卫星互联网、北斗综合PNT及高精度授时等领域	中等	保留观察
2544	普天科技	应急卫星通信、北斗融合通信、地面系统	提供应急卫星通信网、天通北斗融合通信等解决方案，但整体仍是综合专网通信和信息服务企业	中等	保留观察
300627	华测导航	高精度GNSS及卫星导航应用	掌握GNSS算法、芯片、星地增强和行业定位解决方案；业务主要落地于测绘、基建、机器人、自动驾驶等地面应用	中等	卫星应用层保留
1208	华菱线缆	航空航天特种电缆	航空航天及融合装备用电缆属于公司特种电缆系列，但披露收入同时涵盖数据通信、机器人、轨交等多个领域	中弱	观察名单
2361	神剑股份	军用复材结构件、航空航天配套	年报明确其复材零部件业务主要为军用装备配套；同时化工新材料仍是重要主业，未见明确商业航天收入拆分	弱	建议移出核心池
2446	盛路通信	特种通信、微波毫米波、天线	技术和经营范围具备卫星通信相关性，但现有正式披露不足以证明低轨卫星或商业航天已经形成显著收入与批量交付	弱	观察或移出核心池
300629	新劲刚	特殊应用射频微波组件	报告主要讨论卫星互联网对射频组件的潜在需求；实际业务仍以特殊应用和国防电子相关产品为主，未见商业航天收入证据	弱	建议移出核心池
901	航天科技	集团航天任务及航天电子配套	根据你的人工核查，其航天属性主要来自集团任务，缺少市场化商业航天业务独立证据	人工确认：弱	移出商业航天核心池
301050	雷电微力	毫米波有源相控阵军工电子	根据你的人工核查，现有主业仍是军工电子，商业航天仅处于布局或发展阶段	人工确认：弱	移出商业航天核心池
