db_symbol,code,exchange,endpoint,status,start_date,end_date,cache_before_rows,cache_before_min_date,cache_before_max_date,query_windows,rows_fetched,cache_after_rows,cache_after_min_date,cache_after_max_date,elapsed_ms
SZ_000978,000978,SZ,price,success,2023-01-01,2026-06-16,0,,,2023-01-01..2026-06-16,833,833,2023-01-03,2026-06-15,133
SZ_000980,000980,SZ,price,success,2023-01-01,2026-06-16,0,,,2023-01-01..2026-06-16,833,833,2023-01-03,2026-06-15,76
SZ_000981,000981,SZ,price,success,2023-01-01,2026-06-16,0,,,2023-01-01..2026-06-16,833,833,2023-01-03,2026-06-15,77
SZ_000983,000983,SZ,price,success,2023-01-01,2026-06-16,0,,,2023-01-01..2026-06-16,833,833,2023-01-03,2026-06-15,76
SZ_000985,000985,SZ,price,success,2023-01-01,2026-06-16,0,,,2023-01-01..2026-06-16,833,833,2023-01-03,2026-06-15,76
SZ_000987,000987,SZ,price,success,2023-01-01,2026-06-16,0,,,2023-01-01..2026-06-16,833,833,2023-01-03,2026-06-15,114
SZ_000988,000988,SZ,price,success,2023-01-01,2026-06-16,0,,,2023-01-01..2026-06-16,833,833,2023-01-03,2026-06-15,80
SZ_000989,000989,SZ,price,success,2023-01-01,2026-06-16,0,,,2023-01-01..2026-06-16,831,831,2023-01-03,2026-06-15,75
SZ_000990,000990,SZ,price,success,2023-01-01,2026-06-16,0,,,2023-01-01..2026-06-16,833,833,2023-01-03,2026-06-15,71
SZ_000993,000993,SZ,price,success,2023-01-01,2026-06-16,0,,,2023-01-01..2026-06-16,833,833,2023-01-03,2026-06-15,80
SZ_000995,000995,SZ,price,success,2023-01-01,2026-06-16,0,,,2023-01-01..2026-06-16,832,832,2023-01-03,2026-06-15,75
SZ_000997,000997,SZ,price,success,2023-01-01,2026-06-16,0,,,2023-01-01..2026-06-16,833,833,2023-01-03,2026-06-15,83
SZ_000998,000998,SZ,price,success,2023-01-01,2026-06-16,0,,,2023-01-01..2026-06-16,833,833,2023-01-03,2026-06-15,79
SZ_000999,000999,SZ,price,success,2023-01-01,2026-06-16,0,,,2023-01-01..2026-06-16,833,833,2023-01-03,2026-06-15,84
SZ_001201,001201,SZ,price,success,2023-01-01,2026-06-16,0,,,2023-01-01..2026-06-16,833,833,2023-01-03,2026-06-15,77
SZ_001202,001202,SZ,price,success,2023-01-01,2026-06-16,0,,,2023-01-01..2026-06-16,833,833,2023-01-03,2026-06-15,90
SZ_001203,001203,SZ,price,success,2023-01-01,2026-06-16,0,,,2023-01-01..2026-06-16,833,833,2023-01-03,2026-06-15,78
SZ_001205,001205,SZ,price,success,2023-01-01,2026-06-16,0,,,2023-01-01..2026-06-16,833,833,2023-01-03,2026-06-15,77
SZ_001206,001206,SZ,price,success,2023-01-01,2026-06-16,0,,,2023-01-01..2026-06-16,824,824,2023-01-03,2026-06-15,74
SZ_001207,001207,SZ,price,success,2023-01-01,2026-06-16,0,,,2023-01-01..2026-06-16,833,833,2023-01-03,2026-06-15,70
SZ_001208,001208,SZ,price,success,2023-01-01,2026-06-16,0,,,2023-01-01..2026-06-16,833,833,2023-01-03,2026-06-15,74
SZ_001209,001209,SZ,price,success,2023-01-01,2026-06-16,0,,,2023-01-01..2026-06-16,833,833,2023-01-03,2026-06-15,74
SZ_001210,001210,SZ,price,success,2023-01-01,2026-06-16,0,,,2023-01-01..2026-06-16,833,833,2023-01-03,2026-06-15,73
SZ_001211,001211,SZ,price,success,2023-01-01,2026-06-16,0,,,2023-01-01..2026-06-16,833,833,2023-01-03,2026-06-15,80
SZ_001212,001212,SZ,price,success,2023-01-01,2026-06-16,0,,,2023-01-01..2026-06-16,831,831,2023-01-03,2026-06-15,76
SZ_001213,001213,SZ,price,success,2023-01-01,2026-06-16,0,,,2023-01-01..2026-06-16,833,833,2023-01-03,2026-06-15,74
SZ_001215,001215,SZ,price,success,2023-01-01,2026-06-16,0,,,2023-01-01..2026-06-16,833,833,2023-01-03,2026-06-15,71
SZ_001216,001216,SZ,price,success,2023-01-01,2026-06-16,0,,,2023-01-01..2026-06-16,833,833,2023-01-03,2026-06-15,71
SZ_001217,001217,SZ,price,success,2023-01-01,2026-06-16,0,,,2023-01-01..2026-06-16,833,833,2023-01-03,2026-06-15,82
SZ_001218,001218,SZ,price,success,2023-01-01,2026-06-16,0,,,2023-01-01..2026-06-16,833,833,2023-01-03,2026-06-15,77
SZ_001219,001219,SZ,price,success,2023-01-01,2026-06-16,0,,,2023-01-01..2026-06-16,833,833,2023-01-03,2026-06-15,73
SZ_001220,001220,SZ,price,success,2023-01-01,2026-06-16,0,,,2023-01-01..2026-06-16,85,85,2026-02-03,2026-06-15,47
SZ_001221,001221,SZ,price,success,2023-01-01,2026-06-16,0,,,2023-01-01..2026-06-16,211,211,2025-07-30,2026-06-15,56
SZ_001222,001222,SZ,price,success,2023-01-01,2026-06-16,0,,,2023-01-01..2026-06-16,833,833,2023-01-03,2026-06-15,76
SZ_001223,001223,SZ,price,success,2023-01-01,2026-06-16,0,,,2023-01-01..2026-06-16,833,833,2023-01-03,2026-06-15,79
SZ_001225,001225,SZ,price,success,2023-01-01,2026-06-16,0,,,2023-01-01..2026-06-16,802,802,2023-02-22,2026-06-15,71
SZ_001226,001226,SZ,price,success,2023-01-01,2026-06-16,0,,,2023-01-01..2026-06-16,833,833,2023-01-03,2026-06-15,79
SZ_001227,001227,SZ,price,success,2023-01-01,2026-06-16,0,,,2023-01-01..2026-06-16,833,833,2023-01-03,2026-06-15,80
SZ_001228,001228,SZ,price,success,2023-01-01,2026-06-16,0,,,2023-01-01..2026-06-16,833,833,2023-01-03,2026-06-15,70
SZ_001229,001229,SZ,price,success,2023-01-01,2026-06-16,0,,,2023-01-01..2026-06-16,833,833,2023-01-03,2026-06-15,72
SZ_001230,001230,SZ,price,success,2023-01-01,2026-06-16,0,,,2023-01-01..2026-06-16,833,833,2023-01-03,2026-06-15,70
SZ_001231,001231,SZ,price,success,2023-01-01,2026-06-16,0,,,2023-01-01..2026-06-16,833,833,2023-01-03,2026-06-15,76
SZ_001233,001233,SZ,price,success,2023-01-01,2026-06-16,0,,,2023-01-01..2026-06-16,133,133,2025-11-25,2026-06-15,55
SZ_001234,001234,SZ,price,success,2023-01-01,2026-06-16,0,,,2023-01-01..2026-06-16,833,833,2023-01-03,2026-06-15,72
SZ_001236,001236,SZ,price,success,2023-01-01,2026-06-16,0,,,2023-01-01..2026-06-16,833,833,2023-01-03,2026-06-15,72
SZ_001238,001238,SZ,price,success,2023-01-01,2026-06-16,0,,,2023-01-01..2026-06-16,833,833,2023-01-03,2026-06-15,75
SZ_001239,001239,SZ,price,success,2023-01-01,2026-06-16,0,,,2023-01-01..2026-06-16,605,605,2023-12-12,2026-06-15,65
SZ_001255,001255,SZ,price,success,2023-01-01,2026-06-16,0,,,2023-01-01..2026-06-16,833,833,2023-01-03,2026-06-15,73
SZ_001256,001256,SZ,price,success,2023-01-01,2026-06-16,0,,,2023-01-01..2026-06-16,833,833,2023-01-03,2026-06-15,82
SZ_001257,001257,SZ,price,success,2023-01-01,2026-06-16,0,,,2023-01-01..2026-06-16,51,51,2026-03-31,2026-06-15,58
SZ_001258,001258,SZ,price,success,2023-01-01,2026-06-16,0,,,2023-01-01..2026-06-16,833,833,2023-01-03,2026-06-15,82
SZ_001259,001259,SZ,price,success,2023-01-01,2026-06-16,0,,,2023-01-01..2026-06-16,833,833,2023-01-03,2026-06-15,72
SZ_001260,001260,SZ,price,success,2023-01-01,2026-06-16,0,,,2023-01-01..2026-06-16,806,806,2023-02-16,2026-06-15,69
SZ_001266,001266,SZ,price,success,2023-01-01,2026-06-16,0,,,2023-01-01..2026-06-16,833,833,2023-01-03,2026-06-15,74
SZ_001267,001267,SZ,price,success,2023-01-01,2026-06-16,0,,,2023-01-01..2026-06-16,829,829,2023-01-03,2026-06-15,70
SZ_001268,001268,SZ,price,success,2023-01-01,2026-06-16,0,,,2023-01-01..2026-06-16,833,833,2023-01-03,2026-06-15,73
SZ_001269,001269,SZ,price,success,2023-01-01,2026-06-16,0,,,2023-01-01..2026-06-16,833,833,2023-01-03,2026-06-15,72
SZ_001270,001270,SZ,price,success,2023-01-01,2026-06-16,0,,,2023-01-01..2026-06-16,832,832,2023-01-03,2026-06-15,81
SZ_001277,001277,SZ,price,success,2023-01-01,2026-06-16,0,,,2023-01-01..2026-06-16,428,428,2024-09-03,2026-06-15,63
SZ_001278,001278,SZ,price,success,2023-01-01,2026-06-16,0,,,2023-01-01..2026-06-16,792,792,2023-03-08,2026-06-15,70
SZ_001279,001279,SZ,price,success,2023-01-01,2026-06-16,0,,,2023-01-01..2026-06-16,407,407,2024-10-11,2026-06-15,63
SZ_001280,001280,SZ,price,success,2023-01-01,2026-06-16,0,,,2023-01-01..2026-06-16,127,127,2025-12-03,2026-06-15,60
SZ_001282,001282,SZ,price,success,2023-01-01,2026-06-16,0,,,2023-01-01..2026-06-16,741,741,2023-05-24,2026-06-15,71
SZ_001283,001283,SZ,price,success,2023-01-01,2026-06-16,0,,,2023-01-01..2026-06-16,833,833,2023-01-03,2026-06-15,72
SZ_001285,001285,SZ,price,success,2023-01-01,2026-06-16,0,,,2023-01-01..2026-06-16,167,167,2025-09-30,2026-06-15,58
SZ_001286,001286,SZ,price,success,2023-01-01,2026-06-16,0,,,2023-01-01..2026-06-16,770,770,2023-04-10,2026-06-15,78
SZ_001287,001287,SZ,price,success,2023-01-01,2026-06-16,0,,,2023-01-01..2026-06-16,770,770,2023-04-10,2026-06-15,75
SZ_001288,001288,SZ,price,success,2023-01-01,2026-06-16,0,,,2023-01-01..2026-06-16,833,833,2023-01-03,2026-06-15,74
SZ_001289,001289,SZ,price,success,2023-01-01,2026-06-16,0,,,2023-01-01..2026-06-16,833,833,2023-01-03,2026-06-15,71
SZ_001296,001296,SZ,price,success,2023-01-01,2026-06-16,0,,,2023-01-01..2026-06-16,833,833,2023-01-03,2026-06-15,73
SZ_001298,001298,SZ,price,success,2023-01-01,2026-06-16,0,,,2023-01-01..2026-06-16,833,833,2023-01-03,2026-06-15,71
SZ_001299,001299,SZ,price,success,2023-01-01,2026-06-16,0,,,2023-01-01..2026-06-16,833,833,2023-01-03,2026-06-15,73
SZ_001300,001300,SZ,price,success,2023-01-01,2026-06-16,0,,,2023-01-01..2026-06-16,833,833,2023-01-03,2026-06-15,74
SZ_001301,001301,SZ,price,success,2023-01-01,2026-06-16,0,,,2023-01-01..2026-06-16,833,833,2023-01-03,2026-06-15,79
SZ_001306,001306,SZ,price,success,2023-01-01,2026-06-16,0,,,2023-01-01..2026-06-16,623,623,2023-11-16,2026-06-15,68
SZ_001308,001308,SZ,price,success,2023-01-01,2026-06-16,0,,,2023-01-01..2026-06-16,833,833,2023-01-03,2026-06-15,109
SZ_001309,001309,SZ,price,success,2023-01-01,2026-06-16,0,,,2023-01-01..2026-06-16,833,833,2023-01-03,2026-06-15,71
SZ_001311,001311,SZ,price,success,2023-01-01,2026-06-16,0,,,2023-01-01..2026-06-16,799,799,2023-02-27,2026-06-15,76
SZ_001313,001313,SZ,price,success,2023-01-01,2026-06-16,0,,,2023-01-01..2026-06-16,833,833,2023-01-03,2026-06-15,75
SZ_001314,001314,SZ,price,success,2023-01-01,2026-06-16,0,,,2023-01-01..2026-06-16,799,799,2023-02-14,2026-06-15,71
SZ_001316,001316,SZ,price,success,2023-01-01,2026-06-16,0,,,2023-01-01..2026-06-16,833,833,2023-01-03,2026-06-15,71
SZ_001317,001317,SZ,price,success,2023-01-01,2026-06-16,0,,,2023-01-01..2026-06-16,833,833,2023-01-03,2026-06-15,78
SZ_001318,001318,SZ,price,success,2023-01-01,2026-06-16,0,,,2023-01-01..2026-06-16,833,833,2023-01-03,2026-06-15,70
SZ_001319,001319,SZ,price,success,2023-01-01,2026-06-16,0,,,2023-01-01..2026-06-16,833,833,2023-01-03,2026-06-15,81
SZ_001322,001322,SZ,price,success,2023-01-01,2026-06-16,0,,,2023-01-01..2026-06-16,833,833,2023-01-03,2026-06-15,81
SZ_001323,001323,SZ,price,success,2023-01-01,2026-06-16,0,,,2023-01-01..2026-06-16,833,833,2023-01-03,2026-06-15,73
SZ_001324,001324,SZ,price,success,2023-01-01,2026-06-16,0,,,2023-01-01..2026-06-16,743,743,2023-05-22,2026-06-15,71
SZ_001325,001325,SZ,price,success,2023-01-01,2026-06-16,0,,,2023-01-01..2026-06-16,116,116,2025-12-18,2026-06-15,144
SZ_001326,001326,SZ,price,success,2023-01-01,2026-06-16,0,,,2023-01-01..2026-06-16,628,628,2023-11-09,2026-06-15,68
SZ_001328,001328,SZ,price,success,2023-01-01,2026-06-16,0,,,2023-01-01..2026-06-16,770,770,2023-04-10,2026-06-15,145
SZ_001330,001330,SZ,price,success,2023-01-01,2026-06-16,0,,,2023-01-01..2026-06-16,833,833,2023-01-03,2026-06-15,77
SZ_001331,001331,SZ,price,success,2023-01-01,2026-06-16,0,,,2023-01-01..2026-06-16,815,815,2023-01-03,2026-05-27,171
SZ_001332,001332,SZ,price,success,2023-01-01,2026-06-16,0,,,2023-01-01..2026-06-16,833,833,2023-01-03,2026-06-15,94
SZ_001333,001333,SZ,price,success,2023-01-01,2026-06-16,0,,,2023-01-01..2026-06-16,833,833,2023-01-03,2026-06-15,247
SZ_001335,001335,SZ,price,success,2023-01-01,2026-06-16,0,,,2023-01-01..2026-06-16,283,283,2025-04-15,2026-06-15,77
SZ_001336,001336,SZ,price,success,2023-01-01,2026-06-16,0,,,2023-01-01..2026-06-16,833,833,2023-01-03,2026-06-15,143
SZ_001337,001337,SZ,price,success,2023-01-01,2026-06-16,0,,,2023-01-01..2026-06-16,795,795,2023-03-03,2026-06-15,88
SZ_001338,001338,SZ,price,success,2023-01-01,2026-06-16,0,,,2023-01-01..2026-06-16,833,833,2023-01-03,2026-06-15,169
SZ_001339,001339,SZ,price,success,2023-01-01,2026-06-16,0,,,2023-01-01..2026-06-16,833,833,2023-01-03,2026-06-15,81
SZ_001356,001356,SZ,price,success,2023-01-01,2026-06-16,0,,,2023-01-01..2026-06-16,334,334,2025-01-23,2026-06-15,279
SZ_001358,001358,SZ,price,success,2023-01-01,2026-06-16,0,,,2023-01-01..2026-06-16,598,598,2023-12-21,2026-06-15,67
SZ_001359,001359,SZ,price,success,2023-01-01,2026-06-16,0,,,2023-01-01..2026-06-16,535,535,2024-03-28,2026-06-15,180
SZ_001360,001360,SZ,price,success,2023-01-01,2026-06-16,0,,,2023-01-01..2026-06-16,770,770,2023-04-10,2026-06-15,170
SZ_001366,001366,SZ,price,success,2023-01-01,2026-06-16,0,,,2023-01-01..2026-06-16,793,793,2023-03-07,2026-06-15,75
SZ_001367,001367,SZ,price,success,2023-01-01,2026-06-16,0,,,2023-01-01..2026-06-16,770,770,2023-04-10,2026-06-15,165
SZ_001368,001368,SZ,price,success,2023-01-01,2026-06-16,0,,,2023-01-01..2026-06-16,789,789,2023-03-13,2026-06-15,175
SZ_001369,001369,SZ,price,success,2023-01-01,2026-06-16,0,,,2023-01-01..2026-06-16,108,108,2025-12-30,2026-06-15,58
SZ_001373,001373,SZ,price,success,2023-01-01,2026-06-16,0,,,2023-01-01..2026-06-16,735,735,2023-06-01,2026-06-15,173
SZ_001376,001376,SZ,price,success,2023-01-01,2026-06-16,0,,,2023-01-01..2026-06-16,632,632,2023-11-03,2026-06-15,166
SZ_001378,001378,SZ,price,success,2023-01-01,2026-06-16,0,,,2023-01-01..2026-06-16,636,636,2023-10-30,2026-06-15,77
SZ_001379,001379,SZ,price,success,2023-01-01,2026-06-16,0,,,2023-01-01..2026-06-16,578,578,2024-01-19,2026-06-15,169
SZ_001380,001380,SZ,price,success,2023-01-01,2026-06-16,0,,,2023-01-01..2026-06-16,747,747,2023-05-16,2026-06-15,163
SZ_001382,001382,SZ,price,success,2023-01-01,2026-06-16,0,,,2023-01-01..2026-06-16,299,299,2025-03-21,2026-06-15,60
SZ_001386,001386,SZ,price,success,2023-01-01,2026-06-16,0,,,2023-01-01..2026-06-16,157,157,2025-10-22,2026-06-15,171
SZ_001387,001387,SZ,price,success,2023-01-01,2026-06-16,0,,,2023-01-01..2026-06-16,584,584,2024-01-11,2026-06-15,173
SZ_001388,001388,SZ,price,success,2023-01-01,2026-06-16,0,,,2023-01-01..2026-06-16,232,232,2025-07-01,2026-06-15,57
SZ_001389,001389,SZ,price,success,2023-01-01,2026-06-16,0,,,2023-01-01..2026-06-16,532,532,2024-04-02,2026-06-15,148
SZ_001390,001390,SZ,price,success,2023-01-01,2026-06-16,0,,,2023-01-01..2026-06-16,254,254,2025-05-29,2026-06-15,59
SZ_001391,001391,SZ,price,success,2023-01-01,2026-06-16,0,,,2023-01-01..2026-06-16,351,351,2024-12-30,2026-06-15,144
SZ_001395,001395,SZ,price,success,2023-01-01,2026-06-16,0,,,2023-01-01..2026-06-16,332,332,2025-01-27,2026-06-15,61
SZ_001396,001396,SZ,price,success,2023-01-01,2026-06-16,0,,,2023-01-01..2026-06-16,108,108,2025-12-30,2026-06-15,87
SZ_001400,001400,SZ,price,success,2023-01-01,2026-06-16,0,,,2023-01-01..2026-06-16,276,276,2025-04-24,2026-06-15,73
SZ_001696,001696,SZ,price,success,2023-01-01,2026-06-16,0,,,2023-01-01..2026-06-16,833,833,2023-01-03,2026-06-15,75
SZ_001872,001872,SZ,price,success,2023-01-01,2026-06-16,0,,,2023-01-01..2026-06-16,833,833,2023-01-03,2026-06-15,76
SZ_001896,001896,SZ,price,success,2023-01-01,2026-06-16,0,,,2023-01-01..2026-06-16,833,833,2023-01-03,2026-06-15,69
SZ_001914,001914,SZ,price,success,2023-01-01,2026-06-16,0,,,2023-01-01..2026-06-16,833,833,2023-01-03,2026-06-15,73
SZ_001965,001965,SZ,price,success,2023-01-01,2026-06-16,0,,,2023-01-01..2026-06-16,833,833,2023-01-03,2026-06-15,72
SZ_001979,001979,SZ,price,success,2023-01-01,2026-06-16,0,,,2023-01-01..2026-06-16,833,833,2023-01-03,2026-06-15,75
SZ_002001,002001,SZ,price,success,2023-01-01,2026-06-16,0,,,2023-01-01..2026-06-16,833,833,2023-01-03,2026-06-15,70
SZ_002003,002003,SZ,price,success,2023-01-01,2026-06-16,0,,,2023-01-01..2026-06-16,833,833,2023-01-03,2026-06-15,73
SZ_002004,002004,SZ,price,success,2023-01-01,2026-06-16,0,,,2023-01-01..2026-06-16,833,833,2023-01-03,2026-06-15,69
SZ_002005,002005,SZ,price,success,2023-01-01,2026-06-16,0,,,2023-01-01..2026-06-16,833,833,2023-01-03,2026-06-15,77
SZ_002006,002006,SZ,price,success,2023-01-01,2026-06-16,0,,,2023-01-01..2026-06-16,833,833,2023-01-03,2026-06-15,70
SZ_002007,002007,SZ,price,success,2023-01-01,2026-06-16,0,,,2023-01-01..2026-06-16,833,833,2023-01-03,2026-06-15,80
SZ_002008,002008,SZ,price,success,2023-01-01,2026-06-16,0,,,2023-01-01..2026-06-16,833,833,2023-01-03,2026-06-15,70
SZ_002009,002009,SZ,price,success,2023-01-01,2026-06-16,0,,,2023-01-01..2026-06-16,833,833,2023-01-03,2026-06-15,74
SZ_002010,002010,SZ,price,success,2023-01-01,2026-06-16,0,,,2023-01-01..2026-06-16,833,833,2023-01-03,2026-06-15,69
SZ_002011,002011,SZ,price,success,2023-01-01,2026-06-16,0,,,2023-01-01..2026-06-16,833,833,2023-01-03,2026-06-15,75
SZ_002012,002012,SZ,price,success,2023-01-01,2026-06-16,0,,,2023-01-01..2026-06-16,833,833,2023-01-03,2026-06-15,69
SZ_002014,002014,SZ,price,success,2023-01-01,2026-06-16,0,,,2023-01-01..2026-06-16,833,833,2023-01-03,2026-06-15,71
SZ_002015,002015,SZ,price,success,2023-01-01,2026-06-16,0,,,2023-01-01..2026-06-16,833,833,2023-01-03,2026-06-15,72
SZ_002016,002016,SZ,price,success,2023-01-01,2026-06-16,0,,,2023-01-01..2026-06-16,829,829,2023-01-03,2026-06-15,73
SZ_002017,002017,SZ,price,success,2023-01-01,2026-06-16,0,,,2023-01-01..2026-06-16,833,833,2023-01-03,2026-06-15,72
SZ_002019,002019,SZ,price,success,2023-01-01,2026-06-16,0,,,2023-01-01..2026-06-16,833,833,2023-01-03,2026-06-15,70
SZ_002020,002020,SZ,price,success,2023-01-01,2026-06-16,0,,,2023-01-01..2026-06-16,833,833,2023-01-03,2026-06-15,73
SZ_002021,002021,SZ,price,success,2023-01-01,2026-06-16,0,,,2023-01-01..2026-06-16,830,830,2023-01-03,2026-06-15,70
SZ_002022,002022,SZ,price,success,2023-01-01,2026-06-16,0,,,2023-01-01..2026-06-16,832,832,2023-01-03,2026-06-15,72
SZ_002023,002023,SZ,price,success,2023-01-01,2026-06-16,0,,,2023-01-01..2026-06-16,833,833,2023-01-03,2026-06-15,71
SZ_002024,002024,SZ,price,success,2023-01-01,2026-06-16,0,,,2023-01-01..2026-06-16,833,833,2023-01-03,2026-06-15,71
SZ_002025,002025,SZ,price,success,2023-01-01,2026-06-16,0,,,2023-01-01..2026-06-16,833,833,2023-01-03,2026-06-15,73
SZ_002026,002026,SZ,price,success,2023-01-01,2026-06-16,0,,,2023-01-01..2026-06-16,833,833,2023-01-03,2026-06-15,72
SZ_002027,002027,SZ,price,success,2023-01-01,2026-06-16,0,,,2023-01-01..2026-06-16,833,833,2023-01-03,2026-06-15,73
SZ_002028,002028,SZ,price,success,2023-01-01,2026-06-16,0,,,2023-01-01..2026-06-16,833,833,2023-01-03,2026-06-15,70
SZ_002029,002029,SZ,price,success,2023-01-01,2026-06-16,0,,,2023-01-01..2026-06-16,833,833,2023-01-03,2026-06-15,72
SZ_002030,002030,SZ,price,success,2023-01-01,2026-06-16,0,,,2023-01-01..2026-06-16,833,833,2023-01-03,2026-06-15,74
SZ_002031,002031,SZ,price,success,2023-01-01,2026-06-16,0,,,2023-01-01..2026-06-16,833,833,2023-01-03,2026-06-15,71
SZ_002032,002032,SZ,price,success,2023-01-01,2026-06-16,0,,,2023-01-01..2026-06-16,833,833,2023-01-03,2026-06-15,70
SZ_002033,002033,SZ,price,success,2023-01-01,2026-06-16,0,,,2023-01-01..2026-06-16,833,833,2023-01-03,2026-06-15,72
SZ_002034,002034,SZ,price,success,2023-01-01,2026-06-16,0,,,2023-01-01..2026-06-16,833,833,2023-01-03,2026-06-15,72
SZ_002035,002035,SZ,price,success,2023-01-01,2026-06-16,0,,,2023-01-01..2026-06-16,833,833,2023-01-03,2026-06-15,72
SZ_002036,002036,SZ,price,success,2023-01-01,2026-06-16,0,,,2023-01-01..2026-06-16,828,828,2023-01-03,2026-06-15,71
SZ_002037,002037,SZ,price,success,2023-01-01,2026-06-16,0,,,2023-01-01..2026-06-16,833,833,2023-01-03,2026-06-15,72
SZ_002038,002038,SZ,price,success,2023-01-01,2026-06-16,0,,,2023-01-01..2026-06-16,833,833,2023-01-03,2026-06-15,72
SZ_002039,002039,SZ,price,success,2023-01-01,2026-06-16,0,,,2023-01-01..2026-06-16,833,833,2023-01-03,2026-06-15,78
SZ_002040,002040,SZ,price,success,2023-01-01,2026-06-16,0,,,2023-01-01..2026-06-16,833,833,2023-01-03,2026-06-15,70
SZ_002041,002041,SZ,price,success,2023-01-01,2026-06-16,0,,,2023-01-01..2026-06-16,833,833,2023-01-03,2026-06-15,79
SZ_002042,002042,SZ,price,success,2023-01-01,2026-06-16,0,,,2023-01-01..2026-06-16,833,833,2023-01-03,2026-06-15,69
SZ_002043,002043,SZ,price,success,2023-01-01,2026-06-16,0,,,2023-01-01..2026-06-16,833,833,2023-01-03,2026-06-15,72
SZ_002044,002044,SZ,price,success,2023-01-01,2026-06-16,0,,,2023-01-01..2026-06-16,833,833,2023-01-03,2026-06-15,75
SZ_002045,002045,SZ,price,success,2023-01-01,2026-06-16,0,,,2023-01-01..2026-06-16,833,833,2023-01-03,2026-06-15,74
SZ_002046,002046,SZ,price,success,2023-01-01,2026-06-16,0,,,2023-01-01..2026-06-16,833,833,2023-01-03,2026-06-15,75
SZ_002047,002047,SZ,price,success,2023-01-01,2026-06-16,0,,,2023-01-01..2026-06-16,823,823,2023-01-03,2026-06-15,71
SZ_002048,002048,SZ,price,success,2023-01-01,2026-06-16,0,,,2023-01-01..2026-06-16,833,833,2023-01-03,2026-06-15,75
SZ_002049,002049,SZ,price,success,2023-01-01,2026-06-16,0,,,2023-01-01..2026-06-16,833,833,2023-01-03,2026-06-15,84
SZ_002050,002050,SZ,price,success,2023-01-01,2026-06-16,0,,,2023-01-01..2026-06-16,833,833,2023-01-03,2026-06-15,78
SZ_002051,002051,SZ,price,success,2023-01-01,2026-06-16,0,,,2023-01-01..2026-06-16,833,833,2023-01-03,2026-06-15,70
SZ_002052,002052,SZ,price,success,2023-01-01,2026-06-16,0,,,2023-01-01..2026-06-16,821,821,2023-01-03,2026-06-15,73
SZ_002053,002053,SZ,price,success,2023-01-01,2026-06-16,0,,,2023-01-01..2026-06-16,833,833,2023-01-03,2026-06-15,82
SZ_002054,002054,SZ,price,success,2023-01-01,2026-06-16,0,,,2023-01-01..2026-06-16,833,833,2023-01-03,2026-06-15,72
SZ_002055,002055,SZ,price,success,2023-01-01,2026-06-16,0,,,2023-01-01..2026-06-16,833,833,2023-01-03,2026-06-15,74
SZ_002056,002056,SZ,price,success,2023-01-01,2026-06-16,0,,,2023-01-01..2026-06-16,833,833,2023-01-03,2026-06-15,72
SZ_002057,002057,SZ,price,success,2023-01-01,2026-06-16,0,,,2023-01-01..2026-06-16,833,833,2023-01-03,2026-06-15,72
SZ_002058,002058,SZ,price,success,2023-01-01,2026-06-16,0,,,2023-01-01..2026-06-16,831,831,2023-01-03,2026-06-15,69
SZ_002059,002059,SZ,price,success,2023-01-01,2026-06-16,0,,,2023-01-01..2026-06-16,833,833,2023-01-03,2026-06-15,74
SZ_002060,002060,SZ,price,success,2023-01-01,2026-06-16,0,,,2023-01-01..2026-06-16,833,833,2023-01-03,2026-06-15,80
SZ_002061,002061,SZ,price,success,2023-01-01,2026-06-16,0,,,2023-01-01..2026-06-16,833,833,2023-01-03,2026-06-15,80
SZ_002062,002062,SZ,price,success,2023-01-01,2026-06-16,0,,,2023-01-01..2026-06-16,833,833,2023-01-03,2026-06-15,71
SZ_002063,002063,SZ,price,success,2023-01-01,2026-06-16,0,,,2023-01-01..2026-06-16,833,833,2023-01-03,2026-06-15,70
SZ_002064,002064,SZ,price,success,2023-01-01,2026-06-16,0,,,2023-01-01..2026-06-16,829,829,2023-01-03,2026-06-15,75
SZ_002065,002065,SZ,price,success,2023-01-01,2026-06-16,0,,,2023-01-01..2026-06-16,833,833,2023-01-03,2026-06-15,72
SZ_002066,002066,SZ,price,success,2023-01-01,2026-06-16,0,,,2023-01-01..2026-06-16,833,833,2023-01-03,2026-06-15,70
SZ_002067,002067,SZ,price,success,2023-01-01,2026-06-16,0,,,2023-01-01..2026-06-16,833,833,2023-01-03,2026-06-15,79
SZ_002068,002068,SZ,price,success,2023-01-01,2026-06-16,0,,,2023-01-01..2026-06-16,833,833,2023-01-03,2026-06-15,71
SZ_002069,002069,SZ,price,success,2023-01-01,2026-06-16,0,,,2023-01-01..2026-06-16,832,832,2023-01-03,2026-06-15,71
SZ_002072,002072,SZ,price,success,2023-01-01,2026-06-16,0,,,2023-01-01..2026-06-16,833,833,2023-01-03,2026-06-15,71
SZ_002073,002073,SZ,price,success,2023-01-01,2026-06-16,0,,,2023-01-01..2026-06-16,833,833,2023-01-03,2026-06-15,74
SZ_002074,002074,SZ,price,success,2023-01-01,2026-06-16,0,,,2023-01-01..2026-06-16,833,833,2023-01-03,2026-06-15,68
SZ_002075,002075,SZ,price,success,2023-01-01,2026-06-16,0,,,2023-01-01..2026-06-16,833,833,2023-01-03,2026-06-15,71
SZ_002076,002076,SZ,price,success,2023-01-01,2026-06-16,0,,,2023-01-01..2026-06-16,831,831,2023-01-03,2026-06-15,74
SZ_002077,002077,SZ,price,success,2023-01-01,2026-06-16,0,,,2023-01-01..2026-06-16,833,833,2023-01-03,2026-06-15,71
