stock_code,exchange,local_size,selection_stratum,selection_reason,data_cutoff,full_market_download_performed,status,error,event_count,complete_event_count,earliest_event,latest_event,total_shares_valid,circulating_shares_valid,change_date_missing_rate,announcement_date_missing_rate,event_date_incomplete_count,duplicate_events,C2_estimated,future_performance_accessed
000001,SZ,212300745108.0,SZ_MAIN_LARGE,deterministic_board_size_history_coverage,2026-08-20,False,FAILED,"SSLError:HTTPSConnectionPool(host='webapi.cninfo.com.cn', port=443): Max retries exceeded with url: /api/stock/p_stock2215?scode=000001&sdate=2020-01-01&edate=2026-08-20 (Caused by SSLError(SSLEOFError(8, '[SSL: UNEXPECTED_EOF_WHILE_READING] EOF occurred in violation of protocol (_ssl.c:1028)')))",,,,,,,,,,,False,False
000002,SZ,36627278165.0,SZ_MAIN_LARGE,deterministic_board_size_history_coverage,2026-08-20,False,SUCCESS,,18.0,18.0,2020-06-11,2025-12-31,18.0,18.0,0.0,0.0,0.0,0.0,False,False
000004,SZ,365369578.32,SZ_MAIN_SMALL,deterministic_board_size_history_coverage,2026-08-20,False,FAILED,KeyError:'公告日期',,,,,,,,,,,False,False
000006,SZ,10705460350.0,SZ_MAIN_MID,deterministic_board_size_history_coverage,2026-08-20,False,SUCCESS,,12.0,12.0,2020-06-30,2025-12-31,12.0,12.0,0.0,0.0,0.0,0.0,False,False
001220,SZ,2849915200.0,SZ_MAIN_SMALL,deterministic_board_size_history_coverage,2026-08-20,False,SUCCESS,,3.0,3.0,2025-12-31,2026-08-03,3.0,2.0,0.0,0.0,0.0,0.0,False,False
001233,SZ,9413968446.0,SZ_MAIN_MID,deterministic_board_size_history_coverage,2026-08-20,False,SUCCESS,,3.0,3.0,2025-11-25,2026-05-25,3.0,3.0,0.0,0.0,0.0,0.0,False,False
300001,SZ,41176525677.0,CHINEXT_LARGE,deterministic_board_size_history_coverage,2026-08-20,False,SUCCESS,,24.0,24.0,2020-06-30,2026-07-17,24.0,24.0,0.0,0.0,0.0,0.0,False,False
300002,SZ,14871834684.0,CHINEXT_LARGE,deterministic_board_size_history_coverage,2026-08-20,False,SUCCESS,,18.0,18.0,2020-01-21,2025-12-31,18.0,18.0,0.0,0.0,0.0,0.0,False,False
300003,SZ,21752412640.0,CHINEXT_LARGE,deterministic_board_size_history_coverage,2026-08-20,False,SUCCESS,,34.0,34.0,2020-06-30,2026-03-30,34.0,34.0,0.0,0.0,0.0,0.0,False,False
300005,SZ,15553158720.0,CHINEXT_LARGE,deterministic_board_size_history_coverage,2026-08-20,False,SUCCESS,,19.0,19.0,2020-01-17,2026-03-18,19.0,19.0,0.0,0.0,0.0,0.0,False,False
300007,SZ,13160038664.0,CHINEXT_LARGE,deterministic_board_size_history_coverage,2026-08-20,False,SUCCESS,,16.0,16.0,2020-06-30,2025-12-31,16.0,16.0,0.0,0.0,0.0,0.0,False,False
300008,SZ,11698757684.0,CHINEXT_LARGE,deterministic_board_size_history_coverage,2026-08-20,False,SUCCESS,,17.0,17.0,2020-06-01,2025-12-31,17.0,17.0,0.0,0.0,0.0,0.0,False,False
300201,SZ,18233417978.0,CHINEXT_LARGE,deterministic_board_size_history_coverage,2026-08-20,False,SUCCESS,,18.0,18.0,2020-06-30,2025-12-31,18.0,18.0,0.0,0.0,0.0,0.0,False,False
300213,SZ,4059510628.0,CHINEXT_SMALL,deterministic_board_size_history_coverage,2026-08-20,False,SUCCESS,,27.0,27.0,2020-06-30,2026-06-30,27.0,27.0,0.0,0.0,0.0,0.0,False,False
300221,SZ,7262659321.0,CHINEXT_MID,deterministic_board_size_history_coverage,2026-08-20,False,SUCCESS,,30.0,30.0,2020-03-02,2026-07-23,30.0,30.0,0.0,0.0,0.0,0.0,False,False
300344,SZ,160426604.0,CHINEXT_SMALL,deterministic_board_size_history_coverage,2026-08-20,False,FAILED,KeyError:'公告日期',,,,,,,,,,,False,False
300750,SZ,1866982833663.0,CHINEXT_LARGE,deterministic_board_size_history_coverage,2026-08-20,False,SUCCESS,,67.0,67.0,2020-04-24,2026-07-24,67.0,67.0,0.0,0.0,0.0,0.0,False,False
301683,SZ,8546605265.0,CHINEXT_MID,deterministic_board_size_history_coverage,2026-08-20,False,SUCCESS,,2.0,2.0,2025-12-31,2026-04-01,2.0,1.0,0.0,0.0,0.0,0.0,False,False
600006,SH,11500000000.0,SH_MAIN_MID,deterministic_board_size_history_coverage,2026-08-20,False,SUCCESS,,12.0,12.0,2020-06-30,2025-12-31,12.0,12.0,0.0,0.0,0.0,0.0,False,False
600051,SH,1911912000.0,SH_MAIN_SMALL,deterministic_board_size_history_coverage,2026-08-20,False,SUCCESS,,12.0,12.0,2020-06-30,2025-12-31,12.0,12.0,0.0,0.0,0.0,0.0,False,False
600519,SH,1569689962672.0,SH_MAIN_LARGE,deterministic_board_size_history_coverage,2026-08-20,False,SUCCESS,,16.0,16.0,2020-06-30,2026-06-30,16.0,16.0,0.0,0.0,0.0,0.0,False,False
601698,SH,142953202342.0,SH_MAIN_LARGE,deterministic_board_size_history_coverage,2026-08-20,False,SUCCESS,,16.0,16.0,2020-06-29,2025-12-31,16.0,16.0,0.0,0.0,0.0,0.0,False,False
603284,SH,2975113860.0,SH_MAIN_SMALL,deterministic_board_size_history_coverage,2026-08-20,False,SUCCESS,,4.0,4.0,2025-12-31,2026-08-10,4.0,3.0,0.0,0.0,0.0,0.0,False,False
603293,SH,7179744479.0,SH_MAIN_MID,deterministic_board_size_history_coverage,2026-08-20,False,SUCCESS,,2.0,2.0,2026-04-16,2026-06-30,2.0,2.0,0.0,0.0,0.0,0.0,False,False
688001,SH,33311393984.0,STAR_LARGE,deterministic_board_size_history_coverage,2026-08-20,False,SUCCESS,,43.0,43.0,2020-01-22,2026-05-18,43.0,43.0,0.0,0.0,0.0,0.0,False,False
688004,SH,1597755600.0,STAR_SMALL,deterministic_board_size_history_coverage,2026-08-20,False,SUCCESS,,20.0,20.0,2020-06-12,2025-12-31,20.0,20.0,0.0,0.0,0.0,0.0,False,False
688007,SH,6043945140.0,STAR_MID,deterministic_board_size_history_coverage,2026-08-20,False,SUCCESS,,30.0,30.0,2020-01-22,2025-12-31,30.0,30.0,0.0,0.0,0.0,0.0,False,False
688755,SH,2887456000.0,STAR_SMALL,deterministic_board_size_history_coverage,2026-08-20,False,SUCCESS,,7.0,7.0,2025-05-16,2026-06-30,7.0,7.0,0.0,0.0,0.0,0.0,False,False
688811,SH,15035157792.0,STAR_LARGE,deterministic_board_size_history_coverage,2026-08-20,False,SUCCESS,,1.0,1.0,2026-04-10,2026-04-10,1.0,1.0,0.0,0.0,0.0,0.0,False,False
688816,SH,6337000000.0,STAR_MID,deterministic_board_size_history_coverage,2026-08-20,False,SUCCESS,,3.0,3.0,2025-12-31,2026-08-11,3.0,2.0,0.0,0.0,0.0,0.0,False,False
